# path	song	bpm	source (auto: from tools/bpm/bpm.py, checked: by ear; bpm 0 = no clear tempo)
MUSICIANS/0-9/20CC/Greystorm.sid	1	125	auto
MUSICIANS/0-9/20CC/Greystorm.sid	3	125	auto
MUSICIANS/0-9/20CC/Greystorm.sid	8	124	auto
MUSICIANS/0-9/20CC/Greystorm.sid	9	125	auto
MUSICIANS/0-9/20CC/Greystorm.sid	10	83	auto
MUSICIANS/0-9/20CC/Greystorm.sid	11	125	auto
MUSICIANS/0-9/20CC/Hip_House.sid	1	125	auto
MUSICIANS/0-9/20CC/I_Wanna_Dance.sid	1	125	auto
MUSICIANS/0-9/20CC/Paul_Falco/Bomberboy.sid	2	125	auto
MUSICIANS/0-9/20CC/Paul_Falco/Lambada.sid	1	124	auto
MUSICIANS/0-9/20CC/Paul_Falco/Peanut_Pleasure.sid	1	124	auto
MUSICIANS/0-9/20CC/Paul_Falco/Sample_V1.sid	1	124	auto
MUSICIANS/0-9/20CC/Paul_Falco/So-Phisticated_III_part_6.sid	1	107	auto
MUSICIANS/0-9/20CC/Paul_Falco/Spijkerhoek_3.sid	1	125	auto
MUSICIANS/0-9/20CC/Paul_Falco/T_D_T_F.sid	1	125	auto
MUSICIANS/0-9/20CC/Paul_Falco/Words.sid	1	125	auto
MUSICIANS/0-9/20CC/TV_Tunes_Mix.sid	1	125	auto
MUSICIANS/0-9/20CC/TV_Tunes_Mix_v2.sid	1	125	auto
MUSICIANS/0-9/20CC/van_Santen_Edwin/1988_Top_40_MEGAMIX.sid	1	125	auto
MUSICIANS/0-9/20CC/van_Santen_Edwin/Airwolf_Mix_v2.sid	1	125	auto
MUSICIANS/0-9/20CC/van_Santen_Edwin/Amtrak.sid	1	124	auto
MUSICIANS/0-9/20CC/van_Santen_Edwin/Big_Fun_tune_5.sid	1	125	auto
MUSICIANS/0-9/20CC/van_Santen_Edwin/Blue_Monday_88.sid	1	125	auto
MUSICIANS/0-9/20CC/van_Santen_Edwin/Boogy_Woogy.sid	1	151	auto
MUSICIANS/0-9/20CC/van_Santen_Edwin/Childrens_Songs_V2.sid	1	125	auto
MUSICIANS/0-9/20CC/van_Santen_Edwin/Conquestador.sid	1	124	auto
MUSICIANS/0-9/20CC/van_Santen_Edwin/Conquestador.sid	2	124	auto
MUSICIANS/0-9/20CC/van_Santen_Edwin/Cosmic_Cyclon_End-Tune.sid	1	125	auto
MUSICIANS/0-9/20CC/van_Santen_Edwin/Cosmic_Cyclon_Introsax_short.sid	1	124	auto
MUSICIANS/0-9/20CC/van_Santen_Edwin/Cyberfunk.sid	1	125	auto
MUSICIANS/0-9/20CC/van_Santen_Edwin/Dapo_Tunes.sid	1	125	auto
MUSICIANS/0-9/20CC/van_Santen_Edwin/Dolphinforce.sid	1	124	auto
MUSICIANS/0-9/20CC/van_Santen_Edwin/Dolphinforce.sid	2	125	auto
MUSICIANS/0-9/20CC/van_Santen_Edwin/Dolphinforce_v2.sid	1	124	auto
MUSICIANS/0-9/20CC/van_Santen_Edwin/Dolphinforce_v2.sid	2	125	auto
MUSICIANS/0-9/20CC/van_Santen_Edwin/Dolphinforce_v3.sid	1	125	auto
MUSICIANS/0-9/20CC/van_Santen_Edwin/Dolphinforce_v3.sid	2	124	auto
MUSICIANS/0-9/20CC/van_Santen_Edwin/Dutch_Breeze_Advertisement.sid	1	125	auto
MUSICIANS/0-9/20CC/van_Santen_Edwin/Dutch_Breeze_Advertisement_v2.sid	1	125	auto
MUSICIANS/0-9/20CC/van_Santen_Edwin/Edwins_Dream.sid	1	125	auto
MUSICIANS/0-9/20CC/van_Santen_Edwin/Enigma_Intro_Tune.sid	1	123	auto
MUSICIANS/0-9/20CC/van_Santen_Edwin/Final_Axel.sid	1	125	auto
MUSICIANS/0-9/20CC/van_Santen_Edwin/Fire_Intro.sid	1	125	auto
MUSICIANS/0-9/20CC/van_Santen_Edwin/Greystorm_unused_hi-score.sid	1	125	auto
MUSICIANS/0-9/20CC/van_Santen_Edwin/Greystorm_unused_level_2.sid	1	83	auto
MUSICIANS/0-9/20CC/van_Santen_Edwin/Groove_Is_in_the_Heart.sid	1	124	auto
MUSICIANS/0-9/20CC/van_Santen_Edwin/I_Just_Dont_Have_the_Heart.sid	1	124	auto
MUSICIANS/0-9/20CC/van_Santen_Edwin/Im_Your_Baby_Tonight.sid	1	125	auto
MUSICIANS/0-9/20CC/van_Santen_Edwin/Just_Cool.sid	1	125	auto
MUSICIANS/0-9/20CC/van_Santen_Edwin/Layla_Mix.sid	1	125	auto
MUSICIANS/0-9/20CC/van_Santen_Edwin/Learn_It_the_Hard_Way.sid	1	125	auto
MUSICIANS/0-9/20CC/van_Santen_Edwin/Learn_It_the_Hard_Way_v1.sid	1	125	auto
MUSICIANS/0-9/20CC/van_Santen_Edwin/Megamix_II_C64.sid	1	125	auto
MUSICIANS/0-9/20CC/van_Santen_Edwin/Megamix_II_C64_v2.sid	1	125	auto
MUSICIANS/0-9/20CC/van_Santen_Edwin/Nexion.sid	1	125	auto
MUSICIANS/0-9/20CC/van_Santen_Edwin/Nexion.sid	2	125	auto
MUSICIANS/0-9/20CC/van_Santen_Edwin/No_Mercy.sid	1	125	auto
MUSICIANS/0-9/20CC/van_Santen_Edwin/No_Mercy.sid	3	125	auto
MUSICIANS/0-9/20CC/van_Santen_Edwin/Note_advertising_intro.sid	1	125	auto
MUSICIANS/0-9/20CC/van_Santen_Edwin/PCW-Tune_88.sid	1	125	auto
MUSICIANS/0-9/20CC/van_Santen_Edwin/Paradise.sid	1	124	auto
MUSICIANS/0-9/20CC/van_Santen_Edwin/Phalanx.sid	1	125	auto
MUSICIANS/0-9/20CC/van_Santen_Edwin/Popcorn_Mix.sid	1	125	auto
MUSICIANS/0-9/20CC/van_Santen_Edwin/Revolution.sid	1	125	auto
MUSICIANS/0-9/20CC/van_Santen_Edwin/Roodkapje.sid	1	125	auto
MUSICIANS/0-9/20CC/van_Santen_Edwin/S_addamskis_Killer.sid	1	125	auto
MUSICIANS/0-9/20CC/van_Santen_Edwin/Scratching_Zwaantjes.sid	1	107	auto
MUSICIANS/0-9/20CC/van_Santen_Edwin/Sindision.sid	1	125	auto
MUSICIANS/0-9/20CC/van_Santen_Edwin/Sindision.sid	2	125	auto
MUSICIANS/0-9/20CC/van_Santen_Edwin/Sindision.sid	3	124	auto
MUSICIANS/0-9/20CC/van_Santen_Edwin/So-Phisticated_III_loader.sid	1	125	auto
MUSICIANS/0-9/20CC/van_Santen_Edwin/So-Phisticated_III_part_1.sid	1	124	auto
MUSICIANS/0-9/20CC/van_Santen_Edwin/So-Phisticated_III_part_2.sid	1	125	auto
MUSICIANS/0-9/20CC/van_Santen_Edwin/So-Phisticated_III_part_3.sid	1	125	auto
MUSICIANS/0-9/20CC/van_Santen_Edwin/So-Phisticated_III_part_5.sid	1	124	auto
MUSICIANS/0-9/20CC/van_Santen_Edwin/Somewhere_Minor.sid	1	124	auto
MUSICIANS/0-9/20CC/van_Santen_Edwin/Spijkerhoek.sid	1	125	auto
MUSICIANS/0-9/20CC/van_Santen_Edwin/Spijkerhoek_2.sid	1	124	auto
MUSICIANS/0-9/20CC/van_Santen_Edwin/Strike_It_Up.sid	1	125	auto
MUSICIANS/0-9/20CC/van_Santen_Edwin/Take_on_Me.sid	1	151	auto
MUSICIANS/0-9/20CC/van_Santen_Edwin/This_Is_Your_Life.sid	1	111	auto
MUSICIANS/0-9/20CC/van_Santen_Edwin/Tribute.sid	1	94	auto
MUSICIANS/0-9/20CC/van_Santen_Edwin/Vlindertjes.sid	1	124	auto
MUSICIANS/0-9/2121/8_Days_a_Week.sid	1	144	auto
MUSICIANS/0-9/2121/And_I_Love_Her.sid	1	116	auto
MUSICIANS/0-9/2121/Apache.sid	1	94	auto
MUSICIANS/0-9/2121/Circus_Renz.sid	1	144	auto
MUSICIANS/0-9/2121/Comment_Ca_Va.sid	1	144	auto
MUSICIANS/0-9/2121/Elisabethan_Serenade.sid	1	96	auto
MUSICIANS/0-9/2121/Fool_on_the_Hill.sid	1	106	auto
MUSICIANS/0-9/2121/Guardian_Angel.sid	1	115	auto
MUSICIANS/0-9/2121/Here_There.sid	1	106	auto
MUSICIANS/0-9/2121/I_Just_Called.sid	1	84	auto
MUSICIANS/0-9/2121/I_Saved_the_Day.sid	1	108	auto
MUSICIANS/0-9/2121/Ik_verscheurde_je_foto.sid	1	87	auto
MUSICIANS/0-9/2121/Josephine.sid	1	79	auto
MUSICIANS/0-9/2121/Mi_Amor.sid	1	112	auto
MUSICIANS/0-9/2121/Nicole.sid	1	124	auto
MUSICIANS/0-9/2121/Rock_Around_the_Clock.sid	1	116	auto
MUSICIANS/0-9/2121/Santa_Lucia.sid	1	86	auto
MUSICIANS/0-9/2121/Schlagerfestival.sid	1	118	auto
MUSICIANS/0-9/2121/So_Long_Marianne.sid	1	115	auto
MUSICIANS/0-9/2121/Tango_D_Amor.sid	1	120	auto
MUSICIANS/0-9/2121/Tanze_mit_mir.sid	1	135	auto
MUSICIANS/0-9/2121/Troop.sid	1	144	auto
MUSICIANS/0-9/2121/Wheels.sid	1	121	auto
MUSICIANS/0-9/2121/Zaterdagavond.sid	1	115	auto
MUSICIANS/0-9/2121/Zeeman.sid	1	125	auto
MUSICIANS/0-9/2222/A_Passing_Storm.sid	1	112	auto
MUSICIANS/0-9/2222/Abide_with_Me.sid	1	144	auto
MUSICIANS/0-9/2222/Bouzoukis_Klinken.sid	1	96	auto
MUSICIANS/0-9/2222/Cowboy_Medley.sid	1	91	auto
MUSICIANS/0-9/2222/Duizend_Liedjes.sid	1	96	auto
MUSICIANS/0-9/2222/Early_Morning.sid	1	96	auto
MUSICIANS/0-9/2222/Heartbreaker.sid	1	144	auto
MUSICIANS/0-9/2222/La_Raspa.sid	1	135	auto
MUSICIANS/0-9/2222/Whiz_Kids.sid	1	144	auto
MUSICIANS/0-9/2222/Yellow_Bird.sid	1	124	auto
MUSICIANS/0-9/2NY/Heavy-Beat.sid	1	107	auto
MUSICIANS/0-9/4-Mat/AY_Tester.sid	1	125	auto
MUSICIANS/0-9/4-Mat/And_Again.sid	1	125	auto
MUSICIANS/0-9/4-Mat/Backlog_tune_7.sid	1	111	auto
MUSICIANS/0-9/4-Mat/Bad_Scene_Poetry.sid	1	124	auto
MUSICIANS/0-9/4-Mat/Bad_Scene_Poets_Are_Back_part_2.sid	1	75	auto
MUSICIANS/0-9/4-Mat/Best_Intro_Ever.sid	1	125	auto
MUSICIANS/0-9/4-Mat/Bit_Like_Johannes.sid	1	94	auto
MUSICIANS/0-9/4-Mat/Bleep_Bloop.sid	1	125	auto
MUSICIANS/0-9/4-Mat/Boing.sid	2	125	auto
MUSICIANS/0-9/4-Mat/Chipsynth_C64_Demo.sid	1	125	auto
MUSICIANS/0-9/4-Mat/Comets_Trilogy_Menu.sid	1	83	auto
MUSICIANS/0-9/4-Mat/Cosine_Theme.sid	1	125	auto
MUSICIANS/0-9/4-Mat/Cyberwing-Loader.sid	1	125	auto
MUSICIANS/0-9/4-Mat/Elf_Caper.sid	1	111	auto
MUSICIANS/0-9/4-Mat/Empty_512_bytes.sid	1	107	auto
MUSICIANS/0-9/4-Mat/First_One.sid	1	125	auto
MUSICIANS/0-9/4-Mat/Grell_and_Falla.sid	1	125	auto
MUSICIANS/0-9/4-Mat/Halloween_1K.sid	1	138	auto
MUSICIANS/0-9/4-Mat/Hawk.sid	1	125	auto
MUSICIANS/0-9/4-Mat/Icecream_end_Remix.sid	1	124	auto
MUSICIANS/0-9/4-Mat/Illusion_Remix_Edit.sid	1	125	auto
MUSICIANS/0-9/4-Mat/In_a_Loop.sid	1	125	auto
MUSICIANS/0-9/4-Mat/In_a_Loop_note.sid	1	125	auto
MUSICIANS/0-9/4-Mat/Intro_Loader.sid	1	125	auto
MUSICIANS/0-9/4-Mat/Jungle.sid	1	124	auto
MUSICIANS/0-9/4-Mat/Mini_Melodies.sid	1	125	auto
MUSICIANS/0-9/4-Mat/Mini_Melodies_Compilation.sid	1	125	auto
MUSICIANS/0-9/4-Mat/Mini_Melodies_Compilation.sid	3	107	auto
MUSICIANS/0-9/4-Mat/Miracle_Remix.sid	1	123	auto
MUSICIANS/0-9/4-Mat/Mus1k.sid	2	94	auto
MUSICIANS/0-9/4-Mat/Mus1k.sid	3	150	auto
MUSICIANS/0-9/4-Mat/Mus1k.sid	4	125	auto
MUSICIANS/0-9/4-Mat/No_Idea.sid	1	125	auto
MUSICIANS/0-9/4-Mat/Paranoimia.sid	1	150	auto
MUSICIANS/0-9/4-Mat/Patchwork_Demotrack_1.sid	1	125	auto
MUSICIANS/0-9/4-Mat/Patchwork_Demotrack_3.sid	1	75	auto
MUSICIANS/0-9/4-Mat/Plasma303.sid	1	128	auto
MUSICIANS/0-9/4-Mat/Promises_Promises.sid	1	125	auto
MUSICIANS/0-9/4-Mat/Psykozone-Ingame_Final.sid	1	150	auto
MUSICIANS/0-9/4-Mat/Psykozone.sid	1	125	auto
MUSICIANS/0-9/4-Mat/Psykozone.sid	2	83	auto
MUSICIANS/0-9/4-Mat/Relief_reSID_likes_me.sid	1	125	auto
MUSICIANS/0-9/4-Mat/Saturday.sid	1	125	auto
MUSICIANS/0-9/4-Mat/Sounds.sid	1	124	auto
MUSICIANS/0-9/4-Mat/Spec_48k_Ping_Pong_Remix.sid	1	125	auto
MUSICIANS/0-9/4-Mat/Stars.sid	1	125	auto
MUSICIANS/0-9/4-Mat/Station_Surge.sid	1	111	auto
MUSICIANS/0-9/4-Mat/Street_Hawk.sid	1	150	auto
MUSICIANS/0-9/4-Mat/Sub.sid	1	125	auto
MUSICIANS/0-9/4-Mat/Tiger_Mission_Hiscore_cover.sid	1	137	auto
MUSICIANS/0-9/4-Mat/Titanic.sid	1	125	auto
MUSICIANS/0-9/4-Mat/Type_Mismatch.sid	1	75	auto
MUSICIANS/0-9/4-Mat/Unused_Demo_2_Remix.sid	1	124	auto
MUSICIANS/0-9/4-Mat/Very_Bland.sid	1	125	auto
MUSICIANS/0-9/4-Mat/Viola_Duet.sid	1	125	auto
MUSICIANS/0-9/4-Mat/Warpzone.sid	1	151	auto
MUSICIANS/0-9/4-Mat/Warpzone.sid	2	125	auto
MUSICIANS/0-9/4-Mat/Warpzone.sid	3	125	auto
MUSICIANS/0-9/4-Mat/Warpzone.sid	5	124	auto
MUSICIANS/0-9/4-Mat/Warpzone.sid	7	125	auto
MUSICIANS/0-9/4-Mat/Warpzone.sid	8	94	auto
MUSICIANS/0-9/4-Mat/fUJi_Intro_2.sid	1	116	auto
MUSICIANS/0-9/4-Mat/fUJi_Intro_3.sid	1	150	auto
MUSICIANS/0-9/4-Mat/fUJi_Intro_4.sid	1	124	auto
MUSICIANS/0-9/451/2_Souls_1_Body.sid	1	84	auto
MUSICIANS/0-9/451/A_Letter_from_the_Quarantine_Directory.sid	1	124	auto
MUSICIANS/0-9/451/First_SID_Blood.sid	1	125	auto
MUSICIANS/0-9/451/Laika.sid	1	125	auto
MUSICIANS/0-9/4753_Softcopy/A_New_Love.sid	1	108	auto
MUSICIANS/0-9/4753_Softcopy/Bass_Is_OK.sid	1	112	auto
MUSICIANS/0-9/4753_Softcopy/Beat_Dis_2.sid	1	110	auto
MUSICIANS/0-9/4753_Softcopy/Best_O_Joint_Short-Mix.sid	1	107	auto
MUSICIANS/0-9/4753_Softcopy/Bomb_Europe_Telephone-mix.sid	1	118	auto
MUSICIANS/0-9/4753_Softcopy/Chicago_Radio_Mix.sid	1	123	auto
MUSICIANS/0-9/4753_Softcopy/DJ_4753s_Drum_Exercise.sid	1	108	auto
MUSICIANS/0-9/4753_Softcopy/DJ_4753s_Mega_M_U_S_I_C.sid	1	118	auto
MUSICIANS/0-9/4753_Softcopy/DJ_4753s_Shannon_Remix.sid	1	114	auto
MUSICIANS/0-9/4753_Softcopy/Debbies_Rap_Machine.sid	1	108	auto
MUSICIANS/0-9/4753_Softcopy/Der_Blonde_Hans_Albers.sid	1	99	auto
MUSICIANS/0-9/4753_Softcopy/INXS_Preview_Sound_Sample.sid	1	114	auto
MUSICIANS/0-9/4753_Softcopy/I_Feel_for_You.sid	1	124	auto
MUSICIANS/0-9/4753_Softcopy/I_Need_U_2night_S_fly_Guy.sid	1	114	auto
MUSICIANS/0-9/4753_Softcopy/Loads_of_Money_Cashmix.sid	1	113	auto
MUSICIANS/0-9/4753_Softcopy/Lord_Helmchens_Disco.sid	1	113	auto
MUSICIANS/0-9/4753_Softcopy/Movie_Chaos_Mix.sid	1	115	auto
MUSICIANS/0-9/4753_Softcopy/NFC_Copyparty-Boogie.sid	1	110	auto
MUSICIANS/0-9/4753_Softcopy/NFC_Copyparty_Acapella.sid	1	109	auto
MUSICIANS/0-9/4753_Softcopy/Paid_in_Fuff.sid	1	96	auto
MUSICIANS/0-9/4753_Softcopy/Princes_Time_Is_Over.sid	1	92	auto
MUSICIANS/0-9/4753_Softcopy/Push_It.sid	1	127	auto
MUSICIANS/0-9/4753_Softcopy/Scrambled_Artists_vol_2.sid	1	109	auto
MUSICIANS/0-9/4753_Softcopy/Steven_Carrington_got_AIDS.sid	1	114	auto
MUSICIANS/0-9/4753_Softcopy/Theme_from_S-Express.sid	1	114	auto
MUSICIANS/0-9/4753_Softcopy/Unthinkable-Happens-Mix.sid	1	115	auto
MUSICIANS/0-9/4gente/Guns_Freak_Me_Out.sid	1	125	auto
MUSICIANS/0-9/4gente/Thanks.sid	1	125	auto
MUSICIANS/0-9/4wd-soft/Bass_Rumble.sid	1	120	auto
MUSICIANS/0-9/4wd-soft/Canone_in_Re.sid	1	106	auto
MUSICIANS/0-9/4wd-soft/Durlindana_und_Excalibur.sid	1	115	auto
MUSICIANS/0-9/4wd-soft/Ghost_in_Blue.sid	1	129	auto
MUSICIANS/0-9/4wd-soft/Metal_Disco.sid	1	135	auto
MUSICIANS/0-9/4wd-soft/Musica_3.sid	1	135	auto
MUSICIANS/0-9/4wd-soft/My_House.sid	1	117	auto
MUSICIANS/0-9/4wd-soft/Speedway.sid	1	150	auto
MUSICIANS/0-9/4wd-soft/True_Faith_Renegade.sid	1	120	auto
MUSICIANS/0-9/4wd-soft/Yoho.sid	1	115	auto
MUSICIANS/0-9/505/A_Goat_Day.sid	1	124	auto
MUSICIANS/0-9/505/Humble_Thing.sid	1	124	auto
MUSICIANS/0-9/505/Little.sid	1	125	auto
MUSICIANS/0-9/505/Odd.sid	1	125	auto
MUSICIANS/0-9/505/Opening.sid	1	107	auto
MUSICIANS/0-9/505/Outline_Riot.sid	1	125	auto
MUSICIANS/0-9/505/Spring_Jump.sid	1	125	auto
MUSICIANS/0-9/505/Stumbling.sid	1	143	auto
MUSICIANS/0-9/505/Unlove.sid	1	125	auto
MUSICIANS/0-9/505/Your_Step.sid	1	125	auto
MUSICIANS/0-9/5bot/Its_Hip_to_be_Cool.sid	1	109	auto
MUSICIANS/0-9/5bot/Leaders_of_de_Pack.sid	1	124	auto
MUSICIANS/0-9/5bot/Snow_in_my.sid	1	150	auto
MUSICIANS/0-9/5bot/Vi_drar_till_tune_1.sid	1	124	auto
MUSICIANS/0-9/801_DC/Cut_by_Police.sid	1	150	auto
MUSICIANS/0-9/801_DC/Domino_Dancing.sid	1	112	auto
MUSICIANS/0-9/801_DC/Psycicadelia.sid	1	126	auto
MUSICIANS/0-9/801_DC/Sad_Wind.sid	1	93	auto
MUSICIANS/0-9/801_DC/Sargies_Reve.sid	1	112	auto
MUSICIANS/0-9/801_DC/Short_Warrior.sid	1	125	auto
MUSICIANS/0-9/801_DC/Too_Satisfied.sid	1	104	auto
MUSICIANS/0-9/801_DC/Triad_4_Years_tune_2.sid	1	99	auto
MUSICIANS/0-9/801_DC/Twin_Cobra.sid	1	125	auto
MUSICIANS/A/A-Man/4_Kanal_Zak.sid	1	126	auto
MUSICIANS/A/A-Man/5-Mix.sid	1	125	auto
MUSICIANS/A/A-Man/Acid_Disco.sid	1	124	auto
MUSICIANS/A/A-Man/Acid_Feelin.sid	1	125	auto
MUSICIANS/A/A-Man/Acidstyle.sid	1	125	auto
MUSICIANS/A/A-Man/Acieed_Beat.sid	1	125	auto
MUSICIANS/A/A-Man/Addiction.sid	1	124	auto
MUSICIANS/A/A-Man/All_we_are.sid	1	125	auto
MUSICIANS/A/A-Man/Alpha_Ship.sid	1	124	auto
MUSICIANS/A/A-Man/Angel.sid	1	124	auto
MUSICIANS/A/A-Man/Arcade_and_Deadline_Intro.sid	1	125	auto
MUSICIANS/A/A-Man/Area_of_Low_Pressure.sid	1	125	auto
MUSICIANS/A/A-Man/Arterial_Race.sid	1	125	auto
MUSICIANS/A/A-Man/Bass-o-Matikk.sid	1	94	auto
MUSICIANS/A/A-Man/Beat_Ball.sid	1	125	auto
MUSICIANS/A/A-Man/Beat_Ball.sid	2	125	auto
MUSICIANS/A/A-Man/Beat_Dis.sid	1	124	auto
MUSICIANS/A/A-Man/Behaviour.sid	1	125	auto
MUSICIANS/A/A-Man/Bitmania_Zak.sid	1	125	auto
MUSICIANS/A/A-Man/Black_Panther.sid	2	125	auto
MUSICIANS/A/A-Man/Black_Panther.sid	3	125	auto
MUSICIANS/A/A-Man/Black_Panther.sid	4	125	auto
MUSICIANS/A/A-Man/Black_Panther.sid	5	125	auto
MUSICIANS/A/A-Man/Blue_Flame.sid	1	125	auto
MUSICIANS/A/A-Man/Blue_Moon.sid	1	124	auto
MUSICIANS/A/A-Man/Blue_Shadow.sid	1	125	auto
MUSICIANS/A/A-Man/Bond_Action.sid	1	125	auto
MUSICIANS/A/A-Man/Bond_Action_1993.sid	1	125	auto
MUSICIANS/A/A-Man/Born_to_Love.sid	1	125	auto
MUSICIANS/A/A-Man/Break_It_Up.sid	1	125	auto
MUSICIANS/A/A-Man/Bryllyant.sid	1	125	auto
MUSICIANS/A/A-Man/Castle_Darkstone.sid	1	124	auto
MUSICIANS/A/A-Man/Chemical_River.sid	1	125	auto
MUSICIANS/A/A-Man/Cold_Vision.sid	1	125	auto
MUSICIANS/A/A-Man/Colour_Section.sid	1	125	auto
MUSICIANS/A/A-Man/Contacting.sid	1	95	auto
MUSICIANS/A/A-Man/Cyberware.sid	1	124	auto
MUSICIANS/A/A-Man/Darkness_in_Your_Eyes.sid	1	125	auto
MUSICIANS/A/A-Man/Daydream.sid	1	94	auto
MUSICIANS/A/A-Man/Dealing.sid	1	125	auto
MUSICIANS/A/A-Man/Death_Sentence.sid	1	125	auto
MUSICIANS/A/A-Man/Defender_of_the_Crown_remix.sid	1	125	auto
MUSICIANS/A/A-Man/Delta_Jam.sid	1	125	auto
MUSICIANS/A/A-Man/Disco_Factory.sid	1	125	auto
MUSICIANS/A/A-Man/Dream.sid	1	125	auto
MUSICIANS/A/A-Man/Dreamline_B_O.sid	1	125	auto
MUSICIANS/A/A-Man/Drummer_Sound.sid	1	125	auto
MUSICIANS/A/A-Man/Dynamican.sid	1	125	auto
MUSICIANS/A/A-Man/El_Sol.sid	1	94	auto
MUSICIANS/A/A-Man/Elysion.sid	1	124	auto
MUSICIANS/A/A-Man/Everest.sid	1	125	auto
MUSICIANS/A/A-Man/Final_Countdown.sid	1	94	auto
MUSICIANS/A/A-Man/Fire_in_the_Sky.sid	1	124	auto
MUSICIANS/A/A-Man/Flowerz.sid	1	94	auto
MUSICIANS/A/A-Man/For_Sodom.sid	1	125	auto
MUSICIANS/A/A-Man/Foreign_Girl.sid	1	124	auto
MUSICIANS/A/A-Man/Forgotten_Ones.sid	1	125	auto
MUSICIANS/A/A-Man/Frantic_Power.sid	1	125	auto
MUSICIANS/A/A-Man/Freedom.sid	1	125	auto
MUSICIANS/A/A-Man/Funny_Bunny.sid	1	125	auto
MUSICIANS/A/A-Man/Future_Composer_4-Demo_07.sid	1	125	auto
MUSICIANS/A/A-Man/Game_Over_plus_Level.sid	1	124	auto
MUSICIANS/A/A-Man/Game_Over_plus_Level.sid	2	125	auto
MUSICIANS/A/A-Man/Go_Up.sid	1	125	auto
MUSICIANS/A/A-Man/Good_Times.sid	1	124	auto
MUSICIANS/A/A-Man/Got_to_Soul.sid	1	125	auto
MUSICIANS/A/A-Man/Groove_Machine.sid	1	125	auto
MUSICIANS/A/A-Man/Gyronite.sid	1	125	auto
MUSICIANS/A/A-Man/Hack_Tonight.sid	1	125	auto
MUSICIANS/A/A-Man/Hard_Emotion.sid	1	125	auto
MUSICIANS/A/A-Man/Harmonic_River.sid	1	125	auto
MUSICIANS/A/A-Man/Heart_and_Soul.sid	1	94	auto
MUSICIANS/A/A-Man/Heartache.sid	1	83	auto
MUSICIANS/A/A-Man/Heartbeat_Intro.sid	1	125	auto
MUSICIANS/A/A-Man/Help_in_Front.sid	1	125	auto
MUSICIANS/A/A-Man/Honey_Baby.sid	1	125	auto
MUSICIANS/A/A-Man/Honeycomb.sid	1	125	auto
MUSICIANS/A/A-Man/Hot_Meal.sid	1	93	auto
MUSICIANS/A/A-Man/Humbug_Saga.sid	1	125	auto
MUSICIANS/A/A-Man/Into_the_Swatch.sid	1	125	auto
MUSICIANS/A/A-Man/Introtune_Moozp_3.sid	1	125	auto
MUSICIANS/A/A-Man/Just_Like_a_Pill.sid	1	125	auto
MUSICIANS/A/A-Man/Labyrinth.sid	1	125	auto
MUSICIANS/A/A-Man/Labyrinth.sid	2	125	auto
MUSICIANS/A/A-Man/Lambada_Acid.sid	1	125	auto
MUSICIANS/A/A-Man/Last_Unicorn.sid	1	125	auto
MUSICIANS/A/A-Man/Lethal_Bombs.sid	2	125	auto
MUSICIANS/A/A-Man/Lethal_Bombs.sid	3	125	auto
MUSICIANS/A/A-Man/Lonely.sid	1	125	auto
MUSICIANS/A/A-Man/Lord.sid	1	125	auto
MUSICIANS/A/A-Man/Lost_in_Space.sid	1	125	auto
MUSICIANS/A/A-Man/LoveLand.sid	1	124	auto
MUSICIANS/A/A-Man/Magic_Stream.sid	1	94	auto
MUSICIANS/A/A-Man/Medium.sid	1	124	auto
MUSICIANS/A/A-Man/Modern_Talking.sid	1	124	auto
MUSICIANS/A/A-Man/Moonlight.sid	1	125	auto
MUSICIANS/A/A-Man/Muzic_P_O_P.sid	1	125	auto
MUSICIANS/A/A-Man/Mysterious_Worlds_high_score.sid	1	125	auto
MUSICIANS/A/A-Man/Mysterious_Worlds_level_2.sid	1	124	auto
MUSICIANS/A/A-Man/Mysterious_Worlds_level_3.sid	1	125	auto
MUSICIANS/A/A-Man/Mysterious_Worlds_level_3.sid	2	125	auto
MUSICIANS/A/A-Man/Mysterious_Worlds_preview.sid	1	93	auto
MUSICIANS/A/A-Man/No_Cruel.sid	1	125	auto
MUSICIANS/A/A-Man/Ocean_Fever.sid	1	125	auto
MUSICIANS/A/A-Man/Old_Knight.sid	1	125	auto
MUSICIANS/A/A-Man/Oregon_Power.sid	1	125	auto
MUSICIANS/A/A-Man/Oxygen.sid	1	125	auto
MUSICIANS/A/A-Man/Paradize.sid	1	125	auto
MUSICIANS/A/A-Man/Pay_My_Ice.sid	1	125	auto
MUSICIANS/A/A-Man/Phat_Frog_2SID.sid	1	125	auto
MUSICIANS/A/A-Man/Pinball_Dreams_Intro.sid	1	125	auto
MUSICIANS/A/A-Man/Pinball_Dreams_Menu.sid	1	125	auto
MUSICIANS/A/A-Man/Plexex_Du.sid	1	125	auto
MUSICIANS/A/A-Man/Power_of_Magic.sid	1	125	auto
MUSICIANS/A/A-Man/Proto_Special.sid	1	125	auto
MUSICIANS/A/A-Man/Road_House.sid	1	125	auto
MUSICIANS/A/A-Man/Sad_Wave_2.sid	1	125	auto
MUSICIANS/A/A-Man/Samurai_Beat.sid	1	125	auto
MUSICIANS/A/A-Man/Sea_of_Love.sid	1	125	auto
MUSICIANS/A/A-Man/Secret_Masterplan.sid	1	125	auto
MUSICIANS/A/A-Man/Seven_Flowers.sid	1	111	auto
MUSICIANS/A/A-Man/Shock.sid	1	125	auto
MUSICIANS/A/A-Man/Shuffle_Break.sid	1	125	auto
MUSICIANS/A/A-Man/Silent_Water.sid	1	124	auto
MUSICIANS/A/A-Man/Smooth_Evening_long_version.sid	1	125	auto
MUSICIANS/A/A-Man/Smooth_Evening_short_version.sid	1	125	auto
MUSICIANS/A/A-Man/Smoove_Groove.sid	1	125	auto
MUSICIANS/A/A-Man/Soccer_Zak.sid	1	125	auto
MUSICIANS/A/A-Man/Sommer_unseres_Lebens.sid	1	125	auto
MUSICIANS/A/A-Man/Song_of_Death.sid	1	100	auto
MUSICIANS/A/A-Man/Souvenir.sid	1	125	auto
MUSICIANS/A/A-Man/Space_Tiger.sid	1	125	auto
MUSICIANS/A/A-Man/Space_Tiger_v2.sid	1	125	auto
MUSICIANS/A/A-Man/Spherical.sid	1	125	auto
MUSICIANS/A/A-Man/Starshine.sid	1	125	auto
MUSICIANS/A/A-Man/Sunbeam.sid	1	125	auto
MUSICIANS/A/A-Man/Sunshine_Dreams.sid	1	125	auto
MUSICIANS/A/A-Man/Sweeper.sid	1	125	auto
MUSICIANS/A/A-Man/Sweetbox.sid	1	124	auto
MUSICIANS/A/A-Man/TCD_Intro_1.sid	1	125	auto
MUSICIANS/A/A-Man/TCD_Intro_2.sid	1	125	auto
MUSICIANS/A/A-Man/TCD_Intro_3.sid	1	125	auto
MUSICIANS/A/A-Man/Take_My_Breath_Away.sid	1	126	auto
MUSICIANS/A/A-Man/Thriller.sid	1	124	auto
MUSICIANS/A/A-Man/Thrillin_Killer.sid	1	125	auto
MUSICIANS/A/A-Man/Tip_Trick.sid	1	124	auto
MUSICIANS/A/A-Man/Tip_Trick.sid	2	125	auto
MUSICIANS/A/A-Man/Title_Bild_Airc.sid	1	125	auto
MUSICIANS/A/A-Man/To_Be_Alone.sid	1	125	auto
MUSICIANS/A/A-Man/Track_n_Sector_2.sid	1	125	auto
MUSICIANS/A/A-Man/Tragedy_Burp.sid	1	125	auto
MUSICIANS/A/A-Man/Tranquility.sid	1	124	auto
MUSICIANS/A/A-Man/Transfer_Ticket.sid	1	125	auto
MUSICIANS/A/A-Man/Tridot.sid	1	125	auto
MUSICIANS/A/A-Man/Vandalism_News_46.sid	1	125	auto
MUSICIANS/A/A-Man/Waterman.sid	1	125	auto
MUSICIANS/A/A-Man/We_Didnt_Start_the_Fire.sid	1	125	auto
MUSICIANS/A/A-Man/Weet_jij_het.sid	1	125	auto
MUSICIANS/A/A-Man/White_Christmas.sid	1	125	auto
MUSICIANS/A/A-Man/Wonderland.sid	1	124	auto
MUSICIANS/A/A-Man/World_of_Confusion.sid	1	83	auto
MUSICIANS/A/A-Man/X_T_C.sid	1	124	auto
MUSICIANS/A/A-Man/Zack_Hi_score.sid	1	125	auto
MUSICIANS/A/A-Man/Zack_Theme.sid	1	125	auto
MUSICIANS/A/ABS_3001/Demolix.sid	1	125	auto
MUSICIANS/A/ABS_3001/Remixzed_Crockett.sid	1	125	auto
MUSICIANS/A/ABS_3001/Remixzed_Wizball.sid	1	125	auto
MUSICIANS/A/AEG/Alto_Knallo_Mucko.sid	1	125	auto
MUSICIANS/A/AEG/Back_2_Atlantis_2.sid	1	124	auto
MUSICIANS/A/AEG/Church_Bells.sid	1	124	auto
MUSICIANS/A/AEG/Compo_Tune.sid	1	125	auto
MUSICIANS/A/AEG/Daydream.sid	1	124	auto
MUSICIANS/A/AEG/Distortion.sid	1	125	auto
MUSICIANS/A/AEG/Just_Smashin.sid	1	125	auto
MUSICIANS/A/AEG/Mscgsmsh.sid	1	93	auto
MUSICIANS/A/AEG/Space_Dream.sid	1	124	auto
MUSICIANS/A/AEG/Sweet_Harmony.sid	1	124	auto
MUSICIANS/A/AEG/Triage_3_tune_2.sid	1	125	auto
MUSICIANS/A/AGS/Intro_plus_Mas.sid	1	125	auto
MUSICIANS/A/AMB/Argonaut.sid	1	125	auto
MUSICIANS/A/AMB/BCN_Party_01.sid	1	125	auto
MUSICIANS/A/AMB/BCN_Party_Lame_Intro.sid	1	94	auto
MUSICIANS/A/AMB/C-64_IRC.sid	1	150	auto
MUSICIANS/A/AMB/C0ACID-19.sid	1	125	auto
MUSICIANS/A/AMB/Codescratz.sid	1	125	auto
MUSICIANS/A/AMB/Dumping_Robot.sid	1	94	auto
MUSICIANS/A/AMB/Kd0s.sid	1	125	auto
MUSICIANS/A/AMB/Letizia.sid	1	126	auto
MUSICIANS/A/AMB/Mysteppa.sid	1	75	auto
MUSICIANS/A/AMB/Powerdriven.sid	1	125	auto
MUSICIANS/A/AMB/Rastering_BCN.sid	1	100	auto
MUSICIANS/A/AMB/Terranova.sid	1	150	auto
MUSICIANS/A/AMB/Tribute_2_TBI.sid	1	124	auto
MUSICIANS/A/AMB/VengFav.sid	1	125	auto
MUSICIANS/A/AMJ/A_Base.sid	1	124	auto
MUSICIANS/A/AMJ/Blasphemy.sid	1	94	auto
MUSICIANS/A/AMJ/Buzzer.sid	1	150	auto
MUSICIANS/A/AMJ/Cosmos_Logo.sid	1	125	auto
MUSICIANS/A/AMJ/Dont_Be_Afraid.sid	1	111	auto
MUSICIANS/A/AMJ/Fading_in_and_out_Its_Like_Magic.sid	1	125	auto
MUSICIANS/A/AMJ/Han_Jammer.sid	1	125	auto
MUSICIANS/A/AMJ/Hi-score.sid	1	125	auto
MUSICIANS/A/AMJ/Mega-Equalizer_tune_5.sid	1	125	auto
MUSICIANS/A/AMJ/Needledrop.sid	1	124	auto
MUSICIANS/A/AMJ/Pashaus.sid	1	124	auto
MUSICIANS/A/AMJ/Penguin_Tower.sid	1	125	auto
MUSICIANS/A/AMJ/Penguin_Tower.sid	2	94	auto
MUSICIANS/A/AMJ/Penguin_Tower.sid	8	124	auto
MUSICIANS/A/AMJ/Problemchild_tune_6.sid	1	126	auto
MUSICIANS/A/AMJ/Problemchild_tune_8.sid	1	125	auto
MUSICIANS/A/AMJ/Raze_part_1.sid	1	125	auto
MUSICIANS/A/AMJ/Remark_Music_remix.sid	1	125	auto
MUSICIANS/A/AMJ/SYS4096.sid	1	125	auto
MUSICIANS/A/AMJ/Selfmade_Executable.sid	1	151	auto
MUSICIANS/A/AMJ/Suburbia.sid	1	125	auto
MUSICIANS/A/AMJ/Theme_of_Emil.sid	1	94	auto
MUSICIANS/A/AMJ/Three_Minute_Wonder.sid	1	124	auto
MUSICIANS/A/AMJ/Thrust_Me.sid	1	94	auto
MUSICIANS/A/AMJ/Tiikerihai.sid	1	125	auto
MUSICIANS/A/AMJ/Together_intro.sid	1	124	auto
MUSICIANS/A/AMJ/Tubbs_and_Valerie.sid	1	94	auto
MUSICIANS/A/AMJ/Uillean.sid	1	124	auto
MUSICIANS/A/AMJ/Unsound_Minds_tune_1.sid	1	75	auto
MUSICIANS/A/AMJ/Unsound_Minds_tune_2.sid	1	151	auto
MUSICIANS/A/AMJ/Who_Sucks_Now.sid	1	125	auto
MUSICIANS/A/AMJ/Zero_Gravity_Race.sid	1	94	auto
MUSICIANS/A/AMJ/Zero_Gravity_Race.sid	2	125	auto
MUSICIANS/A/AMJ/Zoolook.sid	1	125	auto
MUSICIANS/A/ASL/04.sid	1	124	auto
MUSICIANS/A/ASL/06.sid	1	94	auto
MUSICIANS/A/ASL/20.sid	1	124	auto
MUSICIANS/A/ASL/Bambulino_part_2.sid	1	125	auto
MUSICIANS/A/ASL/Burglary_note.sid	1	124	auto
MUSICIANS/A/ASL/Burglary_part_12.sid	1	124	auto
MUSICIANS/A/ASL/Burglary_part_5.sid	1	125	auto
MUSICIANS/A/ASL/Burglary_part_7.sid	1	94	auto
MUSICIANS/A/ASL/Darkness_Zone_tune_11.sid	1	125	auto
MUSICIANS/A/ASL/Darkness_Zone_tune_12.sid	1	94	auto
MUSICIANS/A/ASL/Darkness_Zone_tune_13.sid	1	125	auto
MUSICIANS/A/ASL/Darkness_Zone_tune_14.sid	1	150	auto
MUSICIANS/A/ASL/Darkness_Zone_tune_15.sid	1	94	auto
MUSICIANS/A/ASL/Darkness_Zone_tune_16.sid	1	124	auto
MUSICIANS/A/ASL/Darkness_Zone_tune_20.sid	1	94	auto
MUSICIANS/A/ASL/Darkness_Zone_tune_7.sid	1	124	auto
MUSICIANS/A/ASL/Darkness_Zone_tune_8.sid	1	94	auto
MUSICIANS/A/ASL/Eiger_Greets_Part.sid	1	124	auto
MUSICIANS/A/ASL/Eiger_SB_Filled_Vector.sid	1	125	auto
MUSICIANS/A/ASL/First_Shot_tune_2.sid	1	125	auto
MUSICIANS/A/ASL/Hard-Break.sid	1	124	auto
MUSICIANS/A/ASL/Kasza-Nota.sid	1	124	auto
MUSICIANS/A/ASL/Moby_Remix.sid	1	125	auto
MUSICIANS/A/ASL/Rigor_preview.sid	2	94	auto
MUSICIANS/A/ASL/Rigor_preview.sid	3	124	auto
MUSICIANS/A/ASL/Rigor_preview.sid	5	125	auto
MUSICIANS/A/ASL/Rigor_preview.sid	6	125	auto
MUSICIANS/A/ASL/Rigor_preview.sid	7	94	auto
MUSICIANS/A/ASL/Soul_Free.sid	1	94	auto
MUSICIANS/A/ASL/Transfiguration_remix.sid	1	150	auto
MUSICIANS/A/ATOO/American.sid	1	125	auto
MUSICIANS/A/ATOO/GBK-Test.sid	1	100	auto
MUSICIANS/A/ATOO/Harmonic.sid	1	124	auto
MUSICIANS/A/ATOO/Mad_Hiscore_v0_8.sid	1	90	auto
MUSICIANS/A/ATOO/Madmusic_v0_8.sid	1	90	auto
MUSICIANS/A/ATOO/Muzatoo_1.sid	3	90	auto
MUSICIANS/A/ATOO/Post_War.sid	1	120	auto
MUSICIANS/A/ATOO/Radio_Waves.sid	1	150	auto
MUSICIANS/A/ATOO/Relax_beta.sid	1	100	auto
MUSICIANS/A/ATOO/Rock_Madly.sid	1	150	auto
MUSICIANS/A/ATOO/Weird.sid	1	150	auto
MUSICIANS/A/Abaddon/12_Bars.sid	1	100	auto
MUSICIANS/A/Abaddon/Apina.sid	1	125	auto
MUSICIANS/A/Abaddon/Blackjack.sid	1	94	auto
MUSICIANS/A/Abaddon/Burt_R.sid	1	125	auto
MUSICIANS/A/Abaddon/Buttache.sid	1	107	auto
MUSICIANS/A/Abaddon/Demotune_2.sid	1	124	auto
MUSICIANS/A/Abaddon/Demotune_3.sid	1	116	auto
MUSICIANS/A/Abaddon/Disillusionment.sid	1	124	auto
MUSICIANS/A/Abaddon/Draxxed.sid	1	107	auto
MUSICIANS/A/Abaddon/Drunk.sid	1	100	auto
MUSICIANS/A/Abaddon/Eliminator_mix.sid	1	125	auto
MUSICIANS/A/Abaddon/F_F_F_chaingun_mix.sid	1	125	auto
MUSICIANS/A/Abaddon/For_My_Movie.sid	1	111	auto
MUSICIANS/A/Abaddon/For_Sale.sid	1	125	auto
MUSICIANS/A/Abaddon/Frankie.sid	1	125	auto
MUSICIANS/A/Abaddon/Full_Moon_Raker.sid	1	125	auto
MUSICIANS/A/Abaddon/Funky.sid	1	107	auto
MUSICIANS/A/Abaddon/Hamlet.sid	1	125	auto
MUSICIANS/A/Abaddon/House_Party.sid	1	125	auto
MUSICIANS/A/Abaddon/I_Am_Strong.sid	1	124	auto
MUSICIANS/A/Abaddon/Im_a_Freak.sid	1	125	auto
MUSICIANS/A/Abaddon/In_Booze_We_Trust.sid	1	83	auto
MUSICIANS/A/Abaddon/In_Deep_Freeze.sid	1	150	auto
MUSICIANS/A/Abaddon/Introtest.sid	1	125	auto
MUSICIANS/A/Abaddon/Joystick_Cramp.sid	1	150	auto
MUSICIANS/A/Abaddon/Kalmankone.sid	1	150	auto
MUSICIANS/A/Abaddon/Leech_Funeral.sid	1	100	auto
MUSICIANS/A/Abaddon/Lola_Store.sid	1	150	auto
MUSICIANS/A/Abaddon/Man_of_the_90s.sid	1	94	auto
MUSICIANS/A/Abaddon/Monotonique.sid	1	83	auto
MUSICIANS/A/Abaddon/Mr_Solid.sid	1	107	auto
MUSICIANS/A/Abaddon/Nobuo_Uematsu_Cover.sid	1	94	auto
MUSICIANS/A/Abaddon/One_More_Time.sid	1	107	auto
MUSICIANS/A/Abaddon/Out_of_Contex_tune_4.sid	1	125	auto
MUSICIANS/A/Abaddon/Oyster_Blues.sid	1	125	auto
MUSICIANS/A/Abaddon/Palanut_Nainen.sid	1	94	auto
MUSICIANS/A/Abaddon/Passing_Time.sid	1	83	auto
MUSICIANS/A/Abaddon/Pinocchio.sid	1	125	auto
MUSICIANS/A/Abaddon/Plastic_Cannon.sid	1	136	auto
MUSICIANS/A/Abaddon/Pocket_Idol.sid	1	83	auto
MUSICIANS/A/Abaddon/Pointless.sid	1	117	auto
MUSICIANS/A/Abaddon/Private_Pleasure.sid	1	107	auto
MUSICIANS/A/Abaddon/Ragga.sid	1	100	auto
MUSICIANS/A/Abaddon/Ragga_v2.sid	1	100	auto
MUSICIANS/A/Abaddon/Reflection.sid	1	136	auto
MUSICIANS/A/Abaddon/Right_for_Me.sid	1	83	auto
MUSICIANS/A/Abaddon/Roots_to_Robots.sid	1	125	auto
MUSICIANS/A/Abaddon/Roots_tune_2.sid	1	125	auto
MUSICIANS/A/Abaddon/Roots_tune_3.sid	1	125	auto
MUSICIANS/A/Abaddon/Sailing.sid	1	107	auto
MUSICIANS/A/Abaddon/Shaddup_Already.sid	1	125	auto
MUSICIANS/A/Abaddon/Shower_of_Love.sid	1	125	auto
MUSICIANS/A/Abaddon/Sloppy_Seconds.sid	1	115	auto
MUSICIANS/A/Abaddon/Starfish.sid	1	125	auto
MUSICIANS/A/Abaddon/Starfish.sid	2	125	auto
MUSICIANS/A/Abaddon/Subtlety_Is_Not_My_Business.sid	1	125	auto
MUSICIANS/A/Abaddon/Suddenly.sid	1	116	auto
MUSICIANS/A/Abaddon/Super_Huey_Remake.sid	1	124	auto
MUSICIANS/A/Abaddon/Swingcat.sid	1	107	auto
MUSICIANS/A/Abaddon/Taxman.sid	1	125	auto
MUSICIANS/A/Abaddon/Time_After.sid	1	117	auto
MUSICIANS/A/Abaddon/Trouble_Every_Day.sid	1	107	auto
MUSICIANS/A/Abaddon/Vaakataso.sid	1	107	auto
MUSICIANS/A/Abaddon/Weed_Input.sid	1	125	auto
MUSICIANS/A/Abaddon/Wrath_of_Yamo.sid	1	83	auto
MUSICIANS/A/Abaddon/Wrath_of_Yamo.sid	2	83	auto
MUSICIANS/A/Abaddon/Xoo_Divided.sid	1	94	auto
MUSICIANS/A/Abaddon/You.sid	1	125	auto
MUSICIANS/A/Abaddon/You_Are_the_Sunshine_of_My_Life.sid	1	136	auto
MUSICIANS/A/Abbing_Frank/Belagerung_2.sid	1	112	auto
MUSICIANS/A/Abbing_Frank/Dinorace_64.sid	2	129	auto
MUSICIANS/A/Abbing_Frank/Donald_the_Hero.sid	1	150	auto
MUSICIANS/A/Abbing_Frank/Little_Dragon.sid	1	124	auto
MUSICIANS/A/Abbing_Frank/Little_Dragon.sid	2	125	auto
MUSICIANS/A/Abbing_Frank/Little_Dragon.sid	3	124	auto
MUSICIANS/A/Abbott_Chris/Bangkok.sid	2	94	auto
MUSICIANS/A/Abbott_Chris/Chess.sid	2	130	auto
MUSICIANS/A/Abbott_Chris/Chess.sid	3	94	auto
MUSICIANS/A/Abbott_Chris/Chess_alternative.sid	3	118	auto
MUSICIANS/A/Abbott_Chris/Galaforce_2.sid	1	110	auto
MUSICIANS/A/Abbott_Chris/Popcorn.sid	1	118	auto
MUSICIANS/A/Abbott_Chris/Seaside_Rumba_Last_Ninja.sid	1	94	auto
MUSICIANS/A/Abbott_Chris/Software_House_Demo.sid	2	94	auto
MUSICIANS/A/Abbott_Chris/Software_House_Demo.sid	5	94	auto
MUSICIANS/A/Abee/Abee_01.sid	1	94	auto
MUSICIANS/A/Abee/After_Promises.sid	1	150	auto
MUSICIANS/A/Abee/Easy.sid	1	126	auto
MUSICIANS/A/Abee/Music_Compo.sid	1	94	auto
MUSICIANS/A/Abject/Abject_11.sid	1	94	auto
MUSICIANS/A/Abject/Abject_12.sid	1	125	auto
MUSICIANS/A/Abject/Abject_14.sid	1	83	auto
MUSICIANS/A/Abject/Abject_16.sid	1	124	auto
MUSICIANS/A/Abject/Abject_17.sid	1	84	auto
MUSICIANS/A/Abject/Abject_18.sid	1	94	auto
MUSICIANS/A/Abject/Beginning_v1.sid	1	125	auto
MUSICIANS/A/Abject/Beginning_v1_1B.sid	1	125	auto
MUSICIANS/A/Abject/Beginning_v2.sid	1	83	auto
MUSICIANS/A/Abject/Carrion_Zax.sid	1	125	auto
MUSICIANS/A/Abject/Experience.sid	1	124	auto
MUSICIANS/A/Abject/Hostages.sid	1	125	auto
MUSICIANS/A/Abject/Innocent_note.sid	1	125	auto
MUSICIANS/A/Abject/Innocent_tune_1.sid	2	94	auto
MUSICIANS/A/Abject/Innocent_tune_2.sid	1	125	auto
MUSICIANS/A/Abject/Innocent_tune_4.sid	1	125	auto
MUSICIANS/A/Abject/Innocent_tune_6.sid	1	125	auto
MUSICIANS/A/Abject/Innocent_tune_8.sid	1	124	auto
MUSICIANS/A/Abject/Janos_ba.sid	1	100	auto
MUSICIANS/A/Abject/Make_No_Secret_of_It.sid	1	125	auto
MUSICIANS/A/Abject/Most_Terrible.sid	1	125	auto
MUSICIANS/A/Abject/Nice_Eyes.sid	1	125	auto
MUSICIANS/A/Abject/Romeo_and_Juliette.sid	1	125	auto
MUSICIANS/A/Abject/Rough.sid	1	125	auto
MUSICIANS/A/Abject/Sidewinder.sid	1	125	auto
MUSICIANS/A/Abject/Something_Has_Borned.sid	1	125	auto
MUSICIANS/A/Abject/Something_Was_Ended.sid	1	125	auto
MUSICIANS/A/Abject/Tangram_Gamezak.sid	1	150	auto
MUSICIANS/A/Abject/Typical_Abject.sid	1	125	auto
MUSICIANS/A/Abject/Uj_X_Dik.sid	1	94	auto
MUSICIANS/A/Abynx/Are_Friends_Electric.sid	1	94	auto
MUSICIANS/A/Abynx/Beat_to_the_Pulp.sid	1	124	auto
MUSICIANS/A/Abynx/Delta_Retracked.sid	1	150	auto
MUSICIANS/A/Abynx/Ghosts_n_Goblins.sid	1	124	auto
MUSICIANS/A/Abynx/HeeHaw.sid	1	83	auto
MUSICIANS/A/Abynx/Hybris_Tribute.sid	2	107	auto
MUSICIANS/A/Abynx/International_Karate_RT.sid	1	107	auto
MUSICIANS/A/Abynx/Lightforce_Filter_Friendly.sid	1	107	auto
MUSICIANS/A/Abynx/Maple.sid	1	107	auto
MUSICIANS/A/Abynx/Pumpkin_Spice_NTSC.sid	1	99	auto
MUSICIANS/A/Abynx/SpaceFight.sid	1	149	auto
MUSICIANS/A/Abynx/Star_Snake.sid	1	125	auto
MUSICIANS/A/Abynx/Xmas25.sid	1	94	auto
MUSICIANS/A/Accused/Graffiti_part_1.sid	1	112	auto
MUSICIANS/A/Accused/Spectrum_tune_2.sid	1	112	auto
MUSICIANS/A/Accused/Spectrum_tune_4.sid	1	112	auto
MUSICIANS/A/Accused/Spectrum_tune_6.sid	1	112	auto
MUSICIANS/A/Accused/Spectrum_tune_8.sid	1	112	auto
MUSICIANS/A/Accused/Technique_part_1.sid	1	112	auto
MUSICIANS/A/Ace64/Aces_Prelude.sid	1	114	auto
MUSICIANS/A/Ace64/Capitan_Harlock.sid	1	94	auto
MUSICIANS/A/Ace64/Daitarn_III.sid	1	125	auto
MUSICIANS/A/Ace64/Dragons_Lair_II_Level_1.sid	1	124	auto
MUSICIANS/A/Ace64/Fhey_Area.sid	1	93	auto
MUSICIANS/A/Ace64/Goldrake.sid	1	137	auto
MUSICIANS/A/Ace64/Harlock_BGM.sid	1	125	auto
MUSICIANS/A/Ace64/Material_Girl.sid	1	125	auto
MUSICIANS/A/Ace64/Melody.sid	1	94	auto
MUSICIANS/A/Ace64/Mompracem.sid	1	125	auto
MUSICIANS/A/Ace64/Music_4.sid	1	113	auto
MUSICIANS/A/Ace64/Rendez_Vous_4.sid	1	125	auto
MUSICIANS/A/Ace64/Sweet_Blow_part_1.sid	1	125	auto
MUSICIANS/A/Ace64/Sweet_Blow_part_2.sid	1	125	auto
MUSICIANS/A/Ace64/Tune_01.sid	1	125	auto
MUSICIANS/A/Ace64/Tune_03.sid	1	124	auto
MUSICIANS/A/Ace64/Tune_06.sid	1	94	auto
MUSICIANS/A/Ace64/Tune_07.sid	1	124	auto
MUSICIANS/A/Ace64/Tune_08.sid	1	94	auto
MUSICIANS/A/Ace64/Tune_14.sid	1	125	auto
MUSICIANS/A/Ace64/Tune_15.sid	1	124	auto
MUSICIANS/A/Ace64/Tune_18.sid	1	125	auto
MUSICIANS/A/Ace64/Tune_19.sid	1	93	auto
MUSICIANS/A/Ace64/Tune_20.sid	1	124	auto
MUSICIANS/A/Ace64/Tune_21.sid	1	125	auto
MUSICIANS/A/Ace64/Tune_25.sid	1	125	auto
MUSICIANS/A/Ace64/Underground.sid	1	124	auto
MUSICIANS/A/AceMan/Lostro.sid	1	95	auto
MUSICIANS/A/AceMan/Resocialize_Me.sid	1	102	auto
MUSICIANS/A/AceMan/Shine_Me_to_the_Moon.sid	1	133	auto
MUSICIANS/A/Achmed/Achmedarium.sid	1	94	auto
MUSICIANS/A/Achmed/Crush_01.sid	1	125	auto
MUSICIANS/A/Achmed/Crushcorn.sid	1	150	auto
MUSICIANS/A/Achmed/Exentrus.sid	1	125	auto
MUSICIANS/A/Achmed/Fuck_and_Role.sid	1	83	auto
MUSICIANS/A/Achmed/Hard-Soft.sid	1	125	auto
MUSICIANS/A/Achmed/Hard_Tekno.sid	1	94	auto
MUSICIANS/A/Achmed/Intro_Zak.sid	1	125	auto
MUSICIANS/A/Achmed/No_Problemo.sid	1	125	auto
MUSICIANS/A/Achmed/Rain_Problem.sid	1	125	auto
MUSICIANS/A/Achmed/Short_Dream.sid	1	124	auto
MUSICIANS/A/Achmed/Sperminator_note.sid	1	150	auto
MUSICIANS/A/Achmed/Suck_Me.sid	1	125	auto
MUSICIANS/A/Achmed/Symphony.sid	1	94	auto
MUSICIANS/A/Achmed/Symphony_Remix.sid	1	94	auto
MUSICIANS/A/Acrouzet/6581_Words_per_Minute.sid	1	136	auto
MUSICIANS/A/Acrouzet/Addiction.sid	1	124	auto
MUSICIANS/A/Acrouzet/Blending_Mode.sid	1	132	auto
MUSICIANS/A/Acrouzet/Caffeine_Trip.sid	1	94	auto
MUSICIANS/A/Acrouzet/Casual_Talk_at_the_Town_Shop.sid	1	115	auto
MUSICIANS/A/Acrouzet/Chemical_Plant_Zone.sid	1	150	auto
MUSICIANS/A/Acrouzet/Colosso.sid	1	94	auto
MUSICIANS/A/Acrouzet/Corridors_of_Time.sid	1	112	auto
MUSICIANS/A/Acrouzet/Crimson_Cascade_Groove.sid	1	125	auto
MUSICIANS/A/Acrouzet/Cybersurfing.sid	1	136	auto
MUSICIANS/A/Acrouzet/Descent.sid	1	111	auto
MUSICIANS/A/Acrouzet/Dipolar_Disco.sid	1	125	auto
MUSICIANS/A/Acrouzet/Doublebass_v2.sid	1	125	auto
MUSICIANS/A/Acrouzet/Extensions.sid	1	125	auto
MUSICIANS/A/Acrouzet/FL_Chan.sid	1	94	auto
MUSICIANS/A/Acrouzet/Fish_Tit_Supremacy.sid	1	137	auto
MUSICIANS/A/Acrouzet/Golden.sid	1	123	auto
MUSICIANS/A/Acrouzet/Green_Grassy_Swing.sid	1	107	auto
MUSICIANS/A/Acrouzet/Gubbdata_2021.sid	1	100	auto
MUSICIANS/A/Acrouzet/Happy_Happy_Christmas.sid	1	124	auto
MUSICIANS/A/Acrouzet/Incircle.sid	1	125	auto
MUSICIANS/A/Acrouzet/Inside_the_Fish_Tank.sid	1	107	auto
MUSICIANS/A/Acrouzet/James_Bond_Jr_Unused_Theme.sid	1	111	auto
MUSICIANS/A/Acrouzet/Journey_to_Silius_Stages_1_and_5.sid	1	90	auto
MUSICIANS/A/Acrouzet/Last_Few_Days.sid	1	125	auto
MUSICIANS/A/Acrouzet/Light_Machinery.sid	1	125	auto
MUSICIANS/A/Acrouzet/Megalomania.sid	1	111	auto
MUSICIANS/A/Acrouzet/Mixed_Up.sid	1	125	auto
MUSICIANS/A/Acrouzet/My_PALs_Must_Have_a_Clue_at_This_Rate.sid	1	125	auto
MUSICIANS/A/Acrouzet/New_Decades_Eve.sid	1	125	auto
MUSICIANS/A/Acrouzet/Noisy_Neighbors.sid	1	118	auto
MUSICIANS/A/Acrouzet/Noisy_Neighbors_Before_the_Noise.sid	1	125	auto
MUSICIANS/A/Acrouzet/Penis_Eek.sid	1	107	auto
MUSICIANS/A/Acrouzet/Pine_Tree_Runway.sid	1	119	auto
MUSICIANS/A/Acrouzet/Plenipoteniary.sid	1	125	auto
MUSICIANS/A/Acrouzet/Puzzled-Background_Music_IV.sid	1	90	auto
MUSICIANS/A/Acrouzet/Raistlin_50.sid	1	107	auto
MUSICIANS/A/Acrouzet/Reambiguation.sid	1	113	auto
MUSICIANS/A/Acrouzet/Rule_of_Thumb.sid	1	94	auto
MUSICIANS/A/Acrouzet/Seascape.sid	1	116	auto
MUSICIANS/A/Acrouzet/Short_Circuit.sid	1	107	auto
MUSICIANS/A/Acrouzet/Soaring.sid	1	150	auto
MUSICIANS/A/Acrouzet/Sonic_2-Bad_Ending.sid	1	100	auto
MUSICIANS/A/Acrouzet/Sonic_3-Miniboss.sid	1	111	auto
MUSICIANS/A/Acrouzet/Too_Little_Too_Much.sid	1	125	auto
MUSICIANS/A/Acrouzet/Trapped_in_A_Box.sid	1	124	auto
MUSICIANS/A/Active/4_U_2_C.sid	1	125	auto
MUSICIANS/A/Active/A_New_World.sid	1	124	auto
MUSICIANS/A/Active/Active_House.sid	1	125	auto
MUSICIANS/A/Active/Bribed.sid	1	125	auto
MUSICIANS/A/Active/Compo_Music.sid	1	94	auto
MUSICIANS/A/Active/Digitune.sid	1	125	auto
MUSICIANS/A/Active/First_One.sid	1	125	auto
MUSICIANS/A/Active/Flashback_3_intro.sid	1	124	auto
MUSICIANS/A/Active/Flashback_Diskvoter.sid	1	125	auto
MUSICIANS/A/Active/Second_One.sid	1	150	auto
MUSICIANS/A/Active/Spooky.sid	1	125	auto
MUSICIANS/A/Active/Stop_Coders_Naughtiness_tune_2.sid	1	107	auto
MUSICIANS/A/Active/True_Story.sid	1	124	auto
MUSICIANS/A/Active/X-Mix.sid	1	125	auto
MUSICIANS/A/Acute/Dovrigubben.sid	1	125	auto
MUSICIANS/A/Acute/Mastermix.sid	1	125	auto
MUSICIANS/A/Ademar_Fredrik/Mindblast_tune_2.sid	1	107	auto
MUSICIANS/A/Ademar_Fredrik/X-Mas_Night.sid	1	151	auto
MUSICIANS/A/Ademar_Fredrik/X-Mas_Night.sid	2	90	auto
MUSICIANS/A/Adrock_and_Deadeye/Adrock/Corpus_7.sid	1	125	auto
MUSICIANS/A/Adrock_and_Deadeye/Adrock/Sire_Intro.sid	1	125	auto
MUSICIANS/A/Adrock_and_Deadeye/Airwolf.sid	1	125	auto
MUSICIANS/A/Adrock_and_Deadeye/Commotion.sid	1	125	auto
MUSICIANS/A/Adrock_and_Deadeye/Deadeye/Composed_1.sid	1	125	auto
MUSICIANS/A/Adrock_and_Deadeye/Deadeye/Hunter.sid	1	125	auto
MUSICIANS/A/Adrock_and_Deadeye/Deadeye/Thunder.sid	1	125	auto
MUSICIANS/A/Adrock_and_Deadeye/Gambler.sid	1	125	auto
MUSICIANS/A/Adrock_and_Deadeye/Heavy_Beat.sid	1	125	auto
MUSICIANS/A/Adrock_and_Deadeye/Heavy_Rock.sid	1	125	auto
MUSICIANS/A/Adrock_and_Deadeye/Hunter.sid	1	125	auto
MUSICIANS/A/Adrock_and_Deadeye/Hymn_of_Shining_8.sid	1	124	auto
MUSICIANS/A/Adrock_and_Deadeye/L_A_Sound.sid	1	83	auto
MUSICIANS/A/Adrock_and_Deadeye/Lets_Gogo.sid	1	125	auto
MUSICIANS/A/Adrock_and_Deadeye/Night_Time_Is_the_Right_Time.sid	1	83	auto
MUSICIANS/A/Adrock_and_Deadeye/Rockin_Flash-The_Extended_One.sid	1	125	auto
MUSICIANS/A/Adrock_and_Deadeye/Rockin_Flash-The_Intro_Tune.sid	1	125	auto
MUSICIANS/A/Adrock_and_Deadeye/Sharks_Intro.sid	1	94	auto
MUSICIANS/A/Adrock_and_Deadeye/Someday_N_C.sid	1	151	auto
MUSICIANS/A/Adrock_and_Deadeye/Thunder.sid	1	125	auto
MUSICIANS/A/Aegis/2008.sid	1	150	auto
MUSICIANS/A/Aegis/8-bit_Garden_part_2.sid	1	125	auto
MUSICIANS/A/Aegis/Aegis_18vee.sid	1	136	auto
MUSICIANS/A/Aegis/Jabdah.sid	1	125	auto
MUSICIANS/A/Aegis/Journey_to_Silius.sid	1	94	auto
MUSICIANS/A/Aegis/LOVE.sid	1	125	auto
MUSICIANS/A/Aegis/Wobblism.sid	1	125	auto
MUSICIANS/A/Agemixer/007-Retro_Gold_Love.sid	1	126	auto
MUSICIANS/A/Agemixer/2_Hours_of_Work.sid	1	125	auto
MUSICIANS/A/Agemixer/Afterwinter.sid	1	150	auto
MUSICIANS/A/Agemixer/Amalgahm.sid	1	125	auto
MUSICIANS/A/Agemixer/Audio_Man.sid	1	125	auto
MUSICIANS/A/Agemixer/Audio_Man_the_end.sid	1	125	auto
MUSICIANS/A/Agemixer/Azmagutah_6581.sid	1	125	auto
MUSICIANS/A/Agemixer/Azmagutah_8580.sid	1	125	auto
MUSICIANS/A/Agemixer/Bassonavajo.sid	1	150	auto
MUSICIANS/A/Agemixer/Bassonavajo_4x_Speaker_Fix.sid	1	150	auto
MUSICIANS/A/Agemixer/Beroot_Olejuuri.sid	1	107	auto
MUSICIANS/A/Agemixer/Blow_Up.sid	1	125	auto
MUSICIANS/A/Agemixer/Breath_of_Fire.sid	1	94	auto
MUSICIANS/A/Agemixer/Bronskizak.sid	1	125	auto
MUSICIANS/A/Agemixer/Burp.sid	1	83	auto
MUSICIANS/A/Agemixer/Chase.sid	1	125	auto
MUSICIANS/A/Agemixer/Commando_Remix.sid	1	125	auto
MUSICIANS/A/Agemixer/Cyber_Dream_intro.sid	1	125	auto
MUSICIANS/A/Agemixer/Da_Shit_Eastwood_Jacks_Red.sid	1	124	auto
MUSICIANS/A/Agemixer/Dark_Space.sid	1	107	auto
MUSICIANS/A/Agemixer/Das_Hit.sid	1	125	auto
MUSICIANS/A/Agemixer/Dash_It.sid	1	125	auto
MUSICIANS/A/Agemixer/Desert_Queen.sid	1	107	auto
MUSICIANS/A/Agemixer/Earle_1993.sid	1	124	auto
MUSICIANS/A/Agemixer/Early_Summer.sid	1	107	auto
MUSICIANS/A/Agemixer/Electrolytic_Capacitor.sid	1	125	auto
MUSICIANS/A/Agemixer/Endpart.sid	1	150	auto
MUSICIANS/A/Agemixer/Eternal_Light.sid	1	107	auto
MUSICIANS/A/Agemixer/Extreme_Silence.sid	1	125	auto
MUSICIANS/A/Agemixer/Fat_Phitness.sid	1	107	auto
MUSICIANS/A/Agemixer/Figle_One.sid	1	125	auto
MUSICIANS/A/Agemixer/GSM_Interrupt.sid	1	150	auto
MUSICIANS/A/Agemixer/Gate_Opening.sid	1	125	auto
MUSICIANS/A/Agemixer/Goozboot_5.sid	1	125	auto
MUSICIANS/A/Agemixer/Heartinfarct.sid	1	125	auto
MUSICIANS/A/Agemixer/Iltasade.sid	1	125	auto
MUSICIANS/A/Agemixer/Intro-1.sid	1	125	auto
MUSICIANS/A/Agemixer/JAQ.sid	1	125	auto
MUSICIANS/A/Agemixer/Just_for_You.sid	1	88	auto
MUSICIANS/A/Agemixer/Kemiaa_2.sid	1	107	auto
MUSICIANS/A/Agemixer/Kirsi.sid	1	124	auto
MUSICIANS/A/Agemixer/Kummatti_City.sid	1	124	auto
MUSICIANS/A/Agemixer/Let_Me_Hear_You_Say_Yeah.sid	1	124	auto
MUSICIANS/A/Agemixer/Lion_King.sid	1	111	auto
MUSICIANS/A/Agemixer/Little_Lies.sid	1	125	auto
MUSICIANS/A/Agemixer/Loadmusic.sid	1	125	auto
MUSICIANS/A/Agemixer/Megajoule_Muzis.sid	1	150	auto
MUSICIANS/A/Agemixer/Melodus.sid	1	125	auto
MUSICIANS/A/Agemixer/Missed_Life_2.sid	1	125	auto
MUSICIANS/A/Agemixer/Moonspire-The_Draxx_War_preview.sid	1	125	auto
MUSICIANS/A/Agemixer/Moonspire_2_preview.sid	2	125	auto
MUSICIANS/A/Agemixer/Myblock_One_Block.sid	1	94	auto
MUSICIANS/A/Agemixer/N_Trans.sid	1	136	auto
MUSICIANS/A/Agemixer/National_Park_GRAVE_DANGER.sid	1	124	auto
MUSICIANS/A/Agemixer/National_Park_jonga_mix.sid	1	125	auto
MUSICIANS/A/Agemixer/Nightshift.sid	1	125	auto
MUSICIANS/A/Agemixer/Old_City.sid	1	94	auto
MUSICIANS/A/Agemixer/Oldies.sid	1	124	auto
MUSICIANS/A/Agemixer/Oldskoolcrayfish.sid	1	125	auto
MUSICIANS/A/Agemixer/On_Dangerous_Ground.sid	1	125	auto
MUSICIANS/A/Agemixer/Patakakkonen.sid	1	124	auto
MUSICIANS/A/Agemixer/Picket_Fences.sid	1	151	auto
MUSICIANS/A/Agemixer/Pop_Chip.sid	1	124	auto
MUSICIANS/A/Agemixer/Rainbow.sid	1	124	auto
MUSICIANS/A/Agemixer/Random_Bed.sid	1	124	auto
MUSICIANS/A/Agemixer/Rapping_Radical_v2.sid	1	125	auto
MUSICIANS/A/Agemixer/Rest_in_Pieces.sid	1	150	auto
MUSICIANS/A/Agemixer/Rythmistix.sid	1	125	auto
MUSICIANS/A/Agemixer/Skyflares_in_Horizon.sid	1	125	auto
MUSICIANS/A/Agemixer/Slow_Melody_2.sid	1	150	auto
MUSICIANS/A/Agemixer/So_Bitter_Life.sid	1	124	auto
MUSICIANS/A/Agemixer/Sonic_Fox_Digging_Digital.sid	1	124	auto
MUSICIANS/A/Agemixer/Sonic_Fox_Digging_Digital_2.sid	1	150	auto
MUSICIANS/A/Agemixer/Sonic_Fox_Fighting_Forever.sid	1	125	auto
MUSICIANS/A/Agemixer/Soundly_Computer.sid	1	125	auto
MUSICIANS/A/Agemixer/Speedway.sid	1	125	auto
MUSICIANS/A/Agemixer/Summer_Touch.sid	1	100	auto
MUSICIANS/A/Agemixer/Summer_Touch_2.sid	1	125	auto
MUSICIANS/A/Agemixer/Syksyn_Saevel.sid	1	125	auto
MUSICIANS/A/Agemixer/Tiny_Heart_In_Farct_remix.sid	1	125	auto
MUSICIANS/A/Agemixer/Triblet_One.sid	1	125	auto
MUSICIANS/A/Agemixer/Ukka_Bukkake.sid	1	125	auto
MUSICIANS/A/Agemixer/Voe_Taevas.sid	1	125	auto
MUSICIANS/A/Agemixer/Vulcanus.sid	1	150	auto
MUSICIANS/A/Agemixer/Wader_Shores.sid	1	125	auto
MUSICIANS/A/Agemixer/Whats_This.sid	1	150	auto
MUSICIANS/A/Agemixer/X-Files_remix.sid	1	125	auto
MUSICIANS/A/Agemixer/Zenerdiodi.sid	1	94	auto
MUSICIANS/A/Ahti/Ahti_01.sid	1	151	auto
MUSICIANS/A/Ahti/Corto_Maltese_SIDE2.sid	1	150	auto
MUSICIANS/A/Ahti/Corto_Maltese_SIDE2.sid	2	150	auto
MUSICIANS/A/Ahti/Hard_Work.sid	1	124	auto
MUSICIANS/A/Ahti/Icecube.sid	1	151	auto
MUSICIANS/A/Ahti/Psyko.sid	1	94	auto
MUSICIANS/A/Ahti/Weedland.sid	1	151	auto
MUSICIANS/A/Ahz_The_Demon/Excalibur.sid	1	90	auto
MUSICIANS/A/Ahz_The_Demon/Higher_Ground.sid	1	151	auto
MUSICIANS/A/Ahz_The_Demon/Kiss_My_Carc-Ass_tune_3.sid	1	112	auto
MUSICIANS/A/Ahz_The_Demon/Mindblended.sid	1	129	auto
MUSICIANS/A/Ahz_The_Demon/Sadisfaction_tune_4.sid	1	150	auto
MUSICIANS/A/Ahz_The_Demon/Technaahz.sid	1	90	auto
MUSICIANS/A/Ajitek/7_of_4.sid	1	124	auto
MUSICIANS/A/Ajitek/Deckmasters.sid	1	125	auto
MUSICIANS/A/Ajitek/Did_We_Not.sid	1	150	auto
MUSICIANS/A/Ajitek/Elimination_Keygen.sid	1	150	auto
MUSICIANS/A/Ajitek/Funky_Fishs_R2-D2.sid	1	125	auto
MUSICIANS/A/Ajitek/Gear_Loadout.sid	1	124	auto
MUSICIANS/A/Ajitek/Hsud.sid	1	150	auto
MUSICIANS/A/Ajitek/Search_for_the_Vanished_Princess.sid	1	115	auto
MUSICIANS/A/Ajitek/Shovel_Funk.sid	1	125	auto
MUSICIANS/A/Ajitek/Space_Gauntlet.sid	1	94	auto
MUSICIANS/A/Ajitek/Stuart.sid	1	125	auto
MUSICIANS/A/Ajitek/Wistleball.sid	1	124	auto
MUSICIANS/A/Ajitek/Wob.sid	1	150	auto
MUSICIANS/A/Akadem/Akadem_01.sid	1	94	auto
MUSICIANS/A/Akadem/Blues.sid	1	83	auto
MUSICIANS/A/Akadem/Boogie.sid	1	83	auto
MUSICIANS/A/Akadem/Brahms.sid	1	124	auto
MUSICIANS/A/Akadem/Caution_Tools_1_menu.sid	1	125	auto
MUSICIANS/A/Akadem/Charlston.sid	1	94	auto
MUSICIANS/A/Akadem/Cool_Musax.sid	1	125	auto
MUSICIANS/A/Akadem/Cool_Musax.sid	2	83	auto
MUSICIANS/A/Akadem/Cool_Musax.sid	4	124	auto
MUSICIANS/A/Akadem/Corleth.sid	1	125	auto
MUSICIANS/A/Akadem/Defiance_intro.sid	1	124	auto
MUSICIANS/A/Akadem/Earth.sid	1	125	auto
MUSICIANS/A/Akadem/Flute.sid	1	100	auto
MUSICIANS/A/Akadem/Good_Bye_C64-Scene.sid	1	83	auto
MUSICIANS/A/Akadem/Grundy.sid	1	125	auto
MUSICIANS/A/Akadem/Hawaii.sid	1	124	auto
MUSICIANS/A/Akadem/Kashana.sid	1	125	auto
MUSICIANS/A/Akadem/Magic.sid	1	124	auto
MUSICIANS/A/Akadem/Newest.sid	1	94	auto
MUSICIANS/A/Akadem/Omnibus.sid	1	125	auto
MUSICIANS/A/Akadem/Paralax.sid	1	94	auto
MUSICIANS/A/Akadem/Passage.sid	1	93	auto
MUSICIANS/A/Akadem/Rain.sid	1	94	auto
MUSICIANS/A/Akadem/Samba.sid	1	94	auto
MUSICIANS/A/Akadem/Short_Tune.sid	1	94	auto
MUSICIANS/A/Akadem/Titanic.sid	1	151	auto
MUSICIANS/A/Akadem/Xanth.sid	1	126	auto
MUSICIANS/A/Akira_K/Data_Data_Data_Data.sid	1	125	auto
MUSICIANS/A/Akira_K/GBG_CrunchFunk.sid	1	107	auto
MUSICIANS/A/Akira_K/Hardrestart.sid	1	75	auto
MUSICIANS/A/Akira_K/Robert_Hood_Wizard.sid	1	107	auto
MUSICIANS/A/Akira_K/Wish_Come_True.sid	1	112	auto
MUSICIANS/A/Albartus_Jan/2K4.sid	1	150	auto
MUSICIANS/A/Albartus_Jan/Another_One.sid	1	124	auto
MUSICIANS/A/Albartus_Jan/Beat_Is_Real.sid	1	125	auto
MUSICIANS/A/Albartus_Jan/Boring_Tunes.sid	1	125	auto
MUSICIANS/A/Albartus_Jan/C4.sid	1	125	auto
MUSICIANS/A/Albartus_Jan/Childrens_Downmix.sid	1	125	auto
MUSICIANS/A/Albartus_Jan/Cobra_Moves.sid	1	150	auto
MUSICIANS/A/Albartus_Jan/Cobras_3rd.sid	2	125	auto
MUSICIANS/A/Albartus_Jan/Cool_Drum.sid	1	125	auto
MUSICIANS/A/Albartus_Jan/Cool_Tune.sid	1	125	auto
MUSICIANS/A/Albartus_Jan/DYCP_Is_Cool.sid	1	93	auto
MUSICIANS/A/Albartus_Jan/Delirious.sid	1	151	auto
MUSICIANS/A/Albartus_Jan/Double_Loop.sid	1	151	auto
MUSICIANS/A/Albartus_Jan/Dramatic_Remix.sid	1	125	auto
MUSICIANS/A/Albartus_Jan/Early_Remix.sid	1	125	auto
MUSICIANS/A/Albartus_Jan/Firestart_92.sid	1	125	auto
MUSICIANS/A/Albartus_Jan/Glow_Dark.sid	1	125	auto
MUSICIANS/A/Albartus_Jan/Harsh_Sounds.sid	1	125	auto
MUSICIANS/A/Albartus_Jan/Heres_Spawn.sid	1	124	auto
MUSICIANS/A/Albartus_Jan/Hydro_House.sid	1	125	auto
MUSICIANS/A/Albartus_Jan/I_Love_Mira.sid	1	125	auto
MUSICIANS/A/Albartus_Jan/Introduction.sid	1	124	auto
MUSICIANS/A/Albartus_Jan/Jumping_Jam.sid	1	125	auto
MUSICIANS/A/Albartus_Jan/Just_a_Demo.sid	1	124	auto
MUSICIANS/A/Albartus_Jan/Lameness.sid	1	125	auto
MUSICIANS/A/Albartus_Jan/Let_the_Beat.sid	1	125	auto
MUSICIANS/A/Albartus_Jan/Long_Song.sid	1	124	auto
MUSICIANS/A/Albartus_Jan/Long_Weekend.sid	1	125	auto
MUSICIANS/A/Albartus_Jan/Lost_Feeling.sid	1	125	auto
MUSICIANS/A/Albartus_Jan/Magical_Spell.sid	1	125	auto
MUSICIANS/A/Albartus_Jan/Magical_Spell_v2.sid	1	125	auto
MUSICIANS/A/Albartus_Jan/Meet_Us.sid	1	124	auto
MUSICIANS/A/Albartus_Jan/Mutant_Eggs.sid	1	94	auto
MUSICIANS/A/Albartus_Jan/Noisy_Pill_Mix.sid	1	124	auto
MUSICIANS/A/Albartus_Jan/Noisy_Pillars_Remixed.sid	1	125	auto
MUSICIANS/A/Albartus_Jan/Ode_to_Musmo.sid	1	125	auto
MUSICIANS/A/Albartus_Jan/Piano_Fun_93.sid	1	94	auto
MUSICIANS/A/Albartus_Jan/Piano_Pling.sid	1	124	auto
MUSICIANS/A/Albartus_Jan/Quadro_Hopla.sid	1	75	auto
MUSICIANS/A/Albartus_Jan/Quadro_Loop.sid	1	83	auto
MUSICIANS/A/Albartus_Jan/RagBeat64.sid	1	131	auto
MUSICIANS/A/Albartus_Jan/Roll_Out.sid	1	124	auto
MUSICIANS/A/Albartus_Jan/Seuk_Music.sid	1	125	auto
MUSICIANS/A/Albartus_Jan/Silly_Willy.sid	1	125	auto
MUSICIANS/A/Albartus_Jan/Slow_Rock.sid	1	125	auto
MUSICIANS/A/Albartus_Jan/Strike_You.sid	1	125	auto
MUSICIANS/A/Albartus_Jan/Taxi_Run.sid	1	94	auto
MUSICIANS/A/Albartus_Jan/Technic.sid	1	94	auto
MUSICIANS/A/Albartus_Jan/Tekno.sid	1	125	auto
MUSICIANS/A/Albartus_Jan/Time_Zone.sid	1	125	auto
MUSICIANS/A/Albartus_Jan/Total_Reggae.sid	1	125	auto
MUSICIANS/A/Albartus_Jan/Triple_Zone.sid	1	125	auto
MUSICIANS/A/Albartus_Jan/Trout.sid	1	124	auto
MUSICIANS/A/Albartus_Jan/Weird_Sounds.sid	1	124	auto
MUSICIANS/A/Albartus_Jan/Wild_Thing.sid	1	136	auto
MUSICIANS/A/Albert_Christoph/Dynasty_8_tune_2.sid	1	125	auto
MUSICIANS/A/Albert_Christoph/Dynasty_8_tune_3.sid	1	125	auto
MUSICIANS/A/Albert_Christoph/Dynasty_8_tune_4.sid	1	125	auto
MUSICIANS/A/Alchemy/Sweet_Funk_All.sid	1	125	auto
MUSICIANS/A/Alchemy/TSR_Intro.sid	1	125	auto
MUSICIANS/A/Aleksi_Knutsi/A_New_Beginning.sid	1	94	auto
MUSICIANS/A/Aleksi_Knutsi/Autumnness.sid	1	125	auto
MUSICIANS/A/Aleksi_Knutsi/Autumnness_echofied.sid	1	125	auto
MUSICIANS/A/Aleksi_Knutsi/Last_Transmission.sid	1	107	auto
MUSICIANS/A/Aleksi_Knutsi/Let_There_Be_Silence.sid	1	107	auto
MUSICIANS/A/Aleksi_Knutsi/No_Groups_of_41.sid	1	107	auto
MUSICIANS/A/Aleksi_Knutsi/Terrible_Music.sid	1	125	auto
MUSICIANS/A/Alex/Alphaville.sid	1	94	auto
MUSICIANS/A/Alex/Biosphere.sid	1	124	auto
MUSICIANS/A/Alex/Brainwash_2.sid	1	124	auto
MUSICIANS/A/Alex/Dance_on_the_Air_part_1.sid	1	93	auto
MUSICIANS/A/Alex/Dance_on_the_Air_part_2.sid	1	125	auto
MUSICIANS/A/Alex/Its_a_Sin.sid	1	124	auto
MUSICIANS/A/Alex/Oxygene.sid	1	124	auto
MUSICIANS/A/Alfatech/Short_Tune.sid	1	125	auto
MUSICIANS/A/Alfatech/Techno_Death.sid	1	124	auto
MUSICIANS/A/Alias_Medron/Deferoxamine.sid	1	125	auto
MUSICIANS/A/Alias_Medron/My_First_Song.sid	1	125	auto
MUSICIANS/A/Alias_Medron/Relax.sid	1	150	auto
MUSICIANS/A/Alias_Medron/Third_Zak.sid	1	125	auto
MUSICIANS/A/Alien-Crackings/Digital_Mix_Five.sid	1	117	auto
MUSICIANS/A/Alien-Crackings/Digital_Mix_Four.sid	1	90	auto
MUSICIANS/A/Alien-Crackings/Digital_Mix_One.sid	1	122	auto
MUSICIANS/A/Alien-Crackings/Digital_Mix_Two.sid	1	119	auto
MUSICIANS/A/Alien-Crackings/Digital_Remix-Disk.sid	1	126	auto
MUSICIANS/A/Alien-Crackings/Night_Shadow.sid	1	132	auto
MUSICIANS/A/Alien_Intruders/Alien_Music_1.sid	1	124	auto
MUSICIANS/A/Alien_Intruders/Alien_Music_2.sid	1	94	auto
MUSICIANS/A/Alien_Intruders/Alien_Music_3.sid	1	94	auto
MUSICIANS/A/Alien_Intruders/Dreary_loader_part_2.sid	1	150	auto
MUSICIANS/A/Alien_Intruders/Dreary_the_end.sid	1	125	auto
MUSICIANS/A/Alien_Intruders/Intruders_Intro_3.sid	1	125	auto
MUSICIANS/A/Alien_Intruders/Intruders_Intro_5.sid	1	125	auto
MUSICIANS/A/Alien_Intruders/Intruders_Intro_6.sid	1	125	auto
MUSICIANS/A/Alien_WOW/1st_Intro.sid	1	125	auto
MUSICIANS/A/Alien_WOW/4_a_Magazine.sid	1	125	auto
MUSICIANS/A/Alien_WOW/A_Real_Hit.sid	1	125	auto
MUSICIANS/A/Alien_WOW/A_Vision.sid	1	125	auto
MUSICIANS/A/Alien_WOW/Above_Excess_preview.sid	1	125	auto
MUSICIANS/A/Alien_WOW/Africa_Dreams.sid	1	125	auto
MUSICIANS/A/Alien_WOW/Aliens_Mission.sid	1	125	auto
MUSICIANS/A/Alien_WOW/April_Beat.sid	1	125	auto
MUSICIANS/A/Alien_WOW/BCD_Noter_V2.sid	1	125	auto
MUSICIANS/A/Alien_WOW/Back_Again.sid	1	125	auto
MUSICIANS/A/Alien_WOW/Beat_Boy.sid	1	124	auto
MUSICIANS/A/Alien_WOW/Break_Free_Nation_BCD.sid	1	124	auto
MUSICIANS/A/Alien_WOW/Classic_and_Action.sid	1	125	auto
MUSICIANS/A/Alien_WOW/Come_On.sid	1	125	auto
MUSICIANS/A/Alien_WOW/Cover_01.sid	1	125	auto
MUSICIANS/A/Alien_WOW/Cover_02.sid	1	83	auto
MUSICIANS/A/Alien_WOW/Culture.sid	1	94	auto
MUSICIANS/A/Alien_WOW/Cyberpunx_Intro.sid	1	125	auto
MUSICIANS/A/Alien_WOW/DJ_Fantasy.sid	1	125	auto
MUSICIANS/A/Alien_WOW/Deepdance.sid	1	124	auto
MUSICIANS/A/Alien_WOW/Defeated.sid	1	124	auto
MUSICIANS/A/Alien_WOW/Do_You_Like_Zoomer-Licence.sid	1	125	auto
MUSICIANS/A/Alien_WOW/Do_You_Like_Zoomer.sid	1	124	auto
MUSICIANS/A/Alien_WOW/Dopeman.sid	1	125	auto
MUSICIANS/A/Alien_WOW/Echo_Force.sid	1	125	auto
MUSICIANS/A/Alien_WOW/Effective.sid	1	125	auto
MUSICIANS/A/Alien_WOW/Evidence.sid	1	125	auto
MUSICIANS/A/Alien_WOW/Exclusive_4_Fungus.sid	1	125	auto
MUSICIANS/A/Alien_WOW/Expression.sid	1	125	auto
MUSICIANS/A/Alien_WOW/Feel_Good.sid	1	125	auto
MUSICIANS/A/Alien_WOW/Feel_It.sid	1	125	auto
MUSICIANS/A/Alien_WOW/Feelings.sid	1	93	auto
MUSICIANS/A/Alien_WOW/Flashback.sid	1	124	auto
MUSICIANS/A/Alien_WOW/For_Outdoor_01.sid	1	94	auto
MUSICIANS/A/Alien_WOW/Funky_Smile_Workaholic3.sid	1	125	auto
MUSICIANS/A/Alien_WOW/Funny_Day.sid	1	125	auto
MUSICIANS/A/Alien_WOW/Get_the_Hook.sid	1	94	auto
MUSICIANS/A/Alien_WOW/Give_Me_More.sid	1	125	auto
MUSICIANS/A/Alien_WOW/Good_Things.sid	1	125	auto
MUSICIANS/A/Alien_WOW/Gratitude.sid	1	125	auto
MUSICIANS/A/Alien_WOW/Grey_World.sid	1	125	auto
MUSICIANS/A/Alien_WOW/Happy_Hour.sid	1	150	auto
MUSICIANS/A/Alien_WOW/Happy_Tune.sid	1	125	auto
MUSICIANS/A/Alien_WOW/Here_We_Go.sid	1	125	auto
MUSICIANS/A/Alien_WOW/Holy_Words.sid	1	125	auto
MUSICIANS/A/Alien_WOW/Hubba_Bubba.sid	1	125	auto
MUSICIANS/A/Alien_WOW/I_Am_Ready.sid	1	125	auto
MUSICIANS/A/Alien_WOW/I_Feel_It.sid	1	124	auto
MUSICIANS/A/Alien_WOW/Imaginary_Friend.sid	1	94	auto
MUSICIANS/A/Alien_WOW/In_Her_Eyes.sid	1	94	auto
MUSICIANS/A/Alien_WOW/Intromusic.sid	1	125	auto
MUSICIANS/A/Alien_WOW/Its_Fun.sid	1	125	auto
MUSICIANS/A/Alien_WOW/Its_Partytime.sid	1	125	auto
MUSICIANS/A/Alien_WOW/Jukebox_1_tune_02.sid	1	94	auto
MUSICIANS/A/Alien_WOW/Jukebox_1_tune_04.sid	1	125	auto
MUSICIANS/A/Alien_WOW/Jukebox_1_tune_06.sid	1	83	auto
MUSICIANS/A/Alien_WOW/Jukebox_1_tune_07.sid	1	94	auto
MUSICIANS/A/Alien_WOW/Jukebox_1_tune_08.sid	1	94	auto
MUSICIANS/A/Alien_WOW/Jukebox_1_tune_09.sid	1	94	auto
MUSICIANS/A/Alien_WOW/Jukebox_1_tune_10.sid	1	94	auto
MUSICIANS/A/Alien_WOW/Jukebox_1_tune_11.sid	1	125	auto
MUSICIANS/A/Alien_WOW/Jukebox_1_tune_18.sid	1	94	auto
MUSICIANS/A/Alien_WOW/Jukebox_1_tune_19.sid	1	83	auto
MUSICIANS/A/Alien_WOW/Jukebox_1_tune_20.sid	1	94	auto
MUSICIANS/A/Alien_WOW/Jukebox_1_tune_23.sid	1	125	auto
MUSICIANS/A/Alien_WOW/Jukebox_1_tune_24.sid	1	125	auto
MUSICIANS/A/Alien_WOW/Jukebox_1_tune_25.sid	1	151	auto
MUSICIANS/A/Alien_WOW/Jukebox_1_tune_26.sid	1	125	auto
MUSICIANS/A/Alien_WOW/Jukebox_1_tune_28.sid	1	94	auto
MUSICIANS/A/Alien_WOW/Jukebox_1_tune_29.sid	1	94	auto
MUSICIANS/A/Alien_WOW/Jukebox_4_intro.sid	1	124	auto
MUSICIANS/A/Alien_WOW/Jump_Around.sid	1	83	auto
MUSICIANS/A/Alien_WOW/Knowledge_Posse_tune_1.sid	1	125	auto
MUSICIANS/A/Alien_WOW/Knowledge_Posse_tune_2.sid	1	125	auto
MUSICIANS/A/Alien_WOW/Knowledge_Posse_tune_3.sid	1	94	auto
MUSICIANS/A/Alien_WOW/Kursiv.sid	1	125	auto
MUSICIANS/A/Alien_WOW/Lets_Party.sid	1	125	auto
MUSICIANS/A/Alien_WOW/Licence_and_Turn_the_Disk.sid	1	125	auto
MUSICIANS/A/Alien_WOW/Lightbringer.sid	1	124	auto
MUSICIANS/A/Alien_WOW/Little_Fun.sid	1	125	auto
MUSICIANS/A/Alien_WOW/Lost_Match.sid	1	94	auto
MUSICIANS/A/Alien_WOW/Love_Sees_No_Color.sid	1	125	auto
MUSICIANS/A/Alien_WOW/Macrocosm.sid	1	124	auto
MUSICIANS/A/Alien_WOW/Mangroove.sid	1	107	auto
MUSICIANS/A/Alien_WOW/Megaforce.sid	1	125	auto
MUSICIANS/A/Alien_WOW/Menudriver.sid	1	124	auto
MUSICIANS/A/Alien_WOW/Mind_Control.sid	1	124	auto
MUSICIANS/A/Alien_WOW/Mr_Vain.sid	1	124	auto
MUSICIANS/A/Alien_WOW/Nearly_Free.sid	1	125	auto
MUSICIANS/A/Alien_WOW/No_Anchovies.sid	1	107	auto
MUSICIANS/A/Alien_WOW/Ode_to_Rob_Hubbard.sid	1	150	auto
MUSICIANS/A/Alien_WOW/Operator.sid	1	125	auto
MUSICIANS/A/Alien_WOW/Out_of_Control.sid	1	125	auto
MUSICIANS/A/Alien_WOW/Outdoor_02_tune_2.sid	1	125	auto
MUSICIANS/A/Alien_WOW/Outdoor_02_tune_4.sid	1	124	auto
MUSICIANS/A/Alien_WOW/Outdoor_03_intro.sid	1	125	auto
MUSICIANS/A/Alien_WOW/P_R_I_Styled.sid	1	125	auto
MUSICIANS/A/Alien_WOW/Panorama.sid	1	125	auto
MUSICIANS/A/Alien_WOW/Past.sid	1	125	auto
MUSICIANS/A/Alien_WOW/Platinum.sid	1	125	auto
MUSICIANS/A/Alien_WOW/Prime_Time_part_5.sid	1	124	auto
MUSICIANS/A/Alien_WOW/Propaganda.sid	1	94	auto
MUSICIANS/A/Alien_WOW/Question_of_Guilt.sid	1	125	auto
MUSICIANS/A/Alien_WOW/Quickstep.sid	1	125	auto
MUSICIANS/A/Alien_WOW/R_evolution.sid	1	125	auto
MUSICIANS/A/Alien_WOW/Racism_Sux.sid	1	125	auto
MUSICIANS/A/Alien_WOW/Rap_It.sid	1	125	auto
MUSICIANS/A/Alien_WOW/Revolution_2.sid	1	124	auto
MUSICIANS/A/Alien_WOW/Rythm.sid	1	125	auto
MUSICIANS/A/Alien_WOW/Short_and_Cool.sid	1	124	auto
MUSICIANS/A/Alien_WOW/Silence.sid	1	150	auto
MUSICIANS/A/Alien_WOW/Silent_Night.sid	1	125	auto
MUSICIANS/A/Alien_WOW/Silent_Tears.sid	1	124	auto
MUSICIANS/A/Alien_WOW/Space_Debris.sid	1	125	auto
MUSICIANS/A/Alien_WOW/Speedy-Voice.sid	1	125	auto
MUSICIANS/A/Alien_WOW/Street_Life.sid	1	125	auto
MUSICIANS/A/Alien_WOW/Suspiria.sid	1	125	auto
MUSICIANS/A/Alien_WOW/Sweet_Heart.sid	1	125	auto
MUSICIANS/A/Alien_WOW/Talk_a_Lot_2_tune_04.sid	1	124	auto
MUSICIANS/A/Alien_WOW/Talk_a_Lot_3_intro.sid	1	124	auto
MUSICIANS/A/Alien_WOW/Talk_a_Lot_3_note.sid	1	125	auto
MUSICIANS/A/Alien_WOW/Talk_a_Lot_3_tune_04.sid	1	124	auto
MUSICIANS/A/Alien_WOW/Talk_a_Lot_4_intro.sid	1	125	auto
MUSICIANS/A/Alien_WOW/Talk_a_Lot_4_menu.sid	1	125	auto
MUSICIANS/A/Alien_WOW/Talk_a_Lot_4_tune_06.sid	1	124	auto
MUSICIANS/A/Alien_WOW/Talk_a_Lot_4_tune_08.sid	1	125	auto
MUSICIANS/A/Alien_WOW/Talk_a_Lot_4_tune_10.sid	1	94	auto
MUSICIANS/A/Alien_WOW/Talk_a_Lot_4_tune_13.sid	1	83	auto
MUSICIANS/A/Alien_WOW/Talk_a_Lot_5_menu.sid	1	125	auto
MUSICIANS/A/Alien_WOW/Techno_Baby.sid	1	75	auto
MUSICIANS/A/Alien_WOW/These_Days-Licence_Version.sid	1	125	auto
MUSICIANS/A/Alien_WOW/These_Days.sid	1	125	auto
MUSICIANS/A/Alien_WOW/Time_Is_Fun.sid	1	124	auto
MUSICIANS/A/Alien_WOW/Trash.sid	1	125	auto
MUSICIANS/A/Alien_WOW/Tribaldance_plus_Nolimit.sid	1	125	auto
MUSICIANS/A/Alien_WOW/Tribute_2_Einstein.sid	1	125	auto
MUSICIANS/A/Alien_WOW/UNREAL_II.sid	1	125	auto
MUSICIANS/A/Alien_WOW/Walk_to_Sun.sid	1	124	auto
MUSICIANS/A/Alien_WOW/Wall_1_menu.sid	1	125	auto
MUSICIANS/A/Alien_WOW/We_Are_Alive.sid	1	125	auto
MUSICIANS/A/Alien_WOW/Weather_Girl.sid	1	94	auto
MUSICIANS/A/Alien_WOW/Weekend.sid	1	125	auto
MUSICIANS/A/Alien_WOW/Whoomp_Tekno.sid	1	124	auto
MUSICIANS/A/Alien_WOW/Workaholic_2_tune_2.sid	1	124	auto
MUSICIANS/A/Alien_WOW/Workaholic_3_Intro.sid	1	125	auto
MUSICIANS/A/Alien_WOW/X2001.sid	1	125	auto
MUSICIANS/A/Alien_WOW/Yeah_Yeah_Wow_Wow.sid	1	124	auto
MUSICIANS/A/Alkie_Soft/Atlan_is_Back.sid	1	139	auto
MUSICIANS/A/Alkie_Soft/First_Sample_Try.sid	1	125	auto
MUSICIANS/A/Alkie_Soft/Intro_Collection_part_4.sid	1	128	auto
MUSICIANS/A/Alkie_Soft/Intro_Collection_part_6.sid	1	120	auto
MUSICIANS/A/Alkie_Soft/Magic_Mirage_3_tune_2.sid	1	125	auto
MUSICIANS/A/Alkie_Soft/Second_Demo_tune_1.sid	1	124	auto
MUSICIANS/A/Alkie_Soft/Second_Demo_tune_2.sid	1	124	auto
MUSICIANS/A/Almered_Per/Fatale.sid	1	125	auto
MUSICIANS/A/Almered_Per/Nothing_Compares_2_U.sid	1	151	auto
MUSICIANS/A/Almered_Per/Sub.sid	1	125	auto
MUSICIANS/A/Almered_Per/Telephone_Call.sid	1	107	auto
MUSICIANS/A/Almered_Per/Under_Norrskenet.sid	1	94	auto
MUSICIANS/A/Almered_Per/Van_Gogh.sid	1	107	auto
MUSICIANS/A/Alpha/Deilig_er_jorden.sid	1	124	auto
MUSICIANS/A/Alpha/Kim_alle_klokker.sid	1	124	auto
MUSICIANS/A/Amadeus_Attic/Amigos.sid	1	125	auto
MUSICIANS/A/Amadeus_Attic/Broken_Dreams.sid	1	125	auto
MUSICIANS/A/Amadeus_Attic/Conqueror.sid	1	125	auto
MUSICIANS/A/Amadeus_Attic/Das_Model.sid	1	150	auto
MUSICIANS/A/Amadeus_Attic/Datura.sid	1	150	auto
MUSICIANS/A/Amadeus_Attic/Destruktor.sid	1	125	auto
MUSICIANS/A/Amadeus_Attic/Discontented.sid	1	150	auto
MUSICIANS/A/Amadeus_Attic/Electro_Baset.sid	1	151	auto
MUSICIANS/A/Amadeus_Attic/Energy.sid	1	150	auto
MUSICIANS/A/Amadeus_Attic/Eternity.sid	1	150	auto
MUSICIANS/A/Amadeus_Attic/Fiction.sid	1	150	auto
MUSICIANS/A/Amadeus_Attic/Forever_Young.sid	1	125	auto
MUSICIANS/A/Amadeus_Attic/Future_Generation.sid	1	125	auto
MUSICIANS/A/Amadeus_Attic/Hard_Zone.sid	1	124	auto
MUSICIANS/A/Amadeus_Attic/Hopper.sid	1	125	auto
MUSICIANS/A/Amadeus_Attic/Max-Mix.sid	1	150	auto
MUSICIANS/A/Amadeus_Attic/Mystery_Invaders.sid	1	125	auto
MUSICIANS/A/Amadeus_Attic/No_Pressure.sid	1	150	auto
MUSICIANS/A/Amadeus_Attic/O_K.sid	1	125	auto
MUSICIANS/A/Amadeus_Attic/Ode_2_M_B.sid	1	150	auto
MUSICIANS/A/Amadeus_Attic/Omega.sid	1	150	auto
MUSICIANS/A/Amadeus_Attic/Power_Machine.sid	1	126	auto
MUSICIANS/A/Amadeus_Attic/Radiation.sid	1	150	auto
MUSICIANS/A/Amadeus_Attic/Relax_Its_Beautiful.sid	1	123	auto
MUSICIANS/A/Amadeus_Attic/Secrets.sid	1	125	auto
MUSICIANS/A/Amadeus_Attic/Space_Invaders.sid	1	125	auto
MUSICIANS/A/Amadeus_Attic/Speedway.sid	1	150	auto
MUSICIANS/A/Amadeus_Attic/Techno_Mix.sid	1	150	auto
MUSICIANS/A/Amadeus_Attic/Techno_Road.sid	1	150	auto
MUSICIANS/A/Amadeus_Attic/Terror.sid	1	125	auto
MUSICIANS/A/Amadeus_Attic/Time_to_Move.sid	1	124	auto
MUSICIANS/A/Amadeus_Attic/Ucieczka_z_Tropiku_2.sid	1	94	auto
MUSICIANS/A/Amadeus_Attic/Visitors.sid	1	125	auto
MUSICIANS/A/Amadeus_Meka_Design/81_an.sid	1	124	auto
MUSICIANS/A/Amadeus_Meka_Design/Abnormal.sid	1	124	auto
MUSICIANS/A/Amadeus_Meka_Design/Axel_Foley.sid	1	125	auto
MUSICIANS/A/Amadeus_Meka_Design/Bamse_Tramse.sid	1	125	auto
MUSICIANS/A/Amadeus_Meka_Design/Boggie_Boggie.sid	1	84	auto
MUSICIANS/A/Amadeus_Meka_Design/Egon_Krenz.sid	1	125	auto
MUSICIANS/A/Amadeus_Meka_Design/Fill_Out.sid	1	125	auto
MUSICIANS/A/Amadeus_Meka_Design/Flumbo.sid	1	93	auto
MUSICIANS/A/Amadeus_Meka_Design/Gaby.sid	1	94	auto
MUSICIANS/A/Amadeus_Meka_Design/Gorby_Needs_Ya.sid	1	94	auto
MUSICIANS/A/Amadeus_Meka_Design/Gurksladder.sid	1	125	auto
MUSICIANS/A/Amadeus_Meka_Design/Haren_Juckar.sid	1	94	auto
MUSICIANS/A/Amadeus_Meka_Design/Heuristic.sid	1	124	auto
MUSICIANS/A/Amadeus_Meka_Design/Klumpnaeck.sid	1	94	auto
MUSICIANS/A/Amadeus_Meka_Design/Loves_Juck.sid	1	94	auto
MUSICIANS/A/Amadeus_Meka_Design/Mackie_Messer.sid	1	125	auto
MUSICIANS/A/Amadeus_Meka_Design/Molekyl.sid	1	125	auto
MUSICIANS/A/Amadeus_Meka_Design/Newstart.sid	1	125	auto
MUSICIANS/A/Amadeus_Meka_Design/Oxygen.sid	1	125	auto
MUSICIANS/A/Amadeus_Meka_Design/Remember.sid	1	125	auto
MUSICIANS/A/Amadeus_Meka_Design/Rosa_Flibber.sid	1	125	auto
MUSICIANS/A/Amadeus_Meka_Design/Sanquance.sid	1	94	auto
MUSICIANS/A/Amadeus_Meka_Design/Scklocz.sid	1	94	auto
MUSICIANS/A/Amadeus_Meka_Design/Sinus_Song.sid	1	124	auto
MUSICIANS/A/Amadeus_Meka_Design/Solfeggio.sid	1	94	auto
MUSICIANS/A/Amadeus_Meka_Design/Songy.sid	1	124	auto
MUSICIANS/A/Amadeus_Meka_Design/Soul_le_Ciel.sid	1	124	auto
MUSICIANS/A/Amadeus_Meka_Design/Stolbrak.sid	1	94	auto
MUSICIANS/A/Amadeus_Meka_Design/Test_Song_3.sid	1	94	auto
MUSICIANS/A/Amadeus_Meka_Design/Trumpet_Sound.sid	1	125	auto
MUSICIANS/A/Amadeus_Meka_Design/Tummen_i_Baken.sid	1	125	auto
MUSICIANS/A/Amadeus_Meka_Design/Upside-Down.sid	1	94	auto
MUSICIANS/A/Amadeus_Meka_Design/Vejbystrand.sid	1	94	auto
MUSICIANS/A/Amadeus_Slash_Design/Cheeky_Bees.sid	1	125	auto
MUSICIANS/A/Amadeus_Slash_Design/Childs_Joy.sid	1	94	auto
MUSICIANS/A/Amadeus_Slash_Design/Classic_Duet.sid	1	125	auto
MUSICIANS/A/Amadeus_Slash_Design/Crazy_Reggae.sid	1	125	auto
MUSICIANS/A/Amadeus_Slash_Design/Doodle.sid	1	125	auto
MUSICIANS/A/Amadeus_Slash_Design/First_Time.sid	1	94	auto
MUSICIANS/A/Amadeus_Slash_Design/Funky_One.sid	1	94	auto
MUSICIANS/A/Amadeus_Slash_Design/Geometrical_Zaks.sid	1	125	auto
MUSICIANS/A/Amadeus_Slash_Design/Geometrical_Zaks.sid	2	125	auto
MUSICIANS/A/Amadeus_Slash_Design/Geometrical_Zaks.sid	3	125	auto
MUSICIANS/A/Amadeus_Slash_Design/Hate_Drums.sid	1	125	auto
MUSICIANS/A/Amadeus_Slash_Design/Huzzy.sid	1	125	auto
MUSICIANS/A/Amadeus_Slash_Design/Jungle.sid	1	125	auto
MUSICIANS/A/Amadeus_Slash_Design/Just_Relax_plus_Wind.sid	1	125	auto
MUSICIANS/A/Amadeus_Slash_Design/Light_Groove.sid	1	125	auto
MUSICIANS/A/Amadeus_Slash_Design/Mindmania.sid	1	125	auto
MUSICIANS/A/Amadeus_Slash_Design/Mindmania.sid	2	125	auto
MUSICIANS/A/Amadeus_Slash_Design/Mindmania.sid	3	125	auto
MUSICIANS/A/Amadeus_Slash_Design/Opus_Baseline.sid	1	124	auto
MUSICIANS/A/Amadeus_Slash_Design/Presentation.sid	1	125	auto
MUSICIANS/A/Amadeus_Slash_Design/Quick_One.sid	1	124	auto
MUSICIANS/A/Amadeus_Slash_Design/Simple.sid	1	125	auto
MUSICIANS/A/Amadeus_Slash_Design/Slow_Beats.sid	1	124	auto
MUSICIANS/A/Amadeus_Slash_Design/Weird_Dreams.sid	1	125	auto
MUSICIANS/A/Amaze/Foolish_Maniacs.sid	1	125	auto
MUSICIANS/A/Amaze/Haenschen_Kleen.sid	1	94	auto
MUSICIANS/A/Amaze/Mad_Mini_Remix.sid	1	125	auto
MUSICIANS/A/Amaze/Mieke_Keep_On_Holding.sid	1	125	auto
MUSICIANS/A/Amaze/Nitronic.sid	1	94	auto
MUSICIANS/A/Amaze/Push_It.sid	1	125	auto
MUSICIANS/A/Amaze/Rockmon_IV_plus_Drum_Sample_Demo.sid	1	126	auto
MUSICIANS/A/Amaze/Tristar_Designs_Music.sid	1	124	auto
MUSICIANS/A/Ames_John/Basket_Case.sid	1	90	auto
MUSICIANS/A/Ames_John/Castle_of_Zokor_Step_Carefully.sid	1	128	auto
MUSICIANS/A/Ames_John/Chrono_Trigger-Battle_2.sid	1	112	auto
MUSICIANS/A/Ames_John/Crystal_Cities.sid	1	128	auto
MUSICIANS/A/Ames_John/Crystal_Cities.sid	2	128	auto
MUSICIANS/A/Ames_John/Crystal_Cities.sid	4	128	auto
MUSICIANS/A/Ames_John/Demon_Stomp.sid	1	129	auto
MUSICIANS/A/Ames_John/Final_Fantasy-Battle_Medley.sid	1	90	auto
MUSICIANS/A/Ames_John/Final_Fantasy-Battle_Medley.sid	3	90	auto
MUSICIANS/A/Ames_John/Final_Fantasy-Battle_Medley.sid	4	90	auto
MUSICIANS/A/Ames_John/Final_Fantasy-Battle_Medley.sid	5	90	auto
MUSICIANS/A/Ames_John/Final_Fantasy-Battle_Medley.sid	7	90	auto
MUSICIANS/A/Ames_John/Final_Fantasy-Battle_Theme.sid	1	119	auto
MUSICIANS/A/Ames_John/Final_Fantasy_6-Battle.sid	1	90	auto
MUSICIANS/A/Ames_John/Final_Fantasy_IV-Overworld.sid	1	150	auto
MUSICIANS/A/Ames_John/Final_Fantasy_Theme.sid	1	151	auto
MUSICIANS/A/Ames_John/Final_Fantasy_V-Gilgamesh.sid	1	90	auto
MUSICIANS/A/Ames_John/Glacier_Dance.sid	1	100	auto
MUSICIANS/A/Ames_John/Jill_of_the_Jungle.sid	1	100	auto
MUSICIANS/A/Ames_John/Jill_of_the_Jungle.sid	2	129	auto
MUSICIANS/A/Ames_John/Jill_of_the_Jungle.sid	3	90	auto
MUSICIANS/A/Ames_John/Jill_of_the_Jungle.sid	5	90	auto
MUSICIANS/A/Ames_John/Jill_of_the_Jungle.sid	6	128	auto
MUSICIANS/A/Ames_John/Jill_of_the_Jungle.sid	7	128	auto
MUSICIANS/A/Ames_John/Jill_of_the_Jungle.sid	8	128	auto
MUSICIANS/A/Ames_John/Lithium.sid	1	128	auto
MUSICIANS/A/Ames_John/MM2-Flashman_Stage.sid	1	90	auto
MUSICIANS/A/Ames_John/MMX-Storm_Eagle.sid	1	90	auto
MUSICIANS/A/Ames_John/Maniac_Mansion.sid	1	112	auto
MUSICIANS/A/Ames_John/Megaman_X3-Gravity_Beetle.sid	1	151	auto
MUSICIANS/A/Ames_John/Megaman_X5-Select.sid	1	150	auto
MUSICIANS/A/Ames_John/MicroMan_gameplay.sid	1	129	auto
MUSICIANS/A/Ames_John/Moon_Patrol.sid	1	150	auto
MUSICIANS/A/Ames_John/Mountain_Climber.sid	1	151	auto
MUSICIANS/A/Ames_John/Myst-The_Myst_Book.sid	1	128	auto
MUSICIANS/A/Ames_John/Necromancers_Crypt.sid	1	129	auto
MUSICIANS/A/Ames_John/Odell_Mermaid.sid	4	150	auto
MUSICIANS/A/Ames_John/Odell_Mermaid.sid	5	150	auto
MUSICIANS/A/Ames_John/Odell_Mermaid.sid	6	90	auto
MUSICIANS/A/Ames_John/Smells_Like_Teen_Spirit.sid	1	129	auto
MUSICIANS/A/Ames_John/Super_Mario_Bros.sid	1	100	auto
MUSICIANS/A/Ames_John/Teen_Spirit_1_main_guitar.sid	1	64	auto
MUSICIANS/A/Ames_John/Teen_Spirit_3_bass_and_drums.sid	1	128	auto
MUSICIANS/A/Ames_John/Transmigrator.sid	1	129	auto
MUSICIANS/A/Ames_John/Weirdness.sid	1	128	auto
MUSICIANS/A/Ames_John/Xenarthus.sid	1	90	auto
MUSICIANS/A/Ames_John/Zoker_1_Boss.sid	1	151	auto
MUSICIANS/A/Anakonda/Anakonda.sid	1	125	auto
MUSICIANS/A/Anakonda/BPM_Record_1.sid	1	125	auto
MUSICIANS/A/Anakonda/Bongo_Rythm.sid	1	94	auto
MUSICIANS/A/Anakonda/China_House.sid	1	125	auto
MUSICIANS/A/Anakonda/Echo_Drum.sid	1	125	auto
MUSICIANS/A/Anakonda/Front_Kicker.sid	1	125	auto
MUSICIANS/A/Anakonda/Speed_Warez.sid	1	125	auto
MUSICIANS/A/Anakonda/Tekkno_Power_X1.sid	1	123	auto
MUSICIANS/A/Anakonda/Thunder_Dragon.sid	1	125	auto
MUSICIANS/A/Anakonda/Wave_Attack.sid	1	125	auto
MUSICIANS/A/Anakonda/Wave_Attack_Mix.sid	1	125	auto
MUSICIANS/A/Anakonda/Wild_Style.sid	1	125	auto
MUSICIANS/A/Anakonda/Wonder_Dope.sid	1	126	auto
MUSICIANS/A/Andersen_Kim/Acid_Rain.sid	1	94	auto
MUSICIANS/A/Andersen_Kim/Airwolf.sid	1	84	auto
MUSICIANS/A/Andersen_Kim/Lets_Rock.sid	1	125	auto
MUSICIANS/A/Andersen_Kim/Night_Before.sid	1	124	auto
MUSICIANS/A/Andersen_Kim/Once_Opun_a_Time.sid	1	124	auto
MUSICIANS/A/Andersen_Kim/Quadrouge.sid	1	125	auto
MUSICIANS/A/Andersen_Kim/Sad_Goodbye.sid	1	125	auto
MUSICIANS/A/Andersen_Kim/Space_Mania_menu.sid	1	125	auto
MUSICIANS/A/Andersen_Kim/Star_Hope_preview.sid	1	125	auto
MUSICIANS/A/Andersen_Kim/Still_Busting.sid	1	125	auto
MUSICIANS/A/Andersen_Kim/Stormy_Night.sid	1	125	auto
MUSICIANS/A/Andersen_Kim/Unicess_Intro_19.sid	1	125	auto
MUSICIANS/A/Andersen_Kim/Unicess_Intro_23.sid	1	125	auto
MUSICIANS/A/Andre/01_Andre.sid	1	125	auto
MUSICIANS/A/Andre/01_Tune.sid	1	125	auto
MUSICIANS/A/Andre/02_Andre.sid	1	125	auto
MUSICIANS/A/Andre/02_Tune.sid	1	125	auto
MUSICIANS/A/Andre/03_Tune.sid	1	125	auto
MUSICIANS/A/Andre/04_Tune.sid	1	125	auto
MUSICIANS/A/Andre/07_Tune.sid	1	124	auto
MUSICIANS/A/Andre/08_Tune.sid	1	125	auto
MUSICIANS/A/Andre/10_Tune.sid	1	125	auto
MUSICIANS/A/Andre/13_Tune.sid	1	125	auto
MUSICIANS/A/Andre/19_Tune.sid	1	125	auto
MUSICIANS/A/Andre/23_Tune.sid	1	125	auto
MUSICIANS/A/Andre/26_Tune.sid	1	125	auto
MUSICIANS/A/Andre/30_Tune.sid	1	125	auto
MUSICIANS/A/Andre/33_Tune.sid	1	125	auto
MUSICIANS/A/Andre/36_Tune.sid	1	94	auto
MUSICIANS/A/Andre/40_Tune.sid	1	125	auto
MUSICIANS/A/Andre/42_Tune.sid	1	125	auto
MUSICIANS/A/Andre/A_Pack_of_Xmas_Tunes.sid	1	94	auto
MUSICIANS/A/Andre/Abhor.sid	1	125	auto
MUSICIANS/A/Andre/Abhor.sid	3	125	auto
MUSICIANS/A/Andre/Abhor.sid	4	93	auto
MUSICIANS/A/Andre/Abhor.sid	5	126	auto
MUSICIANS/A/Andre/Abhor_Level_Tune.sid	1	125	auto
MUSICIANS/A/Andre/Bing_Bang.sid	1	94	auto
MUSICIANS/A/Andre/Bonus_Level_Tune.sid	1	124	auto
MUSICIANS/A/Andre/Check_This.sid	1	125	auto
MUSICIANS/A/Andre/Coma_Light_IX_part_1.sid	1	124	auto
MUSICIANS/A/Andre/Coma_Light_VIII_part_14.sid	1	125	auto
MUSICIANS/A/Andre/Coma_Light_VII_part_3.sid	1	125	auto
MUSICIANS/A/Andre/Coma_Light_VII_part_6.sid	1	94	auto
MUSICIANS/A/Andre/Coma_Light_V_part_8.sid	1	125	auto
MUSICIANS/A/Andre/Coma_Light_sqr_71_part_1.sid	1	93	auto
MUSICIANS/A/Andre/Come_on_and_Do_It.sid	1	94	auto
MUSICIANS/A/Andre/Compilation.sid	1	125	auto
MUSICIANS/A/Andre/Crappy_One.sid	1	125	auto
MUSICIANS/A/Andre/For_3Star_WOW.sid	1	125	auto
MUSICIANS/A/Andre/For_Comic_Pirates_Magazine.sid	1	125	auto
MUSICIANS/A/Andre/For_Excess.sid	1	124	auto
MUSICIANS/A/Andre/For_Image.sid	1	124	auto
MUSICIANS/A/Andre/For_Lore_of_Arts.sid	1	125	auto
MUSICIANS/A/Andre/For_Popelganda.sid	1	125	auto
MUSICIANS/A/Andre/Get_It.sid	1	93	auto
MUSICIANS/A/Andre/Get_It.sid	2	125	auto
MUSICIANS/A/Andre/Get_It.sid	5	94	auto
MUSICIANS/A/Andre/Get_It.sid	6	125	auto
MUSICIANS/A/Andre/Get_It.sid	7	93	auto
MUSICIANS/A/Andre/I_Hate_Disco.sid	1	125	auto
MUSICIANS/A/Andre/I_Hate_This_One.sid	1	124	auto
MUSICIANS/A/Andre/Introduce_Me_to_the_World_of_Music.sid	1	124	auto
MUSICIANS/A/Andre/Its_Time_to_Go.sid	1	125	auto
MUSICIANS/A/Andre/Jingle.sid	1	124	auto
MUSICIANS/A/Andre/Lame_End.sid	1	124	auto
MUSICIANS/A/Andre/Last_One_in_Voicetracker.sid	1	125	auto
MUSICIANS/A/Andre/Mixed_Emotions.sid	1	125	auto
MUSICIANS/A/Andre/Not_So_Good.sid	1	125	auto
MUSICIANS/A/Andre/Onslaught_Intro.sid	1	125	auto
MUSICIANS/A/Andre/Other_Mood.sid	1	125	auto
MUSICIANS/A/Andre/Quicky_1.sid	1	125	auto
MUSICIANS/A/Andre/Quicky_2.sid	1	125	auto
MUSICIANS/A/Andre/Quicky_3.sid	1	125	auto
MUSICIANS/A/Andre/Retro_Active.sid	1	125	auto
MUSICIANS/A/Andre/Retro_Active.sid	2	125	auto
MUSICIANS/A/Andre/Rough_Arts_Intro.sid	1	125	auto
MUSICIANS/A/Andre/Shorty_1.sid	1	125	auto
MUSICIANS/A/Andre/Shorty_2.sid	1	125	auto
MUSICIANS/A/Andre/Slowly_Going_Faster.sid	1	125	auto
MUSICIANS/A/Andre/Smash_01_tune_6.sid	1	125	auto
MUSICIANS/A/Andre/Strange_Style.sid	1	125	auto
MUSICIANS/A/Andre/Think_Fast.sid	1	94	auto
MUSICIANS/A/Andre/Think_Fast.sid	2	125	auto
MUSICIANS/A/Andre/Think_Fast.sid	3	94	auto
MUSICIANS/A/Andre/Transposing_Me.sid	1	124	auto
MUSICIANS/A/Andre/Twin_Ball.sid	1	125	auto
MUSICIANS/A/Andre/Twin_Ball.sid	5	125	auto
MUSICIANS/A/Andre/Twin_Ball.sid	6	124	auto
MUSICIANS/A/Andre/Twin_Ball.sid	7	124	auto
MUSICIANS/A/Andre/Twin_Ball.sid	8	125	auto
MUSICIANS/A/Andre/Twin_Ball.sid	9	124	auto
MUSICIANS/A/Andre/Twin_Ball.sid	10	125	auto
MUSICIANS/A/Andre/What_Can_I_Do_When_Im_Bored.sid	1	125	auto
MUSICIANS/A/Android/64s_2nd_Choice.sid	1	130	auto
MUSICIANS/A/Android/Androids_Return.sid	1	130	auto
MUSICIANS/A/Android/Band_Aid.sid	1	112	auto
MUSICIANS/A/Android/Blown_Fuse.sid	1	130	auto
MUSICIANS/A/Android/Boppy.sid	1	131	auto
MUSICIANS/A/Android/Cherry_Pink.sid	1	112	auto
MUSICIANS/A/Android/Clocktune.sid	1	130	auto
MUSICIANS/A/Android/Dr_Who_Theme.sid	1	129	auto
MUSICIANS/A/Android/Scream.sid	1	131	auto
MUSICIANS/A/Android/Synco_Sid.sid	1	130	auto
MUSICIANS/A/Android/Young_Dudes.sid	1	130	auto
MUSICIANS/A/Andy/City_Heat_tune_5.sid	1	125	auto
MUSICIANS/A/Andy/Connection.sid	1	150	auto
MUSICIANS/A/Andy/Depeche_Mix.sid	1	125	auto
MUSICIANS/A/Andy/Depeche_Mix_v2.sid	1	125	auto
MUSICIANS/A/Andy/Frantic_F.sid	1	100	auto
MUSICIANS/A/Andy/Gray.sid	1	124	auto
MUSICIANS/A/Andy/Great_Front_242_Mix.sid	1	125	auto
MUSICIANS/A/Andy/Hard_n_Heavy.sid	1	107	auto
MUSICIANS/A/Andy/I_Just_Cant_Get_Enough.sid	1	125	auto
MUSICIANS/A/Andy/I_Just_Cant_Get_Enough_v2.sid	1	125	auto
MUSICIANS/A/Andy/I_Like_It.sid	1	94	auto
MUSICIANS/A/Andy/Ice_Machine.sid	1	125	auto
MUSICIANS/A/Andy/Jumping_Jack.sid	1	94	auto
MUSICIANS/A/Andy/Jumping_Jack.sid	2	125	auto
MUSICIANS/A/Andy/Jumping_Jack.sid	3	125	auto
MUSICIANS/A/Andy/Jumping_Jack.sid	4	125	auto
MUSICIANS/A/Andy/Jumping_Jack.sid	5	107	auto
MUSICIANS/A/Andy/Jumping_Jack.sid	8	100	auto
MUSICIANS/A/Andy/Justinblue_tune_7.sid	1	83	auto
MUSICIANS/A/Andy/Justincase_part_1.sid	1	125	auto
MUSICIANS/A/Andy/Justintime_part_7.sid	1	125	auto
MUSICIANS/A/Andy/Merry_Xmas.sid	1	125	auto
MUSICIANS/A/Andy/Never_Turn_You_Back.sid	1	94	auto
MUSICIANS/A/Andy/New_Life.sid	1	150	auto
MUSICIANS/A/Andy/Oi.sid	1	100	auto
MUSICIANS/A/Andy/Pacmania.sid	1	150	auto
MUSICIANS/A/Andy/Papillions.sid	1	125	auto
MUSICIANS/A/Andy/Photographic.sid	1	94	auto
MUSICIANS/A/Andy/Roam.sid	1	124	auto
MUSICIANS/A/Andy/Roam_Maxi.sid	1	125	auto
MUSICIANS/A/Andy/Six_Different_Ways.sid	1	107	auto
MUSICIANS/A/Andy/Sometimes_I_Wish.sid	1	124	auto
MUSICIANS/A/Andy/Telstar.sid	1	94	auto
MUSICIANS/A/Andy/This_Song.sid	1	125	auto
MUSICIANS/A/Andy/Three_Little_Bears.sid	1	125	auto
MUSICIANS/A/Andy/Three_Little_Bears_v2.sid	1	125	auto
MUSICIANS/A/Andy/Welcome_to_the_House_of_Fun.sid	1	125	auto
MUSICIANS/A/Andy/Wordptr.sid	1	94	auto
MUSICIANS/A/Andy/Workhard.sid	1	125	auto
MUSICIANS/A/Andy/Zak_Dedication.sid	1	125	auto
MUSICIANS/A/Angee/Blow_It_Up.sid	1	125	auto
MUSICIANS/A/Angee/Compotune.sid	1	125	auto
MUSICIANS/A/Angee/Fool_Around.sid	1	94	auto
MUSICIANS/A/Angee/Fooly.sid	1	125	auto
MUSICIANS/A/Angee/Gloom.sid	1	125	auto
MUSICIANS/A/Angee/Hydrogene.sid	1	125	auto
MUSICIANS/A/Angee/I_Love_Bees.sid	1	125	auto
MUSICIANS/A/Angee/Just_for_Her.sid	1	83	auto
MUSICIANS/A/Angee/Let_Me_Be_Crazy.sid	1	124	auto
MUSICIANS/A/Angee/Llama.sid	1	125	auto
MUSICIANS/A/Angee/Mittomen.sid	1	94	auto
MUSICIANS/A/Angee/Ozone.sid	1	124	auto
MUSICIANS/A/Angee/Pieces.sid	1	125	auto
MUSICIANS/A/Angee/Pieces.sid	2	124	auto
MUSICIANS/A/Angee/Relative_Energy.sid	1	125	auto
MUSICIANS/A/Angee/Rsil_Unplugged.sid	1	125	auto
MUSICIANS/A/Angee/Snapshots_from_Scenest_96.sid	1	125	auto
MUSICIANS/A/Angee/To_You.sid	1	94	auto
MUSICIANS/A/AnnoyedArt1256/Cielos_Esfumados.sid	1	150	auto
MUSICIANS/A/AnnoyedArt1256/Intromatic.sid	1	150	auto
MUSICIANS/A/AnnoyedArt1256/Mah_Tracker_Carillon_Cover_Test.sid	1	125	auto
MUSICIANS/A/Ant1/Camelopard.sid	1	115	auto
MUSICIANS/A/Ant1/LVLLVLtro_tune_2.sid	1	136	auto
MUSICIANS/A/Ant1/LVLLVLtro_tune_6.sid	1	100	auto
MUSICIANS/A/Ant1/Techno_2.sid	1	125	auto
MUSICIANS/A/Ant1/When_Pop_Superstars_Flirt_with_Chip.sid	1	125	auto
MUSICIANS/A/Anthiax/Anthiax_Theme.sid	1	133	auto
MUSICIANS/A/Anthiax/Axel_F_Remix.sid	1	103	auto
MUSICIANS/A/Anthiax/Good_Cat_Mix.sid	1	128	auto
MUSICIANS/A/Antitrack/Contact_Note.sid	1	124	auto
MUSICIANS/A/Antoniak_Jarek/Music_01.sid	1	125	auto
MUSICIANS/A/Antoniak_Jarek/Music_02.sid	1	125	auto
MUSICIANS/A/Antoniak_Jarek/Music_04.sid	1	124	auto
MUSICIANS/A/Anvil/Anal_Terror_2_tune_1.sid	1	125	auto
MUSICIANS/A/Anvil/Anal_Terror_2_tune_2.sid	1	125	auto
MUSICIANS/A/Anvil/Anal_Terror_2_tune_3.sid	1	125	auto
MUSICIANS/A/Anvil/Bad_Begin.sid	1	125	auto
MUSICIANS/A/Anvil/Be_Fast.sid	1	94	auto
MUSICIANS/A/Anvil/Browbeat_and_Crazy_Coop_tune_3.sid	1	125	auto
MUSICIANS/A/Anvil/Browlame.sid	1	125	auto
MUSICIANS/A/Anvil/Crazy_Intro.sid	1	125	auto
MUSICIANS/A/Anvil/Cxart_II_tune_6.sid	1	125	auto
MUSICIANS/A/Anvil/End_Tune.sid	1	94	auto
MUSICIANS/A/Anvil/Eternal_Dreams_part_2.sid	1	94	auto
MUSICIANS/A/Anvil/Fresh_n_Sticky_6_tune_2.sid	1	94	auto
MUSICIANS/A/Anvil/Fresh_n_Sticky_7_tune_10.sid	1	94	auto
MUSICIANS/A/Anvil/Graveyard_Blues_3_tune_3.sid	1	125	auto
MUSICIANS/A/Anvil/Graveyard_Blues_3_tune_5.sid	1	125	auto
MUSICIANS/A/Anvil/Jamis.sid	1	83	auto
MUSICIANS/A/Anvil/Mega_Demo_2_part_1.sid	1	125	auto
MUSICIANS/A/Anvil/My_Top-15.sid	1	94	auto
MUSICIANS/A/Anvil/Oho.sid	1	94	auto
MUSICIANS/A/Anvil/Panosika.sid	1	125	auto
MUSICIANS/A/Anvil/Peacie.sid	1	94	auto
MUSICIANS/A/Anvil/Problemchild_tune_2.sid	1	125	auto
MUSICIANS/A/Anvil/Problemchild_tune_3.sid	1	125	auto
MUSICIANS/A/Anvil/Raze_part_2.sid	1	94	auto
MUSICIANS/A/Anvil/Sodom.sid	1	125	auto
MUSICIANS/A/Anvil/St_George.sid	1	124	auto
MUSICIANS/A/Anvil/Steady.sid	1	94	auto
MUSICIANS/A/Anvil/Their_Board.sid	1	94	auto
MUSICIANS/A/Anvil/Undead.sid	1	124	auto
MUSICIANS/A/Anvil/Unfinished.sid	1	94	auto
MUSICIANS/A/Anvil/WOW.sid	1	125	auto
MUSICIANS/A/Anvil/Words_by_d_Arc.sid	1	125	auto
MUSICIANS/A/Aomeba/3_03_Jiggawatts.sid	1	125	auto
MUSICIANS/A/Aomeba/AUX64.sid	1	150	auto
MUSICIANS/A/Aomeba/Double_Trouble.sid	1	125	auto
MUSICIANS/A/Aomeba/Hi_Five_tune_1.sid	1	124	auto
MUSICIANS/A/Aomeba/Lucky.sid	1	125	auto
MUSICIANS/A/Aomeba/Shartnado.sid	1	94	auto
MUSICIANS/A/Aomeba/Viiskyt_vuotta_humppaa.sid	1	125	auto
MUSICIANS/A/Aomeba/Wavefrontline.sid	1	75	auto
MUSICIANS/A/Aomeba/Welcome_to_the_Holodeck_II_tune_2.sid	1	107	auto
MUSICIANS/A/Apollo/Song_for_Sid.sid	1	151	auto
MUSICIANS/A/Apollyon/Asylum_of_Love.sid	1	124	auto
MUSICIANS/A/Apollyon/Atom_Unstable.sid	1	125	auto
MUSICIANS/A/Apollyon/Bouncescroller.sid	1	124	auto
MUSICIANS/A/Apollyon/Break_Rulez.sid	1	124	auto
MUSICIANS/A/Apollyon/Dangerous_Times.sid	1	123	auto
MUSICIANS/A/Apollyon/Deep_Dive.sid	1	124	auto
MUSICIANS/A/Apollyon/Disco_Inferno.sid	1	125	auto
MUSICIANS/A/Apollyon/Forever_Friends.sid	1	124	auto
MUSICIANS/A/Apollyon/Happy_Traveller.sid	1	107	auto
MUSICIANS/A/Apollyon/Jump_to_Hyperspace.sid	1	84	auto
MUSICIANS/A/Apollyon/Kala.sid	1	94	auto
MUSICIANS/A/Apollyon/Kippis_to_Extend.sid	1	151	auto
MUSICIANS/A/Apollyon/Knightflies.sid	1	125	auto
MUSICIANS/A/Apollyon/Miami_Nights.sid	1	150	auto
MUSICIANS/A/Apollyon/Nightflies.sid	1	125	auto
MUSICIANS/A/Apollyon/Rebound.sid	1	125	auto
MUSICIANS/A/Apollyon/Riddance_pt_1.sid	1	125	auto
MUSICIANS/A/Apollyon/Roady.sid	1	125	auto
MUSICIANS/A/Apollyon/Snake_Chamber.sid	1	124	auto
MUSICIANS/A/Apollyon/Snowstorm.sid	1	124	auto
MUSICIANS/A/Apollyon/Still_Here.sid	1	124	auto
MUSICIANS/A/Apollyon/Tres_Horas.sid	1	125	auto
MUSICIANS/A/Apollyon/Valmis.sid	1	83	auto
MUSICIANS/A/Apollyon/Yesteryears.sid	1	124	auto
MUSICIANS/A/Archmage/Crack_of_Dawn.sid	1	125	auto
MUSICIANS/A/Archmage/Eggshell.sid	1	151	auto
MUSICIANS/A/Archmage/Floppy_Dog.sid	1	94	auto
MUSICIANS/A/Archmage/Party_Pilgrim.sid	1	125	auto
MUSICIANS/A/Archmage/Pixel_Hell_Endgame.sid	1	125	auto
MUSICIANS/A/Archmage/Pixel_Hell_Level_9.sid	1	124	auto
MUSICIANS/A/Archmage/Riding_the_Datastorm.sid	1	124	auto
MUSICIANS/A/Arenz_Bernhard/Der_Ring_der_Nibelungen.sid	1	107	auto
MUSICIANS/A/Arenz_Bernhard/Der_Ring_der_Nibelungen.sid	2	100	auto
MUSICIANS/A/Arenz_Bernhard/Der_Ring_der_Nibelungen.sid	3	100	auto
MUSICIANS/A/Arenz_Bernhard/Der_Ring_der_Nibelungen.sid	4	107	auto
MUSICIANS/A/Arenz_Bernhard/Der_Ring_der_Nibelungen.sid	5	83	auto
MUSICIANS/A/Arenz_Bernhard/Der_Ring_der_Nibelungen.sid	6	94	auto
MUSICIANS/A/Arenz_Bernhard/Der_Ring_der_Nibelungen.sid	7	107	auto
MUSICIANS/A/Arenz_Bernhard/Hotel.sid	1	150	auto
MUSICIANS/A/Arenz_Bernhard/Hotel.sid	2	151	auto
MUSICIANS/A/Arenz_Bernhard/Mythos.sid	1	118	auto
MUSICIANS/A/Arenz_Bernhard/Mythos.sid	2	120	auto
MUSICIANS/A/Arenz_Bernhard/Mythos.sid	4	112	auto
MUSICIANS/A/Arenz_Bernhard/Sereamis.sid	1	100	auto
MUSICIANS/A/Ares/Bad_Medicine_note.sid	1	125	auto
MUSICIANS/A/Ares/Clouds_tune_3.sid	1	150	auto
MUSICIANS/A/Ares/Worms_preview.sid	1	150	auto
MUSICIANS/A/Ares/Zoska.sid	1	150	auto
MUSICIANS/A/Argon/Argon_Blues.sid	1	125	auto
MUSICIANS/A/Argon/Benny_Hill_Yakety_Sax.sid	1	125	auto
MUSICIANS/A/Argon/Brothers_in_Arms.sid	1	124	auto
MUSICIANS/A/Argon/Callin_on.sid	1	125	auto
MUSICIANS/A/Argon/Circle.sid	1	125	auto
MUSICIANS/A/Argon/Every_Breath_You_Take.sid	1	125	auto
MUSICIANS/A/Argon/Eye_of_the_Tiger.sid	1	125	auto
MUSICIANS/A/Argon/Fear_of_the_D_Arc.sid	1	150	auto
MUSICIANS/A/Argon/God_vs_Satan_Conversation.sid	1	125	auto
MUSICIANS/A/Argon/Going_Home.sid	1	125	auto
MUSICIANS/A/Argon/Got_the_Time.sid	1	125	auto
MUSICIANS/A/Argon/Hill_Street_Blues.sid	1	94	auto
MUSICIANS/A/Argon/Layla.sid	1	124	auto
MUSICIANS/A/Argon/Little_Booze.sid	1	94	auto
MUSICIANS/A/Argon/Love_Theme.sid	1	124	auto
MUSICIANS/A/Argon/Nothings_Gonna_Change_My_Love.sid	1	94	auto
MUSICIANS/A/Argon/Party_Booze.sid	1	125	auto
MUSICIANS/A/Argon/Peculiar_Taste.sid	1	94	auto
MUSICIANS/A/Argon/Powerslave.sid	1	125	auto
MUSICIANS/A/Argon/Reponen.sid	1	124	auto
MUSICIANS/A/Argon/Sweet.sid	1	93	auto
MUSICIANS/A/Argon/Telegraph_Road.sid	1	124	auto
MUSICIANS/A/Argon/Two_Minutes_to_Midnight.sid	1	94	auto
MUSICIANS/A/Arne/20CC_Mix_93.sid	1	124	auto
MUSICIANS/A/Arne/AFL_Intro.sid	1	94	auto
MUSICIANS/A/Arne/Alphaflight_Intro.sid	1	94	auto
MUSICIANS/A/Arne/Apple_Brandy.sid	1	125	auto
MUSICIANS/A/Arne/Arne_01.sid	1	125	auto
MUSICIANS/A/Arne/Arne_02.sid	1	125	auto
MUSICIANS/A/Arne/Arne_03.sid	1	125	auto
MUSICIANS/A/Arne/Arne_04.sid	1	125	auto
MUSICIANS/A/Arne/Atman_Dead_or_Alive.sid	1	125	auto
MUSICIANS/A/Arne/Aussie_Outback.sid	1	125	auto
MUSICIANS/A/Arne/Bacardi.sid	1	125	auto
MUSICIANS/A/Arne/Best_of_Arne_tune_08.sid	1	125	auto
MUSICIANS/A/Arne/Big_Phuture.sid	1	124	auto
MUSICIANS/A/Arne/Body_and_Soul.sid	1	125	auto
MUSICIANS/A/Arne/Burning_Stone.sid	1	125	auto
MUSICIANS/A/Arne/Char_Animator_Intro.sid	1	125	auto
MUSICIANS/A/Arne/Compotune.sid	1	125	auto
MUSICIANS/A/Arne/Das_Modell.sid	1	124	auto
MUSICIANS/A/Arne/Elephant_Beer.sid	1	125	auto
MUSICIANS/A/Arne/Enough_4_Today_Nope.sid	1	94	auto
MUSICIANS/A/Arne/Enough_for_Today.sid	1	125	auto
MUSICIANS/A/Arne/Ethanol_tune_1.sid	1	125	auto
MUSICIANS/A/Arne/Ethanol_tune_2.sid	1	124	auto
MUSICIANS/A/Arne/Ethanol_tune_3.sid	1	125	auto
MUSICIANS/A/Arne/Ethanol_tune_4.sid	1	125	auto
MUSICIANS/A/Arne/Ethanol_tune_5.sid	1	125	auto
MUSICIANS/A/Arne/Fantasy.sid	1	124	auto
MUSICIANS/A/Arne/Fast_Ball.sid	1	125	auto
MUSICIANS/A/Arne/Fast_Ball.sid	2	124	auto
MUSICIANS/A/Arne/Fast_Ball.sid	3	94	auto
MUSICIANS/A/Arne/Follow_the_Crowd_II_tune_1.sid	1	125	auto
MUSICIANS/A/Arne/Follow_the_Crowd_II_tune_2.sid	1	125	auto
MUSICIANS/A/Arne/Follow_the_Crowd_II_tune_3.sid	1	125	auto
MUSICIANS/A/Arne/Follow_the_Crowd_II_tune_4.sid	1	124	auto
MUSICIANS/A/Arne/Follow_the_Crowd_II_tune_5.sid	1	125	auto
MUSICIANS/A/Arne/Follow_the_Crowd_II_tune_6.sid	1	124	auto
MUSICIANS/A/Arne/Forgotten_Myth.sid	1	125	auto
MUSICIANS/A/Arne/Fuck_Racism_note.sid	1	125	auto
MUSICIANS/A/Arne/Gametune.sid	1	125	auto
MUSICIANS/A/Arne/German_Chrome.sid	1	124	auto
MUSICIANS/A/Arne/Go_West.sid	1	125	auto
MUSICIANS/A/Arne/Greenhorns.sid	1	125	auto
MUSICIANS/A/Arne/Happy_Hour.sid	1	125	auto
MUSICIANS/A/Arne/He_Is_Back.sid	1	125	auto
MUSICIANS/A/Arne/He_Is_Back_II.sid	1	125	auto
MUSICIANS/A/Arne/Impulse_2.sid	1	125	auto
MUSICIANS/A/Arne/Inoxerable.sid	1	125	auto
MUSICIANS/A/Arne/JA_AVT_AFL_Intro_Zak.sid	1	125	auto
MUSICIANS/A/Arne/Jim_Beam.sid	1	125	auto
MUSICIANS/A/Arne/Jim_Beam_Calling.sid	1	125	auto
MUSICIANS/A/Arne/Johnny_Walker.sid	1	125	auto
MUSICIANS/A/Arne/Just_for_Fun.sid	1	125	auto
MUSICIANS/A/Arne/Korn.sid	1	124	auto
MUSICIANS/A/Arne/Laser_Remix.sid	1	124	auto
MUSICIANS/A/Arne/Last_Adjuration.sid	1	125	auto
MUSICIANS/A/Arne/Leeways_Intro_Tune.sid	1	126	auto
MUSICIANS/A/Arne/Libaration.sid	1	125	auto
MUSICIANS/A/Arne/Living_on_Video.sid	1	125	auto
MUSICIANS/A/Arne/Living_on_Video_remix.sid	1	137	auto
MUSICIANS/A/Arne/Magic_One.sid	1	125	auto
MUSICIANS/A/Arne/Music_01.sid	1	125	auto
MUSICIANS/A/Arne/Music_03.sid	1	125	auto
MUSICIANS/A/Arne/Music_05.sid	1	125	auto
MUSICIANS/A/Arne/Music_14.sid	1	125	auto
MUSICIANS/A/Arne/Music_Collection_tune_1.sid	1	125	auto
MUSICIANS/A/Arne/Music_Collection_tune_2.sid	1	125	auto
MUSICIANS/A/Arne/Music_Collection_tune_5.sid	1	124	auto
MUSICIANS/A/Arne/Music_Collection_tune_6.sid	1	124	auto
MUSICIANS/A/Arne/Music_Collection_tune_7.sid	1	125	auto
MUSICIANS/A/Arne/Odd_to_Syndrom.sid	1	125	auto
MUSICIANS/A/Arne/Ode_to_Jeroen_Tel.sid	1	94	auto
MUSICIANS/A/Arne/Only_You.sid	1	94	auto
MUSICIANS/A/Arne/Pernod.sid	1	125	auto
MUSICIANS/A/Arne/Phantasy.sid	1	125	auto
MUSICIANS/A/Arne/Propaganda.sid	1	125	auto
MUSICIANS/A/Arne/Red_Vine.sid	1	124	auto
MUSICIANS/A/Arne/Ridin_on_a_Train.sid	1	125	auto
MUSICIANS/A/Arne/Rock_n_Roll.sid	1	125	auto
MUSICIANS/A/Arne/Searching_for_Ya.sid	1	83	auto
MUSICIANS/A/Arne/Singing_Cows_tune_3.sid	1	100	auto
MUSICIANS/A/Arne/Sleepless_Night.sid	1	125	auto
MUSICIANS/A/Arne/Somalia.sid	1	125	auto
MUSICIANS/A/Arne/Some_Guys_Have_All_the_Luck.sid	1	125	auto
MUSICIANS/A/Arne/Stork_tune_2.sid	1	125	auto
MUSICIANS/A/Arne/Storm.sid	1	125	auto
MUSICIANS/A/Arne/Summer_in_the_City.sid	1	125	auto
MUSICIANS/A/Arne/Sweet_Thing.sid	1	125	auto
MUSICIANS/A/Arne/Techno_Music.sid	1	124	auto
MUSICIANS/A/Arne/Total_Remix.sid	1	125	auto
MUSICIANS/A/Arne/Tronik.sid	1	125	auto
MUSICIANS/A/Arne/Tronik.sid	3	125	auto
MUSICIANS/A/Arne/Tronik.sid	4	125	auto
MUSICIANS/A/Arne/Tronik.sid	5	125	auto
MUSICIANS/A/Arne/Tronik.sid	6	125	auto
MUSICIANS/A/Arne/Tronik.sid	7	94	auto
MUSICIANS/A/Arne/Tronik.sid	8	125	auto
MUSICIANS/A/Arne/Tune_11.sid	1	100	auto
MUSICIANS/A/Arne/Tune_13.sid	1	125	auto
MUSICIANS/A/Arne/Tune_15.sid	1	125	auto
MUSICIANS/A/Arne/Tune_17.sid	1	94	auto
MUSICIANS/A/Arne/Tune_18_Megamix.sid	1	125	auto
MUSICIANS/A/Arne/Tune_20.sid	1	125	auto
MUSICIANS/A/Arne/Tune_21.sid	1	125	auto
MUSICIANS/A/Arne/Ultimate_Tune.sid	1	94	auto
MUSICIANS/A/Arne/Unreal_Harmony.sid	1	125	auto
MUSICIANS/A/Arne/Visions.sid	1	125	auto
MUSICIANS/A/Arne/Vodka.sid	1	125	auto
MUSICIANS/A/Arne/Voicetracker_4_Example_1.sid	1	125	auto
MUSICIANS/A/Arne/Voicetracker_4_Example_2.sid	1	125	auto
MUSICIANS/A/Arne/White_Vine.sid	1	125	auto
MUSICIANS/A/Arne/Xenoxs_Intro_Tune.sid	1	125	auto
MUSICIANS/A/Arne/Yesterday_Dreams.sid	1	125	auto
MUSICIANS/A/Arne/Zak_1.sid	1	125	auto
MUSICIANS/A/Arne/Zak_2.sid	1	125	auto
MUSICIANS/A/Arnold_Kenneth/Ultima_III-Exodus.sid	1	120	auto
MUSICIANS/A/Arnold_Kenneth/Ultima_III-Exodus.sid	3	100	auto
MUSICIANS/A/Arnold_Kenneth/Ultima_III-Exodus.sid	5	100	auto
MUSICIANS/A/Arnold_Kenneth/Ultima_III-Exodus.sid	7	90	auto
MUSICIANS/A/Arnold_Kenneth/Ultima_IV-Quest_of_the_Avatar.sid	3	102	auto
MUSICIANS/A/Arnold_Kenneth/Ultima_IV-Quest_of_the_Avatar.sid	4	100	auto
MUSICIANS/A/Arnold_Kenneth/Ultima_IV-Quest_of_the_Avatar.sid	5	100	auto
MUSICIANS/A/Arnold_Kenneth/Ultima_IV-Quest_of_the_Avatar.sid	6	88	auto
MUSICIANS/A/Arnold_Kenneth/Ultima_IV-Quest_of_the_Avatar.sid	7	112	auto
MUSICIANS/A/Arnold_Kenneth/Ultima_IV-Quest_of_the_Avatar.sid	8	152	auto
MUSICIANS/A/Arnold_Kenneth/Ultima_V-Warriors_of_Destiny.sid	1	125	auto
MUSICIANS/A/Arnold_Kenneth/Ultima_V-Warriors_of_Destiny.sid	3	150	auto
MUSICIANS/A/Arnold_Kenneth/Ultima_V-Warriors_of_Destiny.sid	4	136	auto
MUSICIANS/A/Arnold_Kenneth/Ultima_V-Warriors_of_Destiny.sid	5	129	auto
MUSICIANS/A/Arnold_Kenneth/Ultima_V-Warriors_of_Destiny.sid	6	120	auto
MUSICIANS/A/Arnold_Kenneth/Ultima_V-Warriors_of_Destiny.sid	7	118	auto
MUSICIANS/A/Arnold_Kenneth/Ultima_V-Warriors_of_Destiny.sid	10	100	auto
MUSICIANS/A/Arnold_Kenneth/Ultima_V-Warriors_of_Destiny.sid	11	122	auto
MUSICIANS/A/Arnold_Kenneth/Ultima_V-Warriors_of_Destiny.sid	12	100	auto
MUSICIANS/A/Art/Creeping_Code_part_3.sid	1	125	auto
MUSICIANS/A/Art/Creeping_Code_part_6.sid	1	124	auto
MUSICIANS/A/Art/Crypt.sid	1	125	auto
MUSICIANS/A/Art_of_Noise/Cool_Intro.sid	1	125	auto
MUSICIANS/A/Art_of_Noise/Defence_Intro.sid	1	125	auto
MUSICIANS/A/Art_of_Noise/Defence_Zak.sid	1	125	auto
MUSICIANS/A/Art_of_Noise/Last_Ninja.sid	1	125	auto
MUSICIANS/A/Art_of_Noise/Megablast.sid	1	125	auto
MUSICIANS/A/Art_of_Noise/Move_End_Mukke.sid	1	125	auto
MUSICIANS/A/Art_of_Noise/Move_Title_Mukke.sid	1	124	auto
MUSICIANS/A/Art_of_Noise/Renegade_v2_0.sid	1	125	auto
MUSICIANS/A/Art_of_Noise/Sound_0001.sid	1	125	auto
MUSICIANS/A/Art_of_Noise/Sound_0002.sid	1	125	auto
MUSICIANS/A/Art_of_Noise/Sound_01.sid	1	125	auto
MUSICIANS/A/Art_of_Noise/Sound_02.sid	1	125	auto
MUSICIANS/A/Art_of_Noise/Sound_04.sid	1	125	auto
MUSICIANS/A/Art_of_Noise/Title_Mukke.sid	1	125	auto
MUSICIANS/A/Art_of_Noise/Tune_0001.sid	1	125	auto
MUSICIANS/A/Art_of_Noise/Tune_0002.sid	1	125	auto
MUSICIANS/A/Art_of_Noise/Tune_0003.sid	1	125	auto
MUSICIANS/A/Art_of_Noise/Tune_0004.sid	1	125	auto
MUSICIANS/A/Art_of_Noise/Tune_0005.sid	1	124	auto
MUSICIANS/A/Art_of_Sonix/March.sid	1	94	auto
MUSICIANS/A/Art_of_Sonix/Rings_of_Medusa.sid	1	94	auto
MUSICIANS/A/Art_of_Sonix/Shigeo_Tanaka.sid	1	125	auto
MUSICIANS/A/Arthur/6_Power_Cut.sid	1	125	auto
MUSICIANS/A/Arthur/As_Shit.sid	1	124	auto
MUSICIANS/A/Arthur/DEEP_end.sid	1	125	auto
MUSICIANS/A/Arthur/Fill_It_Up.sid	1	150	auto
MUSICIANS/A/Arthur/Final_Encounter.sid	1	94	auto
MUSICIANS/A/Arthur/Final_Encounter.sid	4	125	auto
MUSICIANS/A/Arthur/Final_Encounter.sid	8	94	auto
MUSICIANS/A/Arthur/Fuckin_Birds.sid	2	94	auto
MUSICIANS/A/Arthur/Fuckin_Birds.sid	3	94	auto
MUSICIANS/A/Arthur/God8.sid	1	94	auto
MUSICIANS/A/Arthur/Happy_X-mas_and_New_Year.sid	1	125	auto
MUSICIANS/A/Arthur/Hard_Ray.sid	1	150	auto
MUSICIANS/A/Arthur/Heigh-Ho_Converter_intro.sid	1	94	auto
MUSICIANS/A/Arthur/High_Score.sid	1	75	auto
MUSICIANS/A/Arthur/How_Can_I_Do.sid	1	93	auto
MUSICIANS/A/Arthur/It_Was_Long.sid	1	125	auto
MUSICIANS/A/Arthur/Its_Empty.sid	1	150	auto
MUSICIANS/A/Arthur/Just_11.sid	1	125	auto
MUSICIANS/A/Arthur/Mad_Time.sid	1	124	auto
MUSICIANS/A/Arthur/Mama.sid	2	124	auto
MUSICIANS/A/Arthur/Mama.sid	3	125	auto
MUSICIANS/A/Arthur/Mama.sid	4	93	auto
MUSICIANS/A/Arthur/Milka.sid	1	151	auto
MUSICIANS/A/Arthur/NemTP.sid	2	93	auto
MUSICIANS/A/Arthur/NemTP.sid	3	94	auto
MUSICIANS/A/Arthur/Nothing.sid	1	125	auto
MUSICIANS/A/Arthur/Oh_My_God.sid	1	123	auto
MUSICIANS/A/Arthur/Other_Hand.sid	1	94	auto
MUSICIANS/A/Arthur/Over_and_Out.sid	2	94	auto
MUSICIANS/A/Arthur/Over_and_Out.sid	3	94	auto
MUSICIANS/A/Arthur/Pain_Power.sid	1	124	auto
MUSICIANS/A/Arthur/Paula_Chip.sid	1	94	auto
MUSICIANS/A/Arthur/Poor_China.sid	1	125	auto
MUSICIANS/A/Arthur/Shadow_of_the_Evil.sid	2	125	auto
MUSICIANS/A/Arthur/Shadow_of_the_Evil.sid	3	93	auto
MUSICIANS/A/Arthur/Shadow_of_the_Evil.sid	4	125	auto
MUSICIANS/A/Arthur/Shortest.sid	1	125	auto
MUSICIANS/A/Arthur/So_Sweet.sid	1	100	auto
MUSICIANS/A/Arthur/Star_Brain.sid	3	125	auto
MUSICIANS/A/Arthur/Star_Brain.sid	4	125	auto
MUSICIANS/A/Arthur/Syllinors_Birthday_Demo_Zak.sid	2	94	auto
MUSICIANS/A/Arthur/To_Cruel-I_Beg_Your_Pardon.sid	1	94	auto
MUSICIANS/A/Arthur/To_Ollie.sid	1	94	auto
MUSICIANS/A/Arthur/Two-Tris.sid	2	125	auto
MUSICIANS/A/Arthur/Two-Tris.sid	3	124	auto
MUSICIANS/A/Arthur/Two-Tris.sid	4	94	auto
MUSICIANS/A/Arthur/Where_Flowers_Grow_There_Ill_Go.sid	2	150	auto
MUSICIANS/A/Arthur/X-mas_Cooperation_tune_2.sid	1	124	auto
MUSICIANS/A/Arthur/X-mas_Cooperation_tune_2.sid	2	124	auto
MUSICIANS/A/Arthur/Zipper.sid	1	125	auto
MUSICIANS/A/Artlace/Bended.sid	1	125	auto
MUSICIANS/A/Artlace/Cheaper.sid	1	107	auto
MUSICIANS/A/Artlace/End_of_1992_intro.sid	1	94	auto
MUSICIANS/A/Artlace/End_of_1992_part_1.sid	1	93	auto
MUSICIANS/A/Artlace/Exception.sid	1	107	auto
MUSICIANS/A/Artlace/Falsehappy.sid	1	94	auto
MUSICIANS/A/Artlace/Familiar.sid	1	94	auto
MUSICIANS/A/Artlace/For_Judit.sid	1	107	auto
MUSICIANS/A/Artlace/Introduction.sid	1	107	auto
MUSICIANS/A/Artlace/Introtune.sid	1	107	auto
MUSICIANS/A/Artlace/Jetronic_Challenge.sid	1	125	auto
MUSICIANS/A/Artlace/Junk_Funk.sid	1	124	auto
MUSICIANS/A/Artlace/Like_DOS.sid	1	107	auto
MUSICIANS/A/Artlace/Prime_Mix.sid	1	107	auto
MUSICIANS/A/Artlace/Tower_of_Evil.sid	1	125	auto
MUSICIANS/A/Artlace/Tron_Mix.sid	1	125	auto
MUSICIANS/A/Artlace/True_Faith.sid	1	125	auto
MUSICIANS/A/Artlace/Visitors.sid	1	124	auto
MUSICIANS/A/Arturo_Dente/Mega-Run.sid	1	151	auto
MUSICIANS/A/Arturo_Dente/Tiny_Invaders.sid	1	125	auto
MUSICIANS/A/Ash_9/Airwalker.sid	1	90	auto
MUSICIANS/A/Ash_9/All_Night.sid	1	90	auto
MUSICIANS/A/Ash_9/Antares.sid	1	128	auto
MUSICIANS/A/Ash_9/Assembly.sid	1	151	auto
MUSICIANS/A/Ash_9/Beast_Street.sid	1	128	auto
MUSICIANS/A/Ash_9/Cigarettes_and_Roulette.sid	1	94	auto
MUSICIANS/A/Ash_9/Cloud_9.sid	1	107	auto
MUSICIANS/A/Ash_9/Collisions.sid	1	149	auto
MUSICIANS/A/Ash_9/Fortresses.sid	1	124	auto
MUSICIANS/A/Ash_9/Funky_Fun.sid	1	129	auto
MUSICIANS/A/Ash_9/Funkyfox.sid	1	112	auto
MUSICIANS/A/Ash_9/Insidious.sid	1	112	auto
MUSICIANS/A/Ash_9/Lightrider.sid	1	129	auto
MUSICIANS/A/Ash_9/Neon_Road.sid	1	94	auto
MUSICIANS/A/Ash_9/New_Beginnings.sid	1	112	auto
MUSICIANS/A/Ash_9/Not_Forgotten.sid	1	150	auto
MUSICIANS/A/Ash_9/Raining_Tacos.sid	1	150	auto
MUSICIANS/A/Ash_9/Starfield.sid	1	112	auto
MUSICIANS/A/Ash_9/Together_as_One.sid	1	128	auto
MUSICIANS/A/Ash_9/Unstoppable.sid	1	125	auto
MUSICIANS/A/Ash_and_Dave/Daffy_Duck_intro.sid	1	96	auto
MUSICIANS/A/Ash_and_Dave/Digital_Acid.sid	1	129	auto
MUSICIANS/A/Ash_and_Dave/Sanxion_Remix.sid	1	125	auto
MUSICIANS/A/Ashrilyn/Awexome_Cross_Remix.sid	1	150	auto
MUSICIANS/A/Ashrilyn/Ice_Space.sid	1	125	auto
MUSICIANS/A/Ashrilyn/Lucretia_My_Reflection.sid	1	125	auto
MUSICIANS/A/Ashrilyn/Metroid_Brinstar_Remix.sid	1	144	auto
MUSICIANS/A/Ashrilyn/Metroid_Brinstar_Remix_alt.sid	1	144	auto
MUSICIANS/A/Ashrilyn/Ninja.sid	1	94	auto
MUSICIANS/A/Ashrilyn/Shapeshifter.sid	1	124	auto
MUSICIANS/A/Ass_It/2_Grenadiere.sid	1	125	auto
MUSICIANS/A/Ass_It/3_Remixes.sid	2	125	auto
MUSICIANS/A/Ass_It/3rd_Sound_Fuco.sid	1	125	auto
MUSICIANS/A/Ass_It/4_Interrupts_4.sid	2	125	auto
MUSICIANS/A/Ass_It/A_Bit_Shit.sid	1	125	auto
MUSICIANS/A/Ass_It/Abomination.sid	1	125	auto
MUSICIANS/A/Ass_It/Absolut_Cool.sid	1	124	auto
MUSICIANS/A/Ass_It/Acid_Rain.sid	1	125	auto
MUSICIANS/A/Ass_It/Action_Drums.sid	1	124	auto
MUSICIANS/A/Ass_It/Action_Drums.sid	2	124	auto
MUSICIANS/A/Ass_It/Adagio.sid	1	125	auto
MUSICIANS/A/Ass_It/Against_Slaves.sid	1	125	auto
MUSICIANS/A/Ass_It/Air.sid	1	125	auto
MUSICIANS/A/Ass_It/Airwing.sid	1	125	auto
MUSICIANS/A/Ass_It/Alex_Kidd.sid	1	94	auto
MUSICIANS/A/Ass_It/All_Silent.sid	1	125	auto
MUSICIANS/A/Ass_It/Alle_Jahre_Wieder.sid	1	125	auto
MUSICIANS/A/Ass_It/Allegro_in_C.sid	1	125	auto
MUSICIANS/A/Ass_It/Allegro_in_C.sid	2	124	auto
MUSICIANS/A/Ass_It/Allegro_in_G.sid	1	125	auto
MUSICIANS/A/Ass_It/America.sid	1	125	auto
MUSICIANS/A/Ass_It/And_the_Next.sid	1	125	auto
MUSICIANS/A/Ass_It/Angel_Dust.sid	1	125	auto
MUSICIANS/A/Ass_It/Axel_Folen.sid	1	125	auto
MUSICIANS/A/Ass_It/BSP-Sounds.sid	2	125	auto
MUSICIANS/A/Ass_It/Backard.sid	1	125	auto
MUSICIANS/A/Ass_It/Ballance.sid	1	94	auto
MUSICIANS/A/Ass_It/Beat-Bass.sid	1	125	auto
MUSICIANS/A/Ass_It/Beat_n_Tech.sid	1	125	auto
MUSICIANS/A/Ass_It/Beaty.sid	1	123	auto
MUSICIANS/A/Ass_It/Beauty_Melody.sid	1	125	auto
MUSICIANS/A/Ass_It/Bermuda_Warning.sid	1	125	auto
MUSICIANS/A/Ass_It/Best_Melodic_Song.sid	1	125	auto
MUSICIANS/A/Ass_It/Best_Melodic_Song.sid	2	124	auto
MUSICIANS/A/Ass_It/Best_of_Axel_F.sid	1	125	auto
MUSICIANS/A/Ass_It/Better_Dead_Than_Limit.sid	1	150	auto
MUSICIANS/A/Ass_It/Big_Echo.sid	1	93	auto
MUSICIANS/A/Ass_It/Birthdaysong.sid	1	125	auto
MUSICIANS/A/Ass_It/Blast_n_Scream.sid	1	125	auto
MUSICIANS/A/Ass_It/Blast_n_Scream.sid	2	125	auto
MUSICIANS/A/Ass_It/Blast_n_Scream.sid	3	125	auto
MUSICIANS/A/Ass_It/Blast_n_Scream.sid	5	125	auto
MUSICIANS/A/Ass_It/Blaster_Master.sid	1	125	auto
MUSICIANS/A/Ass_It/Blaster_Master.sid	2	94	auto
MUSICIANS/A/Ass_It/Blaster_Master.sid	3	125	auto
MUSICIANS/A/Ass_It/Bloeder_Boeder.sid	1	125	auto
MUSICIANS/A/Ass_It/Blood_Reigning.sid	1	125	auto
MUSICIANS/A/Ass_It/Bomber_Raid.sid	1	125	auto
MUSICIANS/A/Ass_It/Borree.sid	1	125	auto
MUSICIANS/A/Ass_It/Broked_Morning.sid	1	93	auto
MUSICIANS/A/Ass_It/Brooklin.sid	1	125	auto
MUSICIANS/A/Ass_It/Cadavre.sid	1	125	auto
MUSICIANS/A/Ass_It/Came_Alone.sid	1	125	auto
MUSICIANS/A/Ass_It/Can_You_Hear_Me.sid	1	125	auto
MUSICIANS/A/Ass_It/Candlemass.sid	1	125	auto
MUSICIANS/A/Ass_It/Canon_in_D.sid	1	125	auto
MUSICIANS/A/Ass_It/Capple.sid	1	124	auto
MUSICIANS/A/Ass_It/Carmen.sid	1	125	auto
MUSICIANS/A/Ass_It/Carriage.sid	1	125	auto
MUSICIANS/A/Ass_It/Castle_Dreams.sid	1	125	auto
MUSICIANS/A/Ass_It/Changed_Weapon.sid	1	125	auto
MUSICIANS/A/Ass_It/Chor-Judas.sid	1	125	auto
MUSICIANS/A/Ass_It/Christy.sid	1	125	auto
MUSICIANS/A/Ass_It/Circus_Boom.sid	1	125	auto
MUSICIANS/A/Ass_It/Collaps.sid	1	125	auto
MUSICIANS/A/Ass_It/Concado.sid	1	125	auto
MUSICIANS/A/Ass_It/Condition.sid	1	125	auto
MUSICIANS/A/Ass_It/Connection.sid	1	124	auto
MUSICIANS/A/Ass_It/Connection.sid	2	125	auto
MUSICIANS/A/Ass_It/Conquest_Crown.sid	1	125	auto
MUSICIANS/A/Ass_It/Conspire.sid	1	83	auto
MUSICIANS/A/Ass_It/Cool_Akkorde.sid	1	124	auto
MUSICIANS/A/Ass_It/Cool_Gamezak.sid	1	125	auto
MUSICIANS/A/Ass_It/Cool_Gamezak_2.sid	1	124	auto
MUSICIANS/A/Ass_It/Cool_in_Drums.sid	1	125	auto
MUSICIANS/A/Ass_It/Coole_Instrumente.sid	1	125	auto
MUSICIANS/A/Ass_It/Coopersmith.sid	1	125	auto
MUSICIANS/A/Ass_It/Crazy.sid	1	125	auto
MUSICIANS/A/Ass_It/Crazy_Kids.sid	1	125	auto
MUSICIANS/A/Ass_It/Crime.sid	1	125	auto
MUSICIANS/A/Ass_It/Cruel_2.sid	1	125	auto
MUSICIANS/A/Ass_It/DDR-Hymne.sid	1	93	auto
MUSICIANS/A/Ass_It/DLL-Sound.sid	1	125	auto
MUSICIANS/A/Ass_It/Dainty_Pear.sid	1	125	auto
MUSICIANS/A/Ass_It/Damned_Special.sid	1	125	auto
MUSICIANS/A/Ass_It/Dancing.sid	1	126	auto
MUSICIANS/A/Ass_It/Darkness.sid	1	125	auto
MUSICIANS/A/Ass_It/Darkness_Brain.sid	1	124	auto
MUSICIANS/A/Ass_It/Das_Omen.sid	1	125	auto
MUSICIANS/A/Ass_It/Das_Taennlein.sid	1	125	auto
MUSICIANS/A/Ass_It/Death_Comes.sid	1	125	auto
MUSICIANS/A/Ass_It/Der_Abend_deckt.sid	1	125	auto
MUSICIANS/A/Ass_It/Deschnou.sid	1	125	auto
MUSICIANS/A/Ass_It/Diamond.sid	1	125	auto
MUSICIANS/A/Ass_It/Doctor_Death.sid	1	125	auto
MUSICIANS/A/Ass_It/Donkey_Kong.sid	1	125	auto
MUSICIANS/A/Ass_It/Dont_Stop.sid	1	125	auto
MUSICIANS/A/Ass_It/Dream_Academy.sid	1	124	auto
MUSICIANS/A/Ass_It/Echo-Melody.sid	1	125	auto
MUSICIANS/A/Ass_It/Effects_Pack.sid	1	125	auto
MUSICIANS/A/Ass_It/Ehh.sid	1	124	auto
MUSICIANS/A/Ass_It/Empty_Magazin.sid	1	125	auto
MUSICIANS/A/Ass_It/Empty_Magazin.sid	2	125	auto
MUSICIANS/A/Ass_It/Ending_Song.sid	1	125	auto
MUSICIANS/A/Ass_It/Enterprise.sid	1	125	auto
MUSICIANS/A/Ass_It/Escape_of_Death.sid	1	124	auto
MUSICIANS/A/Ass_It/Eueueu.sid	1	125	auto
MUSICIANS/A/Ass_It/Exage-Cool.sid	1	124	auto
MUSICIANS/A/Ass_It/Exciting_Goal.sid	1	125	auto
MUSICIANS/A/Ass_It/Extermi.sid	1	125	auto
MUSICIANS/A/Ass_It/Extra.sid	1	125	auto
MUSICIANS/A/Ass_It/Feel_the_Power.sid	1	125	auto
MUSICIANS/A/Ass_It/Felicitation.sid	1	124	auto
MUSICIANS/A/Ass_It/Felicitation.sid	2	125	auto
MUSICIANS/A/Ass_It/Felicitation.sid	3	125	auto
MUSICIANS/A/Ass_It/Felicitation.sid	4	125	auto
MUSICIANS/A/Ass_It/Ferocious.sid	1	125	auto
MUSICIANS/A/Ass_It/Ferrari.sid	1	125	auto
MUSICIANS/A/Ass_It/Fiessling.sid	1	125	auto
MUSICIANS/A/Ass_It/Filterdrums.sid	1	125	auto
MUSICIANS/A/Ass_It/Final_Clip.sid	1	125	auto
MUSICIANS/A/Ass_It/Fool.sid	1	125	auto
MUSICIANS/A/Ass_It/Forever.sid	1	125	auto
MUSICIANS/A/Ass_It/Forgotten_Worlds.sid	1	125	auto
MUSICIANS/A/Ass_It/Franzoesisch.sid	1	125	auto
MUSICIANS/A/Ass_It/Freddy_Krueger.sid	1	124	auto
MUSICIANS/A/Ass_It/Frosta.sid	1	123	auto
MUSICIANS/A/Ass_It/Fuckin_Melody.sid	1	125	auto
MUSICIANS/A/Ass_It/Future.sid	1	125	auto
MUSICIANS/A/Ass_It/Game-Music_1.sid	1	125	auto
MUSICIANS/A/Ass_It/Gamemusic_1.sid	1	125	auto
MUSICIANS/A/Ass_It/Gamemusic_2.sid	1	125	auto
MUSICIANS/A/Ass_It/Gamemusic_3.sid	1	150	auto
MUSICIANS/A/Ass_It/Gavotte_6.sid	1	125	auto
MUSICIANS/A/Ass_It/Gavotte_7.sid	1	125	auto
MUSICIANS/A/Ass_It/Gladsky.sid	1	125	auto
MUSICIANS/A/Ass_It/Goddy.sid	1	125	auto
MUSICIANS/A/Ass_It/Gonzales.sid	1	125	auto
MUSICIANS/A/Ass_It/Good_Night_Mix.sid	1	124	auto
MUSICIANS/A/Ass_It/Gook_in_Vietnam.sid	1	125	auto
MUSICIANS/A/Ass_It/Grave_Stone.sid	1	125	auto
MUSICIANS/A/Ass_It/Grusel_Scheiss.sid	1	125	auto
MUSICIANS/A/Ass_It/Guten_Abend.sid	1	124	auto
MUSICIANS/A/Ass_It/Hab_die_Ehre.sid	1	124	auto
MUSICIANS/A/Ass_It/Hallogene.sid	2	125	auto
MUSICIANS/A/Ass_It/Happy.sid	1	125	auto
MUSICIANS/A/Ass_It/Hard_Core.sid	1	125	auto
MUSICIANS/A/Ass_It/Hard_Crash.sid	1	125	auto
MUSICIANS/A/Ass_It/Hardly.sid	1	150	auto
MUSICIANS/A/Ass_It/Hawk.sid	1	125	auto
MUSICIANS/A/Ass_It/Hell_of_Birk.sid	1	125	auto
MUSICIANS/A/Ass_It/Helle_Lieder.sid	1	94	auto
MUSICIANS/A/Ass_It/High_Voltage.sid	1	124	auto
MUSICIANS/A/Ass_It/Hinunter.sid	1	125	auto
MUSICIANS/A/Ass_It/Hole_Up.sid	1	124	auto
MUSICIANS/A/Ass_It/Holy_Moses.sid	1	125	auto
MUSICIANS/A/Ass_It/Hurrican.sid	1	125	auto
MUSICIANS/A/Ass_It/Hymne.sid	1	125	auto
MUSICIANS/A/Ass_It/Idea_Again.sid	1	125	auto
MUSICIANS/A/Ass_It/Ihr_Kinderlein.sid	1	124	auto
MUSICIANS/A/Ass_It/Immeasuable.sid	1	124	auto
MUSICIANS/A/Ass_It/In_Case_of_Death.sid	1	125	auto
MUSICIANS/A/Ass_It/Inspirations.sid	1	125	auto
MUSICIANS/A/Ass_It/Intro_Shock.sid	1	124	auto
MUSICIANS/A/Ass_It/Intro_Wonder.sid	1	125	auto
MUSICIANS/A/Ass_It/Introhard.sid	1	125	auto
MUSICIANS/A/Ass_It/Iphigenie.sid	1	83	auto
MUSICIANS/A/Ass_It/Jealousy.sid	1	125	auto
MUSICIANS/A/Ass_It/Kaktusss.sid	1	125	auto
MUSICIANS/A/Ass_It/Kaljinka.sid	1	125	auto
MUSICIANS/A/Ass_It/Killing_Dropsy.sid	1	125	auto
MUSICIANS/A/Ass_It/Kling_Gloeckchen.sid	1	125	auto
MUSICIANS/A/Ass_It/Klinget.sid	1	125	auto
MUSICIANS/A/Ass_It/Knecht_Rubrecht.sid	1	125	auto
MUSICIANS/A/Ass_It/Kohl_Am_Po.sid	1	125	auto
MUSICIANS/A/Ass_It/La_Roxolane.sid	1	124	auto
MUSICIANS/A/Ass_It/Lasst_Uns_Froh.sid	1	125	auto
MUSICIANS/A/Ass_It/Latest_Hit.sid	1	125	auto
MUSICIANS/A/Ass_It/Leise_ein_Windhauch.sid	1	83	auto
MUSICIANS/A/Ass_It/Lenz.sid	1	125	auto
MUSICIANS/A/Ass_It/Lets_Go.sid	1	125	auto
MUSICIANS/A/Ass_It/Level_Music_2.sid	1	125	auto
MUSICIANS/A/Ass_It/Little_Thrash.sid	1	125	auto
MUSICIANS/A/Ass_It/Lock.sid	1	124	auto
MUSICIANS/A/Ass_It/Long_Way.sid	1	125	auto
MUSICIANS/A/Ass_It/Love_Story.sid	1	83	auto
MUSICIANS/A/Ass_It/Lover.sid	1	124	auto
MUSICIANS/A/Ass_It/Lower_Six.sid	1	94	auto
MUSICIANS/A/Ass_It/Magic_Music_1.sid	1	125	auto
MUSICIANS/A/Ass_It/Magic_Music_3.sid	1	124	auto
MUSICIANS/A/Ass_It/Magic_Music_6.sid	1	125	auto
MUSICIANS/A/Ass_It/Magic_Music_7.sid	1	124	auto
MUSICIANS/A/Ass_It/Maniac_Cop.sid	1	125	auto
MUSICIANS/A/Ass_It/Mannomann.sid	1	125	auto
MUSICIANS/A/Ass_It/Melodram.sid	1	125	auto
MUSICIANS/A/Ass_It/Melody_Champ.sid	1	125	auto
MUSICIANS/A/Ass_It/Menuett.sid	1	125	auto
MUSICIANS/A/Ass_It/Mercenary.sid	1	125	auto
MUSICIANS/A/Ass_It/Misch_Masch_Mix.sid	1	125	auto
MUSICIANS/A/Ass_It/Mix.sid	1	124	auto
MUSICIANS/A/Ass_It/Mixed_Pickles.sid	1	125	auto
MUSICIANS/A/Ass_It/Monster-Mix.sid	1	125	auto
MUSICIANS/A/Ass_It/Monster-Mix.sid	2	125	auto
MUSICIANS/A/Ass_It/Monster-Mix.sid	3	125	auto
MUSICIANS/A/Ass_It/Moon.sid	1	125	auto
MUSICIANS/A/Ass_It/More_Stuff.sid	1	125	auto
MUSICIANS/A/Ass_It/More_and_More.sid	1	125	auto
MUSICIANS/A/Ass_It/Morgen_Kommt_Er.sid	1	124	auto
MUSICIANS/A/Ass_It/Morgengrauen.sid	1	125	auto
MUSICIANS/A/Ass_It/Morning_in_Vietnam.sid	1	125	auto
MUSICIANS/A/Ass_It/Mr_Cool.sid	1	125	auto
MUSICIANS/A/Ass_It/Mr_Cool.sid	2	125	auto
MUSICIANS/A/Ass_It/Murky_Turky.sid	1	124	auto
MUSICIANS/A/Ass_It/Musette-Armida.sid	1	83	auto
MUSICIANS/A/Ass_It/Musette_3.sid	1	125	auto
MUSICIANS/A/Ass_It/My_Voice.sid	1	125	auto
MUSICIANS/A/Ass_It/Nasowas.sid	1	125	auto
MUSICIANS/A/Ass_It/Nervous.sid	1	124	auto
MUSICIANS/A/Ass_It/Neues.sid	1	125	auto
MUSICIANS/A/Ass_It/Nightmare.sid	1	124	auto
MUSICIANS/A/Ass_It/No_Idea.sid	1	125	auto
MUSICIANS/A/Ass_It/No_Init.sid	1	125	auto
MUSICIANS/A/Ass_It/No_Mercy.sid	1	124	auto
MUSICIANS/A/Ass_It/No_Trade.sid	1	94	auto
MUSICIANS/A/Ass_It/Not_Bad.sid	1	125	auto
MUSICIANS/A/Ass_It/O_Raily.sid	1	125	auto
MUSICIANS/A/Ass_It/Obszoen.sid	1	125	auto
MUSICIANS/A/Ass_It/Oh_Es_Riecht_Gut.sid	1	125	auto
MUSICIANS/A/Ass_It/Ole-Mix.sid	1	125	auto
MUSICIANS/A/Ass_It/Once_Again.sid	1	125	auto
MUSICIANS/A/Ass_It/Orgel.sid	1	125	auto
MUSICIANS/A/Ass_It/Orpheus.sid	1	125	auto
MUSICIANS/A/Ass_It/Over_Night.sid	1	125	auto
MUSICIANS/A/Ass_It/Overhead.sid	1	125	auto
MUSICIANS/A/Ass_It/Pager.sid	1	125	auto
MUSICIANS/A/Ass_It/Paraglider.sid	1	125	auto
MUSICIANS/A/Ass_It/Paukenschlag.sid	1	125	auto
MUSICIANS/A/Ass_It/Pedalical.sid	1	83	auto
MUSICIANS/A/Ass_It/Pestilence.sid	1	124	auto
MUSICIANS/A/Ass_It/Pleasant_Pease.sid	1	125	auto
MUSICIANS/A/Ass_It/Promotion.sid	1	125	auto
MUSICIANS/A/Ass_It/Pythons.sid	1	125	auto
MUSICIANS/A/Ass_It/Quakmire.sid	1	125	auto
MUSICIANS/A/Ass_It/Querbitsch.sid	1	125	auto
MUSICIANS/A/Ass_It/Quick_Change.sid	1	124	auto
MUSICIANS/A/Ass_It/Rapture.sid	1	125	auto
MUSICIANS/A/Ass_It/Rapture.sid	2	124	auto
MUSICIANS/A/Ass_It/Relozaks.sid	1	125	auto
MUSICIANS/A/Ass_It/Relozaks.sid	2	125	auto
MUSICIANS/A/Ass_It/Renegade.sid	1	124	auto
MUSICIANS/A/Ass_It/Rondo_4.sid	1	124	auto
MUSICIANS/A/Ass_It/Rondo_in_D.sid	1	124	auto
MUSICIANS/A/Ass_It/Rude_and_Cruel.sid	1	126	auto
MUSICIANS/A/Ass_It/Safer_Sex.sid	1	94	auto
MUSICIANS/A/Ass_It/Sarabande.sid	1	125	auto
MUSICIANS/A/Ass_It/Save_Our_Soules.sid	1	94	auto
MUSICIANS/A/Ass_It/Scargarak.sid	1	124	auto
MUSICIANS/A/Ass_It/Schneefloeckchen.sid	1	124	auto
MUSICIANS/A/Ass_It/Second_Tune.sid	1	125	auto
MUSICIANS/A/Ass_It/Second_Tune.sid	2	125	auto
MUSICIANS/A/Ass_It/Sega_Syndrom.sid	1	125	auto
MUSICIANS/A/Ass_It/Sequincy.sid	1	125	auto
MUSICIANS/A/Ass_It/Serenade.sid	1	125	auto
MUSICIANS/A/Ass_It/Shock.sid	1	125	auto
MUSICIANS/A/Ass_It/Shollyday.sid	1	125	auto
MUSICIANS/A/Ass_It/Shotre.sid	1	94	auto
MUSICIANS/A/Ass_It/Sigma_Seven.sid	1	125	auto
MUSICIANS/A/Ass_It/Silence.sid	1	125	auto
MUSICIANS/A/Ass_It/Silence_of_Night.sid	1	125	auto
MUSICIANS/A/Ass_It/Silent_Mode.sid	1	125	auto
MUSICIANS/A/Ass_It/Sind_Die_Lichter.sid	1	83	auto
MUSICIANS/A/Ass_It/Sinfonia.sid	1	124	auto
MUSICIANS/A/Ass_It/Single_Echo.sid	1	125	auto
MUSICIANS/A/Ass_It/Skyglad.sid	1	94	auto
MUSICIANS/A/Ass_It/Smash_TC.sid	1	125	auto
MUSICIANS/A/Ass_It/So_Viel_Heimlichkeit.sid	1	125	auto
MUSICIANS/A/Ass_It/Song.sid	1	125	auto
MUSICIANS/A/Ass_It/Sonnenstrahl.sid	1	124	auto
MUSICIANS/A/Ass_It/Special_Frequency.sid	1	125	auto
MUSICIANS/A/Ass_It/Spedacal.sid	1	84	auto
MUSICIANS/A/Ass_It/Speedy_Zak.sid	1	125	auto
MUSICIANS/A/Ass_It/Speedy_Zak.sid	2	125	auto
MUSICIANS/A/Ass_It/Splash_Crash.sid	1	125	auto
MUSICIANS/A/Ass_It/Spuk_Skycrapers.sid	1	83	auto
MUSICIANS/A/Ass_It/Squish_em_All.sid	1	125	auto
MUSICIANS/A/Ass_It/Stand_One_Night.sid	1	125	auto
MUSICIANS/A/Ass_It/Star_Trek.sid	1	125	auto
MUSICIANS/A/Ass_It/Star_Wars_2.sid	1	125	auto
MUSICIANS/A/Ass_It/Still_Alone.sid	1	125	auto
MUSICIANS/A/Ass_It/Sumdrums.sid	1	125	auto
MUSICIANS/A/Ass_It/Sunlove.sid	1	124	auto
MUSICIANS/A/Ass_It/Super_Games.sid	1	125	auto
MUSICIANS/A/Ass_It/Supermario.sid	1	125	auto
MUSICIANS/A/Ass_It/Synthy_3.sid	1	94	auto
MUSICIANS/A/Ass_It/Tactical.sid	1	94	auto
MUSICIANS/A/Ass_It/Take_One_Do.sid	1	125	auto
MUSICIANS/A/Ass_It/Take_the_Sword.sid	1	125	auto
MUSICIANS/A/Ass_It/Tarry.sid	1	124	auto
MUSICIANS/A/Ass_It/Techno_Tronic.sid	1	125	auto
MUSICIANS/A/Ass_It/Techno_v3.sid	1	125	auto
MUSICIANS/A/Ass_It/Teschno.sid	1	125	auto
MUSICIANS/A/Ass_It/Teuteuteu.sid	1	125	auto
MUSICIANS/A/Ass_It/Thanks.sid	1	125	auto
MUSICIANS/A/Ass_It/Thats_Feeling.sid	1	124	auto
MUSICIANS/A/Ass_It/Thrash_Metal.sid	1	125	auto
MUSICIANS/A/Ass_It/Thrash_Till_the_End.sid	1	125	auto
MUSICIANS/A/Ass_It/Thule.sid	1	94	auto
MUSICIANS/A/Ass_It/Two_Track_Drum.sid	1	125	auto
MUSICIANS/A/Ass_It/Two_Tunes.sid	2	125	auto
MUSICIANS/A/Ass_It/USW.sid	1	125	auto
MUSICIANS/A/Ass_It/Under_Cover.sid	1	125	auto
MUSICIANS/A/Ass_It/Uuaahh.sid	1	125	auto
MUSICIANS/A/Ass_It/Vogelfaenger.sid	1	125	auto
MUSICIANS/A/Ass_It/Wahnsinn_2.sid	1	125	auto
MUSICIANS/A/Ass_It/Wall_of_Doom.sid	1	125	auto
MUSICIANS/A/Ass_It/Wanderers.sid	1	125	auto
MUSICIANS/A/Ass_It/Wearing.sid	1	125	auto
MUSICIANS/A/Ass_It/Wearing.sid	2	125	auto
MUSICIANS/A/Ass_It/Weiter.sid	1	125	auto
MUSICIANS/A/Ass_It/Wonderful.sid	1	125	auto
MUSICIANS/A/Ass_It/Work_Around.sid	1	125	auto
MUSICIANS/A/Ass_It/Workaholic.sid	1	125	auto
MUSICIANS/A/Ass_It/Yesterday.sid	1	125	auto
MUSICIANS/A/Ass_It/Young_Guns.sid	1	125	auto
MUSICIANS/A/Astovel/Analog.sid	1	125	auto
MUSICIANS/A/Astovel/Bad_Dreams.sid	1	125	auto
MUSICIANS/A/Astovel/Breathe.sid	1	123	auto
MUSICIANS/A/Astovel/Cyber_Brain.sid	1	125	auto
MUSICIANS/A/Astovel/Deep_Acid.sid	1	125	auto
MUSICIANS/A/Astovel/Dreams.sid	1	151	auto
MUSICIANS/A/Astovel/Electric_Dreams_2.sid	1	125	auto
MUSICIANS/A/Astovel/Electric_Drum.sid	1	75	auto
MUSICIANS/A/Astovel/Energetical.sid	1	124	auto
MUSICIANS/A/Astovel/Exterminate.sid	1	125	auto
MUSICIANS/A/Astovel/Firetwister.sid	1	125	auto
MUSICIANS/A/Astovel/Fuck_Off.sid	1	124	auto
MUSICIANS/A/Astovel/Graph_Toolz_6_menu.sid	1	125	auto
MUSICIANS/A/Astovel/Highlander.sid	1	75	auto
MUSICIANS/A/Astovel/Hologram.sid	1	125	auto
MUSICIANS/A/Astovel/Industrial.sid	1	125	auto
MUSICIANS/A/Astovel/Instytution.sid	1	125	auto
MUSICIANS/A/Astovel/Inter_Space.sid	1	125	auto
MUSICIANS/A/Astovel/Introduction.sid	1	124	auto
MUSICIANS/A/Astovel/Overmind.sid	1	124	auto
MUSICIANS/A/Astovel/Plasmostyle.sid	1	125	auto
MUSICIANS/A/Astovel/Poison.sid	1	106	auto
MUSICIANS/A/Astovel/Red_Poison.sid	1	125	auto
MUSICIANS/A/Astovel/Smack_My_Bitch.sid	1	135	auto
MUSICIANS/A/Astovel/Speed_Biker.sid	1	125	auto
MUSICIANS/A/Astovel/Techno.sid	1	135	auto
MUSICIANS/A/Astovel/Tengu_Warez_1_menu.sid	1	75	auto
MUSICIANS/A/Astovel/Tiger.sid	1	124	auto
MUSICIANS/A/Astovel/Trance.sid	1	94	auto
MUSICIANS/A/Astovel/Underground_Intro.sid	1	125	auto
MUSICIANS/A/Astovel/Vision_Death.sid	1	125	auto
MUSICIANS/A/Astudillo_Cesar/Drazen_Petrovic_Basket.sid	1	124	auto
MUSICIANS/A/Astudillo_Cesar/Emilio_Butragueno_Futbol.sid	2	125	auto
MUSICIANS/A/Astudillo_Cesar/Mad_Mix_Game.sid	3	124	auto
MUSICIANS/A/Ati/Bad_Crazyness.sid	1	125	auto
MUSICIANS/A/Ati/Boozing.sid	1	125	auto
MUSICIANS/A/Ati/CFA-Mix.sid	1	125	auto
MUSICIANS/A/Ati/Caged_Worm_tune_4.sid	1	125	auto
MUSICIANS/A/Ati/Caged_Worm_tune_8.sid	1	124	auto
MUSICIANS/A/Ati/Celebration.sid	1	94	auto
MUSICIANS/A/Ati/Dedication.sid	1	125	auto
MUSICIANS/A/Ati/Delicious_2.sid	1	124	auto
MUSICIANS/A/Ati/Delicious_3_tune_2.sid	1	124	auto
MUSICIANS/A/Ati/Delicious_tune_3.sid	1	94	auto
MUSICIANS/A/Ati/Delicious_tune_5.sid	1	94	auto
MUSICIANS/A/Ati/Delicious_tune_6.sid	1	94	auto
MUSICIANS/A/Ati/Delicious_tune_8.sid	1	94	auto
MUSICIANS/A/Ati/Designed_Sense.sid	1	124	auto
MUSICIANS/A/Ati/Enter_Name.sid	1	125	auto
MUSICIANS/A/Ati/Equinox_Remix.sid	1	94	auto
MUSICIANS/A/Ati/Glug-Glug.sid	1	125	auto
MUSICIANS/A/Ati/H-moll_Thinking.sid	1	125	auto
MUSICIANS/A/Ati/Hangover.sid	1	125	auto
MUSICIANS/A/Ati/Left_Arrow.sid	1	124	auto
MUSICIANS/A/Ati/Log-X_preview.sid	1	124	auto
MUSICIANS/A/Ati/Log-X_preview.sid	2	125	auto
MUSICIANS/A/Ati/Marbloid_preview.sid	1	125	auto
MUSICIANS/A/Ati/Marbloid_preview.sid	2	125	auto
MUSICIANS/A/Ati/Marbloid_preview.sid	3	125	auto
MUSICIANS/A/Ati/Mosquitoes.sid	1	93	auto
MUSICIANS/A/Ati/Partypuke_part_1.sid	1	93	auto
MUSICIANS/A/Ati/Plov_Fripperies_1.sid	1	94	auto
MUSICIANS/A/Ati/Sad_Dawn.sid	1	94	auto
MUSICIANS/A/Ati/Silverush.sid	1	125	auto
MUSICIANS/A/Ati/Simple_Fantasy.sid	1	93	auto
MUSICIANS/A/Ati/Steps.sid	1	124	auto
MUSICIANS/A/Ati/Top_Fun.sid	1	94	auto
MUSICIANS/A/Ati/Trash.sid	1	125	auto
MUSICIANS/A/Ati/Unluckyness.sid	1	125	auto
MUSICIANS/A/Ati/Vauvautune.sid	1	94	auto
MUSICIANS/A/Ati/Walking_Trouble.sid	1	125	auto
MUSICIANS/A/Ati/Watcha_Toon.sid	1	94	auto
MUSICIANS/A/Atom/American_Movies.sid	1	125	auto
MUSICIANS/A/Atom/Angry_Boy.sid	1	125	auto
MUSICIANS/A/Atom/Another_Epic.sid	1	125	auto
MUSICIANS/A/Atom/Atom_01.sid	1	94	auto
MUSICIANS/A/Atom/Atom_Jive.sid	1	124	auto
MUSICIANS/A/Atom/Atom_Strikes.sid	1	125	auto
MUSICIANS/A/Atom/Boring.sid	1	125	auto
MUSICIANS/A/Atom/Chased.sid	1	125	auto
MUSICIANS/A/Atom/Cheap_Music.sid	1	125	auto
MUSICIANS/A/Atom/Cold_Heat.sid	1	125	auto
MUSICIANS/A/Atom/Contact_Atom.sid	1	125	auto
MUSICIANS/A/Atom/Depths.sid	1	125	auto
MUSICIANS/A/Atom/Drop_Climb.sid	1	111	auto
MUSICIANS/A/Atom/Empty_Tune.sid	1	83	auto
MUSICIANS/A/Atom/End.sid	1	94	auto
MUSICIANS/A/Atom/End_Tune.sid	1	125	auto
MUSICIANS/A/Atom/Fast_Atmosphere.sid	1	123	auto
MUSICIANS/A/Atom/Foot_Tapping.sid	1	125	auto
MUSICIANS/A/Atom/Freedom.sid	1	125	auto
MUSICIANS/A/Atom/Fucking_Computer_Nerd.sid	1	125	auto
MUSICIANS/A/Atom/Funky_Bass.sid	1	125	auto
MUSICIANS/A/Atom/Good_Bass.sid	1	125	auto
MUSICIANS/A/Atom/Graveyard.sid	1	125	auto
MUSICIANS/A/Atom/Grim_Tune.sid	1	94	auto
MUSICIANS/A/Atom/Groovin_Skip.sid	1	83	auto
MUSICIANS/A/Atom/Guitar_Work.sid	1	83	auto
MUSICIANS/A/Atom/Happy_Tune.sid	1	125	auto
MUSICIANS/A/Atom/Heavy_Metal.sid	1	125	auto
MUSICIANS/A/Atom/Introtune.sid	1	125	auto
MUSICIANS/A/Atom/Jump_to_It.sid	1	94	auto
MUSICIANS/A/Atom/Lamers_Cakewalk.sid	1	125	auto
MUSICIANS/A/Atom/Lings_Tune.sid	1	125	auto
MUSICIANS/A/Atom/Loud_Groove.sid	1	125	auto
MUSICIANS/A/Atom/Miserygutz.sid	1	125	auto
MUSICIANS/A/Atom/More_Groove.sid	1	125	auto
MUSICIANS/A/Atom/Not_Scary.sid	1	125	auto
MUSICIANS/A/Atom/OZ_National_Anthem.sid	1	125	auto
MUSICIANS/A/Atom/Ocean_Breeze.sid	1	125	auto
MUSICIANS/A/Atom/Oh_Well.sid	1	125	auto
MUSICIANS/A/Atom/One_Style.sid	1	125	auto
MUSICIANS/A/Atom/Parade.sid	1	125	auto
MUSICIANS/A/Atom/Purple_Sunset.sid	1	125	auto
MUSICIANS/A/Atom/Roadhouse_Blues.sid	1	125	auto
MUSICIANS/A/Atom/Rocker.sid	1	125	auto
MUSICIANS/A/Atom/Round_n_Round.sid	1	125	auto
MUSICIANS/A/Atom/Sheep.sid	1	125	auto
MUSICIANS/A/Atom/Short_and_Sweet.sid	1	125	auto
MUSICIANS/A/Atom/Sleep.sid	1	125	auto
MUSICIANS/A/Atom/Still_Water.sid	1	124	auto
MUSICIANS/A/Atom/Sunrise.sid	1	125	auto
MUSICIANS/A/Atom/Sunshine.sid	1	125	auto
MUSICIANS/A/Atom/Toe_Tappin_Toon.sid	1	125	auto
MUSICIANS/A/Atom/Usual.sid	1	125	auto
MUSICIANS/A/Atom/War.sid	1	83	auto
MUSICIANS/A/Atomcode/Eiswuestenmarsch.sid	1	100	auto
MUSICIANS/A/Atomcode/Lame_Digger.sid	1	124	auto
MUSICIANS/A/Atomcode/Schuhplattler.sid	1	83	auto
MUSICIANS/A/Atte/Army_Collection_1.sid	1	125	auto
MUSICIANS/A/Atte/Army_Collection_2.sid	1	83	auto
MUSICIANS/A/Atte/Blue_River_Floyd.sid	1	150	auto
MUSICIANS/A/Atte/Break_My_Heart.sid	1	125	auto
MUSICIANS/A/Atte/Children_Medley.sid	1	150	auto
MUSICIANS/A/Atte/Circular_Letter_tune_2.sid	1	125	auto
MUSICIANS/A/Atte/Circular_Letter_tune_3.sid	1	125	auto
MUSICIANS/A/Atte/Good_Bye_Free_Time.sid	1	125	auto
MUSICIANS/A/Atte/Ive_Got_It.sid	1	125	auto
MUSICIANS/A/Atte/Lazy_No-One_Song.sid	1	150	auto
MUSICIANS/A/Atte/No_More_Chance.sid	1	125	auto
MUSICIANS/A/Atte/Not_Much_from_Me.sid	1	94	auto
MUSICIANS/A/Atte/Theme_from_Antarctica.sid	1	124	auto
MUSICIANS/A/Audial_Arts/Balai_Rodney/Black_and_White.sid	1	125	auto
MUSICIANS/A/Audial_Arts/Balai_Rodney/Carmen.sid	1	83	auto
MUSICIANS/A/Audial_Arts/Balai_Rodney/Change_Your_Mind.sid	1	83	auto
MUSICIANS/A/Audial_Arts/Balai_Rodney/Intro_Sound.sid	1	125	auto
MUSICIANS/A/Audial_Arts/Balai_Rodney/Jungle_Mania_tune_1.sid	1	125	auto
MUSICIANS/A/Audial_Arts/Balai_Rodney/Jungle_Mania_tune_2.sid	1	125	auto
MUSICIANS/A/Audial_Arts/Balai_Rodney/Jungle_Mania_tune_3.sid	1	125	auto
MUSICIANS/A/Audial_Arts/Balai_Rodney/Jungle_Mania_tune_4.sid	1	125	auto
MUSICIANS/A/Audial_Arts/Balai_Rodney/Jungle_Mania_tune_6.sid	1	125	auto
MUSICIANS/A/Audial_Arts/Balai_Rodney/Jungle_Mania_tune_7.sid	1	125	auto
MUSICIANS/A/Audial_Arts/Balai_Rodney/No_Melodies.sid	1	125	auto
MUSICIANS/A/Audial_Arts/Balai_Rodney/Ooops_Up.sid	1	100	auto
MUSICIANS/A/Audial_Arts/Balai_Rodney/Pan-Fluit.sid	1	125	auto
MUSICIANS/A/Audial_Arts/Balai_Rodney/Puke-Box_Main_Menu.sid	1	125	auto
MUSICIANS/A/Audial_Arts/Balai_Rodney/Riemix.sid	1	125	auto
MUSICIANS/A/Audial_Arts/Balai_Rodney/Rock_This.sid	1	125	auto
MUSICIANS/A/Audial_Arts/Balai_Rodney/Rock_and_Role.sid	1	83	auto
MUSICIANS/A/Audial_Arts/Balai_Rodney/Ruthless_TV_Preview_tune_2.sid	1	125	auto
MUSICIANS/A/Audial_Arts/Balai_Rodney/Sign_of_da_Times.sid	1	125	auto
MUSICIANS/A/Audial_Arts/Balai_Rodney/Spijkerhoek.sid	1	125	auto
MUSICIANS/A/Audial_Arts/Balai_Rodney/Tiffany.sid	1	100	auto
MUSICIANS/A/Audial_Arts/Balai_Rodney/Time_Intro.sid	1	124	auto
MUSICIANS/A/Audial_Arts/Balai_Rodney/Wake_Me_Up_Before_You_Go-Go.sid	1	83	auto
MUSICIANS/A/Audial_Arts/Balai_Rodney/Warm_Touch.sid	1	125	auto
MUSICIANS/A/Audial_Arts/Balai_Rodney/Wotty_Goes_Weird.sid	1	143	auto
MUSICIANS/A/Audial_Arts/Hi_Ska_Do.sid	1	125	auto
MUSICIANS/A/Audial_Arts/Pasch_Ronny/2k_Music.sid	1	93	auto
MUSICIANS/A/Audial_Arts/Pasch_Ronny/As_They_Go.sid	1	125	auto
MUSICIANS/A/Audial_Arts/Pasch_Ronny/Axel-F.sid	1	125	auto
MUSICIANS/A/Audial_Arts/Pasch_Ronny/Axel-F_V2.sid	1	125	auto
MUSICIANS/A/Audial_Arts/Pasch_Ronny/Bad.sid	1	125	auto
MUSICIANS/A/Audial_Arts/Pasch_Ronny/Bla_Bla_Huh.sid	1	125	auto
MUSICIANS/A/Audial_Arts/Pasch_Ronny/Bonfilter.sid	1	124	auto
MUSICIANS/A/Audial_Arts/Pasch_Ronny/Boredom.sid	1	94	auto
MUSICIANS/A/Audial_Arts/Pasch_Ronny/Capitol_Music_08.sid	1	125	auto
MUSICIANS/A/Audial_Arts/Pasch_Ronny/Capitols_Delight.sid	1	125	auto
MUSICIANS/A/Audial_Arts/Pasch_Ronny/Ever_What.sid	1	124	auto
MUSICIANS/A/Audial_Arts/Pasch_Ronny/Fantasy.sid	1	125	auto
MUSICIANS/A/Audial_Arts/Pasch_Ronny/Funky_Man.sid	1	125	auto
MUSICIANS/A/Audial_Arts/Pasch_Ronny/Humanoid_v1.sid	1	125	auto
MUSICIANS/A/Audial_Arts/Pasch_Ronny/Jingle_Bells.sid	1	125	auto
MUSICIANS/A/Audial_Arts/Pasch_Ronny/Krak_en_Brak.sid	1	94	auto
MUSICIANS/A/Audial_Arts/Pasch_Ronny/Kwenie.sid	1	125	auto
MUSICIANS/A/Audial_Arts/Pasch_Ronny/Lame_and_Bad_A.sid	1	125	auto
MUSICIANS/A/Audial_Arts/Pasch_Ronny/Landscape.sid	1	124	auto
MUSICIANS/A/Audial_Arts/Pasch_Ronny/Mystic-Minds.sid	1	125	auto
MUSICIANS/A/Audial_Arts/Pasch_Ronny/News_Music.sid	1	83	auto
MUSICIANS/A/Audial_Arts/Pasch_Ronny/Nice_Tune-Tje.sid	1	94	auto
MUSICIANS/A/Audial_Arts/Pasch_Ronny/Panflute_Magic.sid	1	125	auto
MUSICIANS/A/Audial_Arts/Pasch_Ronny/Passions_2.sid	1	125	auto
MUSICIANS/A/Audial_Arts/Pasch_Ronny/Remark_Intro.sid	1	125	auto
MUSICIANS/A/Audial_Arts/Pasch_Ronny/Saverned.sid	1	125	auto
MUSICIANS/A/Audial_Arts/Pasch_Ronny/Sensitivity.sid	1	125	auto
MUSICIANS/A/Audial_Arts/Pasch_Ronny/Shameful.sid	1	125	auto
MUSICIANS/A/Audial_Arts/Pasch_Ronny/Smetty.sid	1	125	auto
MUSICIANS/A/Audial_Arts/Pasch_Ronny/Venlo_Birthday.sid	1	125	auto
MUSICIANS/A/Audial_Arts/Pasch_Ronny/Wild_Loving.sid	1	125	auto
MUSICIANS/A/Audial_Arts/Pasch_Ronny/X-mas_Music.sid	1	125	auto
MUSICIANS/A/Audial_Arts/Pasch_Ronny/YoYo.sid	1	125	auto
MUSICIANS/A/Audial_Arts/Peters_Patrick/Ambition_5.sid	1	124	auto
MUSICIANS/A/Audial_Arts/Peters_Patrick/Black_Desire.sid	1	124	auto
MUSICIANS/A/Audial_Arts/Peters_Patrick/Dirty_Cash.sid	1	125	auto
MUSICIANS/A/Audial_Arts/Peters_Patrick/Future_Composer_3_Demo.sid	1	125	auto
MUSICIANS/A/Audial_Arts/Peters_Patrick/Glasnost.sid	1	125	auto
MUSICIANS/A/Audial_Arts/Peters_Patrick/Global.sid	1	125	auto
MUSICIANS/A/Audial_Arts/Peters_Patrick/Holiday.sid	1	124	auto
MUSICIANS/A/Audial_Arts/Peters_Patrick/Illusion.sid	1	125	auto
MUSICIANS/A/Audial_Arts/Peters_Patrick/Imshi.sid	5	100	auto
MUSICIANS/A/Audial_Arts/Peters_Patrick/Imshi.sid	6	100	auto
MUSICIANS/A/Audial_Arts/Peters_Patrick/Imshi.sid	7	125	auto
MUSICIANS/A/Audial_Arts/Peters_Patrick/Imshi.sid	8	124	auto
MUSICIANS/A/Audial_Arts/Peters_Patrick/Imshi.sid	9	94	auto
MUSICIANS/A/Audial_Arts/Peters_Patrick/In_Game.sid	1	124	auto
MUSICIANS/A/Audial_Arts/Peters_Patrick/Lambada.sid	1	125	auto
MUSICIANS/A/Audial_Arts/Peters_Patrick/Lessons_in_Love.sid	1	125	auto
MUSICIANS/A/Audial_Arts/Peters_Patrick/Melo-Funk_1.sid	1	116	auto
MUSICIANS/A/Audial_Arts/Peters_Patrick/Ode_to_Dutch_Judge.sid	1	115	auto
MUSICIANS/A/Audial_Arts/Peters_Patrick/Party_Demo_part_3.sid	1	125	auto
MUSICIANS/A/Audial_Arts/Peters_Patrick/Poison.sid	1	125	auto
MUSICIANS/A/Audial_Arts/Peters_Patrick/Puppets.sid	1	100	auto
MUSICIANS/A/Audial_Arts/Peters_Patrick/Reign_of_Pain_part_5.sid	1	124	auto
MUSICIANS/A/Audial_Arts/Peters_Patrick/Rock_n_Roll_Music_Pack_tune_1.sid	1	100	auto
MUSICIANS/A/Audial_Arts/Peters_Patrick/Rock_n_Roll_Music_Pack_tune_2.sid	1	117	auto
MUSICIANS/A/Audial_Arts/Peters_Patrick/Rock_n_Roll_Music_Pack_tune_4.sid	1	107	auto
MUSICIANS/A/Audial_Arts/Peters_Patrick/Rock_n_Roll_Music_Pack_tune_5.sid	1	117	auto
MUSICIANS/A/Audial_Arts/Peters_Patrick/Snief.sid	1	100	auto
MUSICIANS/A/Audial_Arts/Peters_Patrick/Success_Intro_Music.sid	1	125	auto
MUSICIANS/A/Audial_Arts/Peters_Patrick/Vote_Counter_V1_0_tune_1.sid	1	107	auto
MUSICIANS/A/Audial_Arts/Prijt_Francois/Alf_Returns.sid	1	125	auto
MUSICIANS/A/Audial_Arts/Prijt_Francois/Ashiiiiiiiiit.sid	1	125	auto
MUSICIANS/A/Audial_Arts/Prijt_Francois/Blaze_of_Glory_Holland_Promo.sid	1	125	auto
MUSICIANS/A/Audial_Arts/Prijt_Francois/Boostem.sid	1	94	auto
MUSICIANS/A/Audial_Arts/Prijt_Francois/Brain_Zchuldt.sid	1	125	auto
MUSICIANS/A/Audial_Arts/Prijt_Francois/Cancel.sid	1	125	auto
MUSICIANS/A/Audial_Arts/Prijt_Francois/Elite_Perfection.sid	1	125	auto
MUSICIANS/A/Audial_Arts/Prijt_Francois/For_Ikari_plus_Talent.sid	1	125	auto
MUSICIANS/A/Audial_Arts/Prijt_Francois/Gnitset.sid	1	125	auto
MUSICIANS/A/Audial_Arts/Prijt_Francois/Hitmen_Tune.sid	1	125	auto
MUSICIANS/A/Audial_Arts/Prijt_Francois/Human_Joint.sid	1	125	auto
MUSICIANS/A/Audial_Arts/Prijt_Francois/Iduna_preview.sid	1	124	auto
MUSICIANS/A/Audial_Arts/Prijt_Francois/Iduna_preview.sid	3	125	auto
MUSICIANS/A/Audial_Arts/Prijt_Francois/Im_Kinda_Mad.sid	1	126	auto
MUSICIANS/A/Audial_Arts/Prijt_Francois/Intromatic.sid	1	125	auto
MUSICIANS/A/Audial_Arts/Prijt_Francois/Intromatic_2.sid	1	125	auto
MUSICIANS/A/Audial_Arts/Prijt_Francois/JCHs_Way.sid	1	125	auto
MUSICIANS/A/Audial_Arts/Prijt_Francois/Just_Listen.sid	1	125	auto
MUSICIANS/A/Audial_Arts/Prijt_Francois/Mistical.sid	1	124	auto
MUSICIANS/A/Audial_Arts/Prijt_Francois/Mix-Up_1.sid	1	125	auto
MUSICIANS/A/Audial_Arts/Prijt_Francois/Modern_Blues.sid	1	125	auto
MUSICIANS/A/Audial_Arts/Prijt_Francois/Music_Collection_01.sid	1	124	auto
MUSICIANS/A/Audial_Arts/Prijt_Francois/Odeon.sid	1	125	auto
MUSICIANS/A/Audial_Arts/Prijt_Francois/Odeon_Remix.sid	1	125	auto
MUSICIANS/A/Audial_Arts/Prijt_Francois/Pornoism.sid	1	125	auto
MUSICIANS/A/Audial_Arts/Prijt_Francois/Prijt_02.sid	1	100	auto
MUSICIANS/A/Audial_Arts/Prijt_Francois/Prijt_03.sid	1	94	auto
MUSICIANS/A/Audial_Arts/Prijt_Francois/Prijt_04.sid	1	125	auto
MUSICIANS/A/Audial_Arts/Prijt_Francois/Push-It.sid	1	124	auto
MUSICIANS/A/Audial_Arts/Prijt_Francois/Rhytm_Nation_menu.sid	1	125	auto
MUSICIANS/A/Audial_Arts/Prijt_Francois/Ruthless_Meeting.sid	1	125	auto
MUSICIANS/A/Audial_Arts/Prijt_Francois/Scoop_Designs.sid	1	125	auto
MUSICIANS/A/Audial_Arts/Prijt_Francois/Shit_Tune.sid	1	125	auto
MUSICIANS/A/Audial_Arts/Prijt_Francois/Slow_Down.sid	1	94	auto
MUSICIANS/A/Audial_Arts/Prijt_Francois/Soundtech_1.sid	1	124	auto
MUSICIANS/A/Audial_Arts/Prijt_Francois/Thumbs_Up.sid	1	125	auto
MUSICIANS/A/Audial_Arts/Prijt_Francois/Tune_It.sid	1	125	auto
MUSICIANS/A/Audial_Arts/Prijt_Francois/Tuner.sid	1	94	auto
MUSICIANS/A/Audial_Arts/Prijt_Francois/Van_Gils.sid	1	94	auto
MUSICIANS/A/Audial_Arts/Prijt_Francois/WWE_plus_TRC_Logo.sid	1	125	auto
MUSICIANS/A/Audial_Arts/Prijt_Francois/Weirdoes.sid	1	93	auto
MUSICIANS/A/Audial_Arts/Timmy-Boy.sid	1	125	auto
MUSICIANS/A/Audial_Arts/Triplex.sid	1	124	auto
MUSICIANS/A/Audial_Arts/Triplex.sid	2	124	auto
MUSICIANS/A/Audial_Arts/Triplex.sid	4	124	auto
MUSICIANS/A/Audial_Arts/Triplex.sid	5	124	auto
MUSICIANS/A/Avalon/Agony.sid	1	83	auto
MUSICIANS/A/Avalon/Alive.sid	1	94	auto
MUSICIANS/A/Avalon/Ascend.sid	1	124	auto
MUSICIANS/A/Avalon/Beauty_from_Within.sid	1	125	auto
MUSICIANS/A/Avalon/Blue_Bossa.sid	1	124	auto
MUSICIANS/A/Avalon/Bugganova.sid	1	94	auto
MUSICIANS/A/Avalon/But_Not_Tonight.sid	1	125	auto
MUSICIANS/A/Avalon/Camels_from_Space.sid	1	125	auto
MUSICIANS/A/Avalon/Coop.sid	1	94	auto
MUSICIANS/A/Avalon/Crap.sid	1	94	auto
MUSICIANS/A/Avalon/Cypress_Mill.sid	1	125	auto
MUSICIANS/A/Avalon/Dajm.sid	1	94	auto
MUSICIANS/A/Avalon/Dancing_Swans.sid	1	94	auto
MUSICIANS/A/Avalon/Depeche_Mode_Megamix.sid	1	125	auto
MUSICIANS/A/Avalon/Diana.sid	1	150	auto
MUSICIANS/A/Avalon/Disorder.sid	1	94	auto
MUSICIANS/A/Avalon/Dolce_and_Svetlana.sid	1	94	auto
MUSICIANS/A/Avalon/Down_Rasmus_Street.sid	1	125	auto
MUSICIANS/A/Avalon/Dreams.sid	1	124	auto
MUSICIANS/A/Avalon/Earth.sid	1	125	auto
MUSICIANS/A/Avalon/Enjoy_the_Silence.sid	1	125	auto
MUSICIANS/A/Avalon/Experiment.sid	1	125	auto
MUSICIANS/A/Avalon/Experiment_remix.sid	1	124	auto
MUSICIANS/A/Avalon/Factory_Love.sid	1	124	auto
MUSICIANS/A/Avalon/First_one.sid	1	125	auto
MUSICIANS/A/Avalon/Freedom.sid	1	125	auto
MUSICIANS/A/Avalon/Frontline.sid	1	94	auto
MUSICIANS/A/Avalon/Funky.sid	1	125	auto
MUSICIANS/A/Avalon/Happy.sid	1	124	auto
MUSICIANS/A/Avalon/Hold_Me_Tight.sid	1	125	auto
MUSICIANS/A/Avalon/Hold_Me_Tight_v2.sid	1	125	auto
MUSICIANS/A/Avalon/I_Want_You_Now.sid	1	94	auto
MUSICIANS/A/Avalon/Impressions.sid	1	125	auto
MUSICIANS/A/Avalon/In_the_Factory.sid	1	124	auto
MUSICIANS/A/Avalon/Interlude.sid	1	93	auto
MUSICIANS/A/Avalon/Into_the_Night.sid	1	94	auto
MUSICIANS/A/Avalon/Introtune.sid	1	94	auto
MUSICIANS/A/Avalon/Karl_Marx.sid	1	124	auto
MUSICIANS/A/Avalon/Koola_Sture.sid	1	125	auto
MUSICIANS/A/Avalon/La_Isla_Bonita.sid	1	125	auto
MUSICIANS/A/Avalon/Lambada.sid	1	125	auto
MUSICIANS/A/Avalon/Le_Coucou.sid	1	125	auto
MUSICIANS/A/Avalon/Le_Coucou_II.sid	1	124	auto
MUSICIANS/A/Avalon/Leaving.sid	1	125	auto
MUSICIANS/A/Avalon/Magic.sid	1	94	auto
MUSICIANS/A/Avalon/Mark_Our_Shadow.sid	1	93	auto
MUSICIANS/A/Avalon/Meaning_of_Love.sid	1	124	auto
MUSICIANS/A/Avalon/Monday.sid	1	125	auto
MUSICIANS/A/Avalon/More_Human.sid	1	93	auto
MUSICIANS/A/Avalon/Moskwa.sid	1	94	auto
MUSICIANS/A/Avalon/Never_Let_Me_Down_Again.sid	1	125	auto
MUSICIANS/A/Avalon/No_Way_Out.sid	1	124	auto
MUSICIANS/A/Avalon/Norma_City.sid	1	125	auto
MUSICIANS/A/Avalon/Nothing.sid	1	125	auto
MUSICIANS/A/Avalon/One_Hour.sid	1	94	auto
MUSICIANS/A/Avalon/One_Love_to_Give.sid	1	124	auto
MUSICIANS/A/Avalon/Paper_Dolls.sid	1	94	auto
MUSICIANS/A/Avalon/Phifer.sid	1	125	auto
MUSICIANS/A/Avalon/Pitchka.sid	1	125	auto
MUSICIANS/A/Avalon/Policy_of_Truth.sid	1	124	auto
MUSICIANS/A/Avalon/Pornography.sid	1	125	auto
MUSICIANS/A/Avalon/Problems.sid	1	125	auto
MUSICIANS/A/Avalon/Remotivation.sid	1	94	auto
MUSICIANS/A/Avalon/Sasha.sid	1	125	auto
MUSICIANS/A/Avalon/Shake_the_Disease.sid	1	125	auto
MUSICIANS/A/Avalon/Short_Intro.sid	1	124	auto
MUSICIANS/A/Avalon/Simple_Life.sid	1	124	auto
MUSICIANS/A/Avalon/Soul_Control_test_version.sid	1	94	auto
MUSICIANS/A/Avalon/Soviet.sid	1	125	auto
MUSICIANS/A/Avalon/Spetsnaz.sid	1	125	auto
MUSICIANS/A/Avalon/Stahlwerk_Symfoni.sid	1	125	auto
MUSICIANS/A/Avalon/Stuck.sid	1	125	auto
MUSICIANS/A/Avalon/Tachanka.sid	1	94	auto
MUSICIANS/A/Avalon/Tears.sid	1	94	auto
MUSICIANS/A/Avalon/Techno_Dax.sid	1	125	auto
MUSICIANS/A/Avalon/Things_You_Said.sid	1	124	auto
MUSICIANS/A/Avalon/This_Used_to_Be_My_Playground.sid	1	150	auto
MUSICIANS/A/Avalon/Thoughts.sid	1	83	auto
MUSICIANS/A/Avalon/Time_and_Fantasy.sid	1	94	auto
MUSICIANS/A/Avalon/Tower.sid	1	94	auto
MUSICIANS/A/Avalon/Tribute.sid	1	94	auto
MUSICIANS/A/Avalon/Unity.sid	1	94	auto
MUSICIANS/A/Avalon/Volla.sid	1	125	auto
MUSICIANS/A/Avalon/Whos_That_Girl.sid	1	124	auto
MUSICIANS/A/Avalon/Winter.sid	1	94	auto
MUSICIANS/A/Avalon/Worktunes/Radiorave.sid	1	124	auto
MUSICIANS/A/Avalon/Worktunes/Reality.sid	1	125	auto
MUSICIANS/A/Avalon/Worktunes/Red_Square.sid	1	124	auto
MUSICIANS/A/Aviador_Dro/Autoduelo.sid	1	94	auto
MUSICIANS/A/Aviador_Dro/Baila_la_guerra.sid	1	107	auto
MUSICIANS/A/Aviador_Dro/En_Equipo.sid	1	124	auto
MUSICIANS/A/Aviador_Dro/Vortex.sid	1	91	auto
MUSICIANS/A/Avory_Sarah_Jane/Briley_Witch_Chronicles.sid	4	150	auto
MUSICIANS/A/Avory_Sarah_Jane/Briley_Witch_Chronicles.sid	8	107	auto
MUSICIANS/A/Avory_Sarah_Jane/Briley_Witch_Chronicles.sid	9	94	auto
MUSICIANS/A/Avory_Sarah_Jane/Briley_Witch_Chronicles.sid	10	107	auto
MUSICIANS/A/Avory_Sarah_Jane/Briley_Witch_Chronicles.sid	11	94	auto
MUSICIANS/A/Avory_Sarah_Jane/Briley_Witch_Chronicles.sid	13	125	auto
MUSICIANS/A/Avory_Sarah_Jane/Briley_Witch_Chronicles.sid	16	125	auto
MUSICIANS/A/Avory_Sarah_Jane/Briley_Witch_Chronicles.sid	17	125	auto
MUSICIANS/A/Avory_Sarah_Jane/Briley_Witch_Chronicles.sid	18	107	auto
MUSICIANS/A/Avory_Sarah_Jane/Briley_Witch_Chronicles.sid	20	124	auto
MUSICIANS/A/Avory_Sarah_Jane/Briley_Witch_Chronicles.sid	23	83	auto
MUSICIANS/A/Avory_Sarah_Jane/Briley_Witch_Chronicles.sid	24	125	auto
MUSICIANS/A/Avory_Sarah_Jane/Briley_Witch_Chronicles.sid	26	124	auto
MUSICIANS/A/Avory_Sarah_Jane/Briley_Witch_Chronicles.sid	30	125	auto
MUSICIANS/A/Avory_Sarah_Jane/Briley_Witch_Chronicles.sid	31	107	auto
MUSICIANS/A/Avory_Sarah_Jane/Briley_Witch_Chronicles.sid	32	83	auto
MUSICIANS/A/Avory_Sarah_Jane/Briley_Witch_Chronicles.sid	33	125	auto
MUSICIANS/A/Avory_Sarah_Jane/Briley_Witch_Chronicles_2.sid	2	124	auto
MUSICIANS/A/Avory_Sarah_Jane/Briley_Witch_Chronicles_2.sid	3	107	auto
MUSICIANS/A/Avory_Sarah_Jane/Briley_Witch_Chronicles_2.sid	6	150	auto
MUSICIANS/A/Avory_Sarah_Jane/Briley_Witch_Chronicles_2.sid	7	150	auto
MUSICIANS/A/Avory_Sarah_Jane/Briley_Witch_Chronicles_2.sid	12	107	auto
MUSICIANS/A/Avory_Sarah_Jane/Briley_Witch_Chronicles_2.sid	13	94	auto
MUSICIANS/A/Avory_Sarah_Jane/Briley_Witch_Chronicles_2.sid	16	94	auto
MUSICIANS/A/Avory_Sarah_Jane/Briley_Witch_Chronicles_2.sid	20	125	auto
MUSICIANS/A/Avory_Sarah_Jane/Briley_Witch_Chronicles_2.sid	21	124	auto
MUSICIANS/A/Avory_Sarah_Jane/Briley_Witch_Chronicles_2.sid	22	107	auto
MUSICIANS/A/Avory_Sarah_Jane/Briley_Witch_Chronicles_2.sid	27	125	auto
MUSICIANS/A/Avory_Sarah_Jane/Briley_Witch_Chronicles_2.sid	28	107	auto
MUSICIANS/A/Avory_Sarah_Jane/Briley_Witch_Chronicles_2.sid	29	83	auto
MUSICIANS/A/Avory_Sarah_Jane/Briley_Witch_Chronicles_2.sid	31	94	auto
MUSICIANS/A/Avory_Sarah_Jane/Briley_Witch_Chronicles_2.sid	32	125	auto
MUSICIANS/A/Avory_Sarah_Jane/Briley_Witch_Chronicles_2.sid	35	125	auto
MUSICIANS/A/Avory_Sarah_Jane/Briley_Witch_Chronicles_2.sid	36	107	auto
MUSICIANS/A/Avory_Sarah_Jane/Briley_Witch_Chronicles_2.sid	37	125	auto
MUSICIANS/A/Avory_Sarah_Jane/Briley_Witch_Chronicles_2.sid	39	125	auto
MUSICIANS/A/Avory_Sarah_Jane/Briley_Witch_Chronicles_2.sid	41	150	auto
MUSICIANS/A/Avory_Sarah_Jane/Briley_Witch_Chronicles_2.sid	42	125	auto
MUSICIANS/A/Avory_Sarah_Jane/Briley_Witch_Chronicles_2.sid	43	75	auto
MUSICIANS/A/Avory_Sarah_Jane/Briley_Witch_Chronicles_2.sid	44	125	auto
MUSICIANS/A/Avory_Sarah_Jane/Briley_Witch_Chronicles_2.sid	45	124	auto
MUSICIANS/A/Avory_Sarah_Jane/Neutron.sid	1	94	auto
MUSICIANS/A/Avory_Sarah_Jane/Neutron.sid	3	125	auto
MUSICIANS/A/Avory_Sarah_Jane/Santron.sid	1	125	auto
MUSICIANS/A/Avory_Sarah_Jane/Santron.sid	2	125	auto
MUSICIANS/A/Avory_Sarah_Jane/Soul_Force.sid	1	150	auto
MUSICIANS/A/Avory_Sarah_Jane/Soul_Force.sid	3	150	auto
MUSICIANS/A/Avory_Sarah_Jane/Soul_Force.sid	4	151	auto
MUSICIANS/A/Avory_Sarah_Jane/Soul_Force.sid	5	150	auto
MUSICIANS/A/Avory_Sarah_Jane/Soul_Force.sid	6	151	auto
MUSICIANS/A/Avory_Sarah_Jane/Soul_Force.sid	8	151	auto
MUSICIANS/A/Avory_Sarah_Jane/Soul_Force.sid	12	150	auto
MUSICIANS/A/Avory_Sarah_Jane/Soul_Force.sid	13	150	auto
MUSICIANS/A/Avory_Sarah_Jane/Soul_Force.sid	14	151	auto
MUSICIANS/A/Avory_Sarah_Jane/Soul_Force.sid	15	150	auto
MUSICIANS/A/Avory_Sarah_Jane/Soul_Force.sid	17	150	auto
MUSICIANS/A/Avory_Sarah_Jane/Soul_Force.sid	18	94	auto
MUSICIANS/A/Avory_Sarah_Jane/Soul_Force.sid	19	151	auto
MUSICIANS/A/Avory_Sarah_Jane/Soul_Force.sid	21	151	auto
MUSICIANS/A/Avory_Sarah_Jane/Soul_Force.sid	25	151	auto
MUSICIANS/A/Avory_Sarah_Jane/Soul_Force.sid	26	151	auto
MUSICIANS/A/Avory_Sarah_Jane/Soul_Force.sid	27	94	auto
MUSICIANS/A/Avory_Sarah_Jane/Soul_Force.sid	28	94	auto
MUSICIANS/A/Avory_Sarah_Jane/Soul_Force.sid	29	150	auto
MUSICIANS/A/Avory_Sarah_Jane/Soul_Force.sid	30	94	auto
MUSICIANS/A/Avory_Sarah_Jane/Soul_Force.sid	31	151	auto
MUSICIANS/A/Avory_Sarah_Jane/Soul_Force.sid	32	94	auto
MUSICIANS/A/Avory_Sarah_Jane/Soul_Force.sid	33	151	auto
MUSICIANS/A/Avory_Sarah_Jane/Soul_Force.sid	35	150	auto
MUSICIANS/A/Avory_Sarah_Jane/Soul_Force.sid	39	151	auto
MUSICIANS/A/Avory_Sarah_Jane/Soul_Force.sid	40	94	auto
MUSICIANS/A/Avory_Sarah_Jane/Soul_Force.sid	41	150	auto
MUSICIANS/A/Avory_Sarah_Jane/Soul_Force.sid	42	94	auto
MUSICIANS/A/Avory_Sarah_Jane/Soul_Force.sid	43	150	auto
MUSICIANS/A/Avory_Sarah_Jane/Zeta_Wing.sid	1	150	auto
MUSICIANS/A/Avory_Sarah_Jane/Zeta_Wing.sid	2	150	auto
MUSICIANS/A/Avory_Sarah_Jane/Zeta_Wing.sid	3	151	auto
MUSICIANS/A/Avory_Sarah_Jane/Zeta_Wing.sid	4	151	auto
MUSICIANS/A/Avory_Sarah_Jane/Zeta_Wing.sid	5	150	auto
MUSICIANS/A/Avory_Sarah_Jane/Zeta_Wing.sid	6	150	auto
MUSICIANS/A/Avory_Sarah_Jane/Zeta_Wing.sid	7	151	auto
MUSICIANS/A/Avory_Sarah_Jane/Zeta_Wing.sid	9	150	auto
MUSICIANS/A/Avory_Sarah_Jane/Zeta_Wing.sid	10	150	auto
MUSICIANS/A/Avory_Sarah_Jane/Zeta_Wing_II.sid	1	125	auto
MUSICIANS/A/Avory_Sarah_Jane/Zeta_Wing_II.sid	2	125	auto
MUSICIANS/A/Avory_Sarah_Jane/Zeta_Wing_II.sid	3	137	auto
MUSICIANS/A/Avory_Sarah_Jane/Zeta_Wing_II.sid	5	139	auto
MUSICIANS/A/Avory_Sarah_Jane/Zeta_Wing_II.sid	9	138	auto
MUSICIANS/A/Avory_Sarah_Jane/Zeta_Wing_II.sid	11	125	auto
MUSICIANS/A/Avrilcadabra/Endless_Sands.sid	1	124	auto
MUSICIANS/A/Avrilcadabra/Still_Time.sid	1	136	auto
MUSICIANS/A/Avrilcadabra/Twilight_Destruction.sid	1	124	auto
MUSICIANS/A/Avrilcadabra/Twilight_Destruction_Club_Mix.sid	1	124	auto
MUSICIANS/A/Axl/Accuracy_Intro_23.sid	1	125	auto
MUSICIANS/A/Axl/Acieed_in_D-Houz.sid	1	125	auto
MUSICIANS/A/Axl/Alphina_or_Wot.sid	1	125	auto
MUSICIANS/A/Axl/Aphos_Is_the_Name.sid	1	125	auto
MUSICIANS/A/Axl/Attracting_Girls.sid	1	124	auto
MUSICIANS/A/Axl/Biospere_Is_done.sid	1	125	auto
MUSICIANS/A/Axl/Careless_Whisper.sid	1	83	auto
MUSICIANS/A/Axl/Color_of_Code_part_1.sid	1	125	auto
MUSICIANS/A/Axl/Coolworlds_of_God.sid	1	125	auto
MUSICIANS/A/Axl/Crazy_for_You.sid	1	125	auto
MUSICIANS/A/Axl/Farewell_Friends.sid	1	125	auto
MUSICIANS/A/Axl/Guns_n_Roses_Mix.sid	1	125	auto
MUSICIANS/A/Axl/Hide_em_Away.sid	1	124	auto
MUSICIANS/A/Axl/High_Communism.sid	1	125	auto
MUSICIANS/A/Axl/Ih_Diyor_Bizimkisi.sid	1	125	auto
MUSICIANS/A/Axl/Intro_Tune_One.sid	1	83	auto
MUSICIANS/A/Axl/Intro_Tune_Two.sid	1	94	auto
MUSICIANS/A/Axl/Just_Another_Byte.sid	1	125	auto
MUSICIANS/A/Axl/Lets_Rock_n_Roll.sid	1	94	auto
MUSICIANS/A/Axl/Megahit_Mix.sid	1	125	auto
MUSICIANS/A/Axl/Mexican_Style.sid	1	125	auto
MUSICIANS/A/Axl/Mighty_Damlos.sid	1	125	auto
MUSICIANS/A/Axl/Night_Lies.sid	1	124	auto
MUSICIANS/A/Axl/Nitro_10_tune_8.sid	1	94	auto
MUSICIANS/A/Axl/No_More_Farting.sid	1	125	auto
MUSICIANS/A/Axl/No_More_Nazis_intro.sid	1	125	auto
MUSICIANS/A/Axl/Pet_Shop_Boys.sid	1	125	auto
MUSICIANS/A/Axl/Plane_of_Death.sid	1	125	auto
MUSICIANS/A/Axl/Roxettes_Romance.sid	1	93	auto
MUSICIANS/A/Axl/Ruling_Ones.sid	1	125	auto
MUSICIANS/A/Axl/Speed_Me_Up_Baby.sid	1	125	auto
MUSICIANS/A/Axl/Splash_10_intro.sid	1	125	auto
MUSICIANS/A/Axl/Techno_Senfonian.sid	1	125	auto
MUSICIANS/A/Axl/Thunder_loader.sid	1	94	auto
MUSICIANS/A/Axl/Thunder_part_1.sid	1	125	auto
MUSICIANS/A/Axl/Thunder_part_4.sid	1	83	auto
MUSICIANS/A/Axl/Thunder_part_5.sid	1	94	auto
MUSICIANS/A/Axl/Under_Blue_Moon_edit.sid	1	94	auto
MUSICIANS/A/Axl/Waves_to_Shores.sid	1	124	auto
MUSICIANS/A/Axl/We_Do_It_for_You.sid	1	150	auto
MUSICIANS/A/Axl/Wild_Blood_preview.sid	1	125	auto
MUSICIANS/A/Axten_Graham/Bear_Essentials.sid	1	125	auto
MUSICIANS/A/Axten_Graham/Bear_Essentials.sid	5	124	auto
MUSICIANS/A/Axten_Graham/Bear_Essentials.sid	6	125	auto
MUSICIANS/A/Axten_Graham/Bear_Essentials.sid	7	125	auto
MUSICIANS/A/Axten_Graham/Bear_Essentials.sid	8	151	auto
MUSICIANS/A/Axten_Graham/Bear_Essentials.sid	10	124	auto
MUSICIANS/A/Axten_Graham/Bear_Essentials.sid	11	125	auto
MUSICIANS/A/Axten_Graham/Bear_Essentials.sid	12	120	auto
MUSICIANS/A/Axten_Graham/Bear_Essentials.sid	14	122	auto
MUSICIANS/A/Axten_Graham/Rock_Maze.sid	1	100	auto
MUSICIANS/A/Azeuph/Azeuph_01.sid	1	94	auto
MUSICIANS/A/Azeuph/Azeuph_03.sid	1	94	auto
MUSICIANS/B/B00daW/Dance_Drowning_Kittens_Make.sid	1	125	auto
MUSICIANS/B/B00daW/Islamic_Snowmen_Coup_de_Terre.sid	1	125	auto
MUSICIANS/B/B00daW/Mocofritolocococamota.sid	1	107	auto
MUSICIANS/B/B0rje/BSC.sid	1	125	auto
MUSICIANS/B/B0rje/Beatsync.sid	1	126	auto
MUSICIANS/B/B0rje/Break.sid	1	83	auto
MUSICIANS/B/B0rje/Cadaver.sid	1	125	auto
MUSICIANS/B/B0rje/Disown.sid	1	136	auto
MUSICIANS/B/B0rje/Donnergrille.sid	1	125	auto
MUSICIANS/B/B0rje/Extro.sid	1	125	auto
MUSICIANS/B/B0rje/Filter03.sid	1	124	auto
MUSICIANS/B/B0rje/If-Then-Elbe.sid	1	94	auto
MUSICIANS/B/B0rje/Knuffy.sid	1	125	auto
MUSICIANS/B/B0rje/TS-row.sid	1	151	auto
MUSICIANS/B/B0rje/Trio.sid	1	124	auto
MUSICIANS/B/B0rje/Voyage_sans_Fin_Soundtrack.sid	1	125	auto
MUSICIANS/B/B0rje/Zenfeuter.sid	1	150	auto
MUSICIANS/B/BOGG/Axel_F.sid	1	117	auto
MUSICIANS/B/BOGG/Big_in_Japan.sid	1	99	auto
MUSICIANS/B/BOGG/Biscuit_Barrel.sid	1	149	auto
MUSICIANS/B/BOGG/Congratulations.sid	1	115	auto
MUSICIANS/B/BOGG/Crimbo_Music.sid	1	125	auto
MUSICIANS/B/BOGG/Crunchy_Frog.sid	1	135	auto
MUSICIANS/B/BOGG/Dan_Dare-Pilot_of_the_Future.sid	1	136	auto
MUSICIANS/B/BOGG/Dan_Dare-Pilot_of_the_Future.sid	2	129	auto
MUSICIANS/B/BOGG/Death.sid	1	96	auto
MUSICIANS/B/BOGG/Death_v2.sid	1	96	auto
MUSICIANS/B/BOGG/Detergent.sid	1	115	auto
MUSICIANS/B/BOGG/Ftang_Ftang.sid	1	96	auto
MUSICIANS/B/BOGG/Grouting.sid	1	90	auto
MUSICIANS/B/BOGG/Hoodoo_Voodoo.sid	1	115	auto
MUSICIANS/B/BOGG/Lettuce.sid	1	117	auto
MUSICIANS/B/BOGG/New_Song.sid	1	120	auto
MUSICIANS/B/BOGG/Roll_Over_Bogg.sid	1	82	auto
MUSICIANS/B/BOGG/Rule_the_World.sid	1	122	auto
MUSICIANS/B/BOGG/Russians.sid	1	122	auto
MUSICIANS/B/BOGG/Shake_the_Disease.sid	1	120	auto
MUSICIANS/B/BOGG/Shoe.sid	1	106	auto
MUSICIANS/B/BOGG/Smalltown_Boy.sid	1	130	auto
MUSICIANS/B/BOGG/Smalltown_Boy_filtered.sid	1	130	auto
MUSICIANS/B/BOGG/Spiky_Harold.sid	1	90	auto
MUSICIANS/B/BOGG/Spiky_Harold.sid	2	151	auto
MUSICIANS/B/BOGG/Spiny_Norman.sid	1	135	auto
MUSICIANS/B/BOGG/Unentertainer.sid	1	96	auto
MUSICIANS/B/BOGG/What_Is_Love.sid	1	96	auto
MUSICIANS/B/Babyface/A_View_to_a_Kill.sid	1	125	auto
MUSICIANS/B/Babyface/Acidtime.sid	1	125	auto
MUSICIANS/B/Babyface/Again_a_Day.sid	1	125	auto
MUSICIANS/B/Babyface/Babes_Boogie.sid	1	125	auto
MUSICIANS/B/Babyface/Babes_Crap.sid	1	125	auto
MUSICIANS/B/Babyface/Bassie.sid	1	125	auto
MUSICIANS/B/Babyface/Beatbassie_2.sid	1	125	auto
MUSICIANS/B/Babyface/Beloved.sid	1	94	auto
MUSICIANS/B/Babyface/Celebrate.sid	1	125	auto
MUSICIANS/B/Babyface/Chaos_Intro_25.sid	1	125	auto
MUSICIANS/B/Babyface/Chaos_Logo_Editor.sid	1	125	auto
MUSICIANS/B/Babyface/Childish.sid	1	125	auto
MUSICIANS/B/Babyface/Clickie.sid	1	125	auto
MUSICIANS/B/Babyface/Cooler_Guys.sid	1	126	auto
MUSICIANS/B/Babyface/Cripton.sid	1	125	auto
MUSICIANS/B/Babyface/Cripton_Part_II.sid	1	125	auto
MUSICIANS/B/Babyface/Diflex_Remix.sid	1	125	auto
MUSICIANS/B/Babyface/Dream_of_Power.sid	1	124	auto
MUSICIANS/B/Babyface/Game_Musicer_Preview.sid	1	128	auto
MUSICIANS/B/Babyface/Hammer_One.sid	1	125	auto
MUSICIANS/B/Babyface/Hammer_Two.sid	1	125	auto
MUSICIANS/B/Babyface/Hardbeat.sid	1	125	auto
MUSICIANS/B/Babyface/Just_Love.sid	1	94	auto
MUSICIANS/B/Babyface/Lamie.sid	1	125	auto
MUSICIANS/B/Babyface/Life_Goes_On.sid	1	125	auto
MUSICIANS/B/Babyface/Limpiadora.sid	1	125	auto
MUSICIANS/B/Babyface/Logical_Sex.sid	1	125	auto
MUSICIANS/B/Babyface/Logical_Sex_v2.sid	1	125	auto
MUSICIANS/B/Babyface/Lunatic.sid	1	125	auto
MUSICIANS/B/Babyface/Megashit.sid	1	125	auto
MUSICIANS/B/Babyface/Phantasm_Preview_V1_loader.sid	1	129	auto
MUSICIANS/B/Babyface/Phantasm_Preview_V2.sid	1	125	auto
MUSICIANS/B/Babyface/Phantasm_Preview_V2.sid	2	125	auto
MUSICIANS/B/Babyface/Slow_Beat.sid	1	94	auto
MUSICIANS/B/Babyface/Soft_Tune_Composer_sample.sid	1	124	auto
MUSICIANS/B/Babyface/Soundmaster_V3.sid	1	95	auto
MUSICIANS/B/Babyface/Susanne.sid	1	94	auto
MUSICIANS/B/Babyface/Synthesis.sid	1	125	auto
MUSICIANS/B/Babyface/Tears.sid	1	94	auto
MUSICIANS/B/Babyface/To_Be_Her_Friend.sid	1	126	auto
MUSICIANS/B/Babyface/To_Be_Her_Friend_2.sid	1	124	auto
MUSICIANS/B/Babyface/Turkish_Delight_part_1.sid	1	125	auto
MUSICIANS/B/Babyface/Turkish_Delight_part_4.sid	1	94	auto
MUSICIANS/B/Babyface/You_Are_My_Dream_Mix.sid	1	125	auto
MUSICIANS/B/Bad/Fantasia_Excuse_part_1.sid	1	125	auto
MUSICIANS/B/Bad/Fantasia_Excuse_part_2.sid	1	125	auto
MUSICIANS/B/Bad/Fuel_note.sid	1	94	auto
MUSICIANS/B/Bad/Fuel_part_1.sid	1	125	auto
MUSICIANS/B/Bad_HTB/10_Kleine_Negerlein.sid	1	125	auto
MUSICIANS/B/Bad_HTB/Game_Music_of_Four_Win.sid	1	124	auto
MUSICIANS/B/Bad_HTB/Metal_Dreams.sid	1	124	auto
MUSICIANS/B/Bad_Rat/Iron_Mix.sid	1	129	auto
MUSICIANS/B/Bad_Rat/Miami-Vice_Soundtrack.sid	1	125	auto
MUSICIANS/B/Bad_Rat/Music_Please_tune_2.sid	1	126	auto
MUSICIANS/B/Bad_Rat/Short_Twist.sid	1	126	auto
MUSICIANS/B/Baguley_Jim/Bizy_Beez.sid	1	120	auto
MUSICIANS/B/Baguley_Jim/Jungle_Quest.sid	1	124	auto
MUSICIANS/B/Baguley_Jim/Jungle_Quest.sid	3	151	auto
MUSICIANS/B/Bain_David/Aftermath.sid	1	125	auto
MUSICIANS/B/Bain_David/Black_Hole.sid	1	94	auto
MUSICIANS/B/Bain_David/Blade_Runner.sid	1	114	auto
MUSICIANS/B/Bain_David/Breaking_Free.sid	1	151	auto
MUSICIANS/B/Bain_David/Broadway_Riff.sid	1	123	auto
MUSICIANS/B/Bain_David/By_Still_Waters.sid	1	128	auto
MUSICIANS/B/Bain_David/Death_of_a_Thousand_Minds.sid	1	112	auto
MUSICIANS/B/Bain_David/Ends_Justify_the_Means.sid	1	113	auto
MUSICIANS/B/Bain_David/Evils_of_Sorcery.sid	1	94	auto
MUSICIANS/B/Bain_David/Flying_Fish.sid	1	125	auto
MUSICIANS/B/Bain_David/Graves_Fish_on_the_Run.sid	1	125	auto
MUSICIANS/B/Bain_David/Material_Gain.sid	1	112	auto
MUSICIANS/B/Bain_David/More_Than_Just_Toys.sid	1	118	auto
MUSICIANS/B/Bain_David/One_Vision.sid	1	125	auto
MUSICIANS/B/Bain_David/Out_of_Orbit.sid	1	94	auto
MUSICIANS/B/Bain_David/Passage_of_Time.sid	1	150	auto
MUSICIANS/B/Bain_David/Placebo.sid	1	125	auto
MUSICIANS/B/Bain_David/Retrospective.sid	1	125	auto
MUSICIANS/B/Bain_David/Touched_by_the_Hand_of_God.sid	1	113	auto
MUSICIANS/B/Bain_David/Twist_of_Fate.sid	1	118	auto
MUSICIANS/B/Bain_David/Xmas_Deliveries.sid	1	125	auto
MUSICIANS/B/Bak_Steve/Crazy_Painter.sid	1	124	auto
MUSICIANS/B/Bak_Steve/Cuthbert_in_the_Tombs.sid	1	112	auto
MUSICIANS/B/Bak_Steve/Gods_and_Heroes.sid	1	151	auto
MUSICIANS/B/Bak_Steve/Hercules.sid	1	151	auto
MUSICIANS/B/Baker_Alan/Mick_McGuire.sid	1	107	auto
MUSICIANS/B/Bakewell_Dwayne/12_Bar_Blues.sid	1	83	auto
MUSICIANS/B/Bakewell_Dwayne/1_Week_Away.sid	1	125	auto
MUSICIANS/B/Bakewell_Dwayne/A_Tribute_to_MON.sid	1	125	auto
MUSICIANS/B/Bakewell_Dwayne/Acid_Dance.sid	1	125	auto
MUSICIANS/B/Bakewell_Dwayne/Analogica.sid	1	124	auto
MUSICIANS/B/Bakewell_Dwayne/Attacker.sid	1	125	auto
MUSICIANS/B/Bakewell_Dwayne/Attitude.sid	1	124	auto
MUSICIANS/B/Bakewell_Dwayne/Axel_F.sid	1	125	auto
MUSICIANS/B/Bakewell_Dwayne/Axel_F_v2.sid	1	125	auto
MUSICIANS/B/Bakewell_Dwayne/Baser.sid	1	94	auto
MUSICIANS/B/Bakewell_Dwayne/Big_City.sid	1	125	auto
MUSICIANS/B/Bakewell_Dwayne/Black_Flame.sid	1	125	auto
MUSICIANS/B/Bakewell_Dwayne/Black_Sun.sid	1	125	auto
MUSICIANS/B/Bakewell_Dwayne/Blue_Days.sid	1	125	auto
MUSICIANS/B/Bakewell_Dwayne/Blue_Magic.sid	1	83	auto
MUSICIANS/B/Bakewell_Dwayne/Breaking_Wind.sid	1	125	auto
MUSICIANS/B/Bakewell_Dwayne/Call_of_Ktulu.sid	1	136	auto
MUSICIANS/B/Bakewell_Dwayne/Call_of_Ktulu.sid	2	137	auto
MUSICIANS/B/Bakewell_Dwayne/Call_of_Ktulu.sid	3	137	auto
MUSICIANS/B/Bakewell_Dwayne/Camel_Funk.sid	1	116	auto
MUSICIANS/B/Bakewell_Dwayne/Chaos.sid	1	124	auto
MUSICIANS/B/Bakewell_Dwayne/Chaos_2000.sid	1	150	auto
MUSICIANS/B/Bakewell_Dwayne/Charisma.sid	1	125	auto
MUSICIANS/B/Bakewell_Dwayne/Chronic_Music_1.sid	1	125	auto
MUSICIANS/B/Bakewell_Dwayne/Chronic_Music_2.sid	1	125	auto
MUSICIANS/B/Bakewell_Dwayne/Chronic_Music_3.sid	1	125	auto
MUSICIANS/B/Bakewell_Dwayne/Confusion.sid	1	124	auto
MUSICIANS/B/Bakewell_Dwayne/Cracking_Fingers.sid	1	107	auto
MUSICIANS/B/Bakewell_Dwayne/Crappy_Rap.sid	1	94	auto
MUSICIANS/B/Bakewell_Dwayne/Creators.sid	1	125	auto
MUSICIANS/B/Bakewell_Dwayne/Dancing.sid	1	125	auto
MUSICIANS/B/Bakewell_Dwayne/Decider.sid	1	125	auto
MUSICIANS/B/Bakewell_Dwayne/Demon_Attack.sid	1	100	auto
MUSICIANS/B/Bakewell_Dwayne/Depression.sid	1	124	auto
MUSICIANS/B/Bakewell_Dwayne/Determination.sid	1	125	auto
MUSICIANS/B/Bakewell_Dwayne/Distaster_1.sid	1	125	auto
MUSICIANS/B/Bakewell_Dwayne/Distaster_2.sid	1	94	auto
MUSICIANS/B/Bakewell_Dwayne/Dont_Cry.sid	1	125	auto
MUSICIANS/B/Bakewell_Dwayne/Dozer.sid	1	125	auto
MUSICIANS/B/Bakewell_Dwayne/Driven_Mad.sid	1	125	auto
MUSICIANS/B/Bakewell_Dwayne/Endzak_2.sid	1	125	auto
MUSICIANS/B/Bakewell_Dwayne/EvS_Cover.sid	1	125	auto
MUSICIANS/B/Bakewell_Dwayne/Experiment_1.sid	1	125	auto
MUSICIANS/B/Bakewell_Dwayne/Experiment_2.sid	1	125	auto
MUSICIANS/B/Bakewell_Dwayne/Fairlight.sid	1	100	auto
MUSICIANS/B/Bakewell_Dwayne/Fallen.sid	1	125	auto
MUSICIANS/B/Bakewell_Dwayne/Fear_part_6.sid	1	125	auto
MUSICIANS/B/Bakewell_Dwayne/Fear_part_6.sid	4	125	auto
MUSICIANS/B/Bakewell_Dwayne/Fear_part_6.sid	5	125	auto
MUSICIANS/B/Bakewell_Dwayne/Feelin_Blue.sid	1	125	auto
MUSICIANS/B/Bakewell_Dwayne/Finale.sid	1	94	auto
MUSICIANS/B/Bakewell_Dwayne/Finale_v2.sid	1	94	auto
MUSICIANS/B/Bakewell_Dwayne/For_Nitro_21.sid	1	125	auto
MUSICIANS/B/Bakewell_Dwayne/Forte.sid	1	125	auto
MUSICIANS/B/Bakewell_Dwayne/Freezing_12.sid	1	125	auto
MUSICIANS/B/Bakewell_Dwayne/Fresh_Start.sid	1	125	auto
MUSICIANS/B/Bakewell_Dwayne/Friday_Night.sid	1	125	auto
MUSICIANS/B/Bakewell_Dwayne/Funkrock.sid	1	125	auto
MUSICIANS/B/Bakewell_Dwayne/Funky.sid	1	125	auto
MUSICIANS/B/Bakewell_Dwayne/Funky_Man.sid	1	100	auto
MUSICIANS/B/Bakewell_Dwayne/Fury.sid	1	125	auto
MUSICIANS/B/Bakewell_Dwayne/Fury_v2.sid	1	125	auto
MUSICIANS/B/Bakewell_Dwayne/Game_Intro_v1.sid	1	125	auto
MUSICIANS/B/Bakewell_Dwayne/Ghosts_n_Goblins.sid	1	124	auto
MUSICIANS/B/Bakewell_Dwayne/Goodbye.sid	1	125	auto
MUSICIANS/B/Bakewell_Dwayne/Gremlins.sid	1	125	auto
MUSICIANS/B/Bakewell_Dwayne/Groove.sid	1	125	auto
MUSICIANS/B/Bakewell_Dwayne/Happy_Song.sid	1	125	auto
MUSICIANS/B/Bakewell_Dwayne/Heal_the_World.sid	1	94	auto
MUSICIANS/B/Bakewell_Dwayne/Helloween.sid	1	150	auto
MUSICIANS/B/Bakewell_Dwayne/House_93.sid	1	125	auto
MUSICIANS/B/Bakewell_Dwayne/Hyperclass.sid	1	150	auto
MUSICIANS/B/Bakewell_Dwayne/Illusions.sid	1	125	auto
MUSICIANS/B/Bakewell_Dwayne/Internal_Tune_1.sid	1	84	auto
MUSICIANS/B/Bakewell_Dwayne/Internal_Tune_2.sid	1	124	auto
MUSICIANS/B/Bakewell_Dwayne/Intro.sid	1	124	auto
MUSICIANS/B/Bakewell_Dwayne/Intro_Music.sid	1	125	auto
MUSICIANS/B/Bakewell_Dwayne/Introzak.sid	1	125	auto
MUSICIANS/B/Bakewell_Dwayne/Introzak_2.sid	1	124	auto
MUSICIANS/B/Bakewell_Dwayne/Jazzy_Thing.sid	1	125	auto
MUSICIANS/B/Bakewell_Dwayne/Jazzy_Thing_v2.sid	1	125	auto
MUSICIANS/B/Bakewell_Dwayne/Jeroen_Tel_Cover.sid	1	125	auto
MUSICIANS/B/Bakewell_Dwayne/Jingle_Bells.sid	1	125	auto
MUSICIANS/B/Bakewell_Dwayne/Journey.sid	1	125	auto
MUSICIANS/B/Bakewell_Dwayne/Ladeda.sid	1	125	auto
MUSICIANS/B/Bakewell_Dwayne/Lambada.sid	1	125	auto
MUSICIANS/B/Bakewell_Dwayne/Latin_Dance.sid	1	125	auto
MUSICIANS/B/Bakewell_Dwayne/Laxity.sid	1	83	auto
MUSICIANS/B/Bakewell_Dwayne/Lost_Friend.sid	1	124	auto
MUSICIANS/B/Bakewell_Dwayne/Louie_the_Fly.sid	1	83	auto
MUSICIANS/B/Bakewell_Dwayne/MON_Tribute.sid	1	128	auto
MUSICIANS/B/Bakewell_Dwayne/Manic_Music_4_note.sid	1	94	auto
MUSICIANS/B/Bakewell_Dwayne/Micro_Mania.sid	1	125	auto
MUSICIANS/B/Bakewell_Dwayne/Midnight_Symphony.sid	1	125	auto
MUSICIANS/B/Bakewell_Dwayne/Misery.sid	1	125	auto
MUSICIANS/B/Bakewell_Dwayne/Misfortune.sid	1	125	auto
MUSICIANS/B/Bakewell_Dwayne/Misfortune_for_Domination.sid	1	125	auto
MUSICIANS/B/Bakewell_Dwayne/Mission.sid	1	150	auto
MUSICIANS/B/Bakewell_Dwayne/Musical_Scandal.sid	1	124	auto
MUSICIANS/B/Bakewell_Dwayne/Mystical_Magic.sid	1	125	auto
MUSICIANS/B/Bakewell_Dwayne/New_Wave.sid	1	124	auto
MUSICIANS/B/Bakewell_Dwayne/Nightmare.sid	1	125	auto
MUSICIANS/B/Bakewell_Dwayne/Note_to_Venge.sid	1	125	auto
MUSICIANS/B/Bakewell_Dwayne/Oldstyle.sid	1	125	auto
MUSICIANS/B/Bakewell_Dwayne/Outrun_Mix.sid	1	125	auto
MUSICIANS/B/Bakewell_Dwayne/Overdrive.sid	1	125	auto
MUSICIANS/B/Bakewell_Dwayne/Pearl_Music_Collection_main.sid	1	94	auto
MUSICIANS/B/Bakewell_Dwayne/Peter_Gunn.sid	1	125	auto
MUSICIANS/B/Bakewell_Dwayne/Popcorn.sid	1	124	auto
MUSICIANS/B/Bakewell_Dwayne/Popcorn_2.sid	1	125	auto
MUSICIANS/B/Bakewell_Dwayne/Rainbow_Connection.sid	1	125	auto
MUSICIANS/B/Bakewell_Dwayne/Region.sid	1	126	auto
MUSICIANS/B/Bakewell_Dwayne/Reyn_O_Cover.sid	1	125	auto
MUSICIANS/B/Bakewell_Dwayne/Rubber_Duckie.sid	1	83	auto
MUSICIANS/B/Bakewell_Dwayne/Rubicon_Intro.sid	1	125	auto
MUSICIANS/B/Bakewell_Dwayne/Scalework.sid	1	125	auto
MUSICIANS/B/Bakewell_Dwayne/Seek_and_Destroy.sid	1	125	auto
MUSICIANS/B/Bakewell_Dwayne/Sesame_Street.sid	1	83	auto
MUSICIANS/B/Bakewell_Dwayne/Shatter_Lands.sid	1	124	auto
MUSICIANS/B/Bakewell_Dwayne/Shatter_Lands.sid	2	125	auto
MUSICIANS/B/Bakewell_Dwayne/Shatter_Lands.sid	3	125	auto
MUSICIANS/B/Bakewell_Dwayne/Short_House.sid	1	124	auto
MUSICIANS/B/Bakewell_Dwayne/Skunkjazz.sid	1	100	auto
MUSICIANS/B/Bakewell_Dwayne/Skyline.sid	1	125	auto
MUSICIANS/B/Bakewell_Dwayne/Small_Intro.sid	1	125	auto
MUSICIANS/B/Bakewell_Dwayne/Smash_13_intro.sid	1	94	auto
MUSICIANS/B/Bakewell_Dwayne/Smashed.sid	1	124	auto
MUSICIANS/B/Bakewell_Dwayne/Split_Second.sid	1	124	auto
MUSICIANS/B/Bakewell_Dwayne/Strike_Force_Introtune.sid	1	125	auto
MUSICIANS/B/Bakewell_Dwayne/Strike_Force_Introtune_v2.sid	1	125	auto
MUSICIANS/B/Bakewell_Dwayne/Style_Plus.sid	1	124	auto
MUSICIANS/B/Bakewell_Dwayne/Summer_Heat.sid	1	125	auto
MUSICIANS/B/Bakewell_Dwayne/Supremacy_for_Domination_06.sid	1	124	auto
MUSICIANS/B/Bakewell_Dwayne/Survival.sid	1	125	auto
MUSICIANS/B/Bakewell_Dwayne/Swift_Kick.sid	1	125	auto
MUSICIANS/B/Bakewell_Dwayne/TRC_SCS_Intro.sid	1	124	auto
MUSICIANS/B/Bakewell_Dwayne/Techno_Inc.sid	1	125	auto
MUSICIANS/B/Bakewell_Dwayne/Techno_Inc_2.sid	1	124	auto
MUSICIANS/B/Bakewell_Dwayne/Terminator.sid	1	100	auto
MUSICIANS/B/Bakewell_Dwayne/Thunder_March.sid	1	94	auto
MUSICIANS/B/Bakewell_Dwayne/Tunie.sid	1	125	auto
MUSICIANS/B/Bakewell_Dwayne/Unforgiven.sid	1	125	auto
MUSICIANS/B/Bakewell_Dwayne/Void.sid	1	93	auto
MUSICIANS/B/Bakewell_Dwayne/Whisper.sid	1	125	auto
MUSICIANS/B/Bakewell_Dwayne/Zoolook.sid	1	125	auto
MUSICIANS/B/Bakker_Nantco/5_Years_WOW_Music.sid	1	125	auto
MUSICIANS/B/Bakker_Nantco/A_Whisper.sid	1	124	auto
MUSICIANS/B/Bakker_Nantco/Animal.sid	1	125	auto
MUSICIANS/B/Bakker_Nantco/Anti_Airwolf_Tune.sid	1	125	auto
MUSICIANS/B/Bakker_Nantco/Avenge_Ltd.sid	1	125	auto
MUSICIANS/B/Bakker_Nantco/Axel_F_Remix.sid	1	125	auto
MUSICIANS/B/Bakker_Nantco/Barbiepop.sid	1	125	auto
MUSICIANS/B/Bakker_Nantco/Bitch_Hiker.sid	1	124	auto
MUSICIANS/B/Bakker_Nantco/Bodefull_Romance.sid	1	125	auto
MUSICIANS/B/Bakker_Nantco/Brabaconne.sid	1	124	auto
MUSICIANS/B/Bakker_Nantco/Cactus-Rock_v1.sid	1	124	auto
MUSICIANS/B/Bakker_Nantco/Cactus-Rock_v2.sid	1	124	auto
MUSICIANS/B/Bakker_Nantco/Campfire.sid	1	124	auto
MUSICIANS/B/Bakker_Nantco/Caramba.sid	1	125	auto
MUSICIANS/B/Bakker_Nantco/Changing_Room.sid	1	94	auto
MUSICIANS/B/Bakker_Nantco/Children_Songs_01.sid	1	94	auto
MUSICIANS/B/Bakker_Nantco/Chipmunks_in_Rock.sid	1	150	auto
MUSICIANS/B/Bakker_Nantco/Chord_O_Mania.sid	1	125	auto
MUSICIANS/B/Bakker_Nantco/Christmas_Medley.sid	1	94	auto
MUSICIANS/B/Bakker_Nantco/Corrida_Part_2.sid	1	124	auto
MUSICIANS/B/Bakker_Nantco/Corrida_de_Toros.sid	1	125	auto
MUSICIANS/B/Bakker_Nantco/Country_Strut.sid	1	125	auto
MUSICIANS/B/Bakker_Nantco/Crash_Down_Da_Bass.sid	1	125	auto
MUSICIANS/B/Bakker_Nantco/Da_Weirdo_Tuno.sid	1	107	auto
MUSICIANS/B/Bakker_Nantco/Daniel.sid	1	124	auto
MUSICIANS/B/Bakker_Nantco/De_Mol.sid	1	125	auto
MUSICIANS/B/Bakker_Nantco/De_Stro_Race.sid	1	125	auto
MUSICIANS/B/Bakker_Nantco/De_Vlaamse_Leeuw.sid	1	125	auto
MUSICIANS/B/Bakker_Nantco/Death_Speed.sid	1	125	auto
MUSICIANS/B/Bakker_Nantco/Diddling_Saxes.sid	1	94	auto
MUSICIANS/B/Bakker_Nantco/Dim_the_Lights.sid	1	125	auto
MUSICIANS/B/Bakker_Nantco/Distant_Love.sid	1	125	auto
MUSICIANS/B/Bakker_Nantco/Do_They_Know_Its_Christmas.sid	1	124	auto
MUSICIANS/B/Bakker_Nantco/Drunken_Man.sid	1	124	auto
MUSICIANS/B/Bakker_Nantco/Eastern_Soul.sid	1	124	auto
MUSICIANS/B/Bakker_Nantco/Easy_Living.sid	1	124	auto
MUSICIANS/B/Bakker_Nantco/Een_Bordje_Gort.sid	1	150	auto
MUSICIANS/B/Bakker_Nantco/End_of_Time.sid	1	94	auto
MUSICIANS/B/Bakker_Nantco/Entertainer.sid	1	125	auto
MUSICIANS/B/Bakker_Nantco/Eso_Es.sid	1	125	auto
MUSICIANS/B/Bakker_Nantco/Evil_Eyes.sid	1	125	auto
MUSICIANS/B/Bakker_Nantco/Exotic_News.sid	1	125	auto
MUSICIANS/B/Bakker_Nantco/Fairlight_92_Remix.sid	1	125	auto
MUSICIANS/B/Bakker_Nantco/Fantasy.sid	1	83	auto
MUSICIANS/B/Bakker_Nantco/Fisherman_Friends.sid	1	107	auto
MUSICIANS/B/Bakker_Nantco/For_Earthshake.sid	1	125	auto
MUSICIANS/B/Bakker_Nantco/Game_Music_1.sid	1	124	auto
MUSICIANS/B/Bakker_Nantco/Garden_Party.sid	1	125	auto
MUSICIANS/B/Bakker_Nantco/Get_Fresh.sid	1	125	auto
MUSICIANS/B/Bakker_Nantco/Ghost_Town.sid	1	125	auto
MUSICIANS/B/Bakker_Nantco/Glorious.sid	1	125	auto
MUSICIANS/B/Bakker_Nantco/Goede_Tijden.sid	1	125	auto
MUSICIANS/B/Bakker_Nantco/Goede_Tijden_plus.sid	1	124	auto
MUSICIANS/B/Bakker_Nantco/Green_Hell.sid	1	125	auto
MUSICIANS/B/Bakker_Nantco/Gronnens_Laid.sid	1	125	auto
MUSICIANS/B/Bakker_Nantco/Groovers_02.sid	1	125	auto
MUSICIANS/B/Bakker_Nantco/Guitars_in_the_Night.sid	1	125	auto
MUSICIANS/B/Bakker_Nantco/Happy_Melody.sid	1	125	auto
MUSICIANS/B/Bakker_Nantco/Hawaian_Wedding_Song.sid	1	124	auto
MUSICIANS/B/Bakker_Nantco/Hela_Hola_Tut-hola.sid	1	125	auto
MUSICIANS/B/Bakker_Nantco/Hellraiser_tune_17.sid	1	125	auto
MUSICIANS/B/Bakker_Nantco/Holding_Back_the_Years.sid	1	125	auto
MUSICIANS/B/Bakker_Nantco/Il_Silenzio.sid	1	83	auto
MUSICIANS/B/Bakker_Nantco/Ill_Find_my_Way_Home.sid	1	94	auto
MUSICIANS/B/Bakker_Nantco/Internal_Main_Tune_2.sid	1	125	auto
MUSICIANS/B/Bakker_Nantco/Internal_System.sid	1	94	auto
MUSICIANS/B/Bakker_Nantco/Internal_System_2.sid	1	94	auto
MUSICIANS/B/Bakker_Nantco/Introduction.sid	1	125	auto
MUSICIANS/B/Bakker_Nantco/Irish_Coffee.sid	1	124	auto
MUSICIANS/B/Bakker_Nantco/James_Bond.sid	1	125	auto
MUSICIANS/B/Bakker_Nantco/Katjucha.sid	1	125	auto
MUSICIANS/B/Bakker_Nantco/Koffie.sid	1	124	auto
MUSICIANS/B/Bakker_Nantco/La_Solitudine.sid	1	125	auto
MUSICIANS/B/Bakker_Nantco/Lambada.sid	1	125	auto
MUSICIANS/B/Bakker_Nantco/Last_Episode.sid	1	124	auto
MUSICIANS/B/Bakker_Nantco/Lifeline_end.sid	1	125	auto
MUSICIANS/B/Bakker_Nantco/Like_a_Virgin.sid	1	125	auto
MUSICIANS/B/Bakker_Nantco/Loath_2_Depart.sid	1	125	auto
MUSICIANS/B/Bakker_Nantco/Love_Letters.sid	1	83	auto
MUSICIANS/B/Bakker_Nantco/Luscious_Ragtime.sid	1	124	auto
MUSICIANS/B/Bakker_Nantco/Magness_01.sid	1	125	auto
MUSICIANS/B/Bakker_Nantco/Magness_02.sid	1	125	auto
MUSICIANS/B/Bakker_Nantco/Maladie_d_Amour.sid	1	83	auto
MUSICIANS/B/Bakker_Nantco/Maria_Magdalena.sid	1	125	auto
MUSICIANS/B/Bakker_Nantco/Marquerita.sid	1	125	auto
MUSICIANS/B/Bakker_Nantco/Mega-Music_Compilation_2.sid	1	93	auto
MUSICIANS/B/Bakker_Nantco/Midnight_Express.sid	1	129	auto
MUSICIANS/B/Bakker_Nantco/Mockin_Bird.sid	1	124	auto
MUSICIANS/B/Bakker_Nantco/Mystic_Sunset.sid	1	125	auto
MUSICIANS/B/Bakker_Nantco/Nantcos_Blues.sid	1	125	auto
MUSICIANS/B/Bakker_Nantco/Nantcos_Blues_Digimix.sid	1	125	auto
MUSICIANS/B/Bakker_Nantco/Nantcos_Disco.sid	1	150	auto
MUSICIANS/B/Bakker_Nantco/Nature_Beast.sid	1	125	auto
MUSICIANS/B/Bakker_Nantco/Once_Upon_a_Time_in_the_West.sid	1	83	auto
MUSICIANS/B/Bakker_Nantco/One_More_Try.sid	1	125	auto
MUSICIANS/B/Bakker_Nantco/One_More_Try_plus.sid	1	125	auto
MUSICIANS/B/Bakker_Nantco/One_Night_Polka.sid	1	125	auto
MUSICIANS/B/Bakker_Nantco/Overwrought.sid	1	125	auto
MUSICIANS/B/Bakker_Nantco/Oxygene.sid	1	125	auto
MUSICIANS/B/Bakker_Nantco/Panic_in_Hell.sid	1	124	auto
MUSICIANS/B/Bakker_Nantco/Pink_Panther.sid	1	125	auto
MUSICIANS/B/Bakker_Nantco/Plinko.sid	1	83	auto
MUSICIANS/B/Bakker_Nantco/Ragazza.sid	1	124	auto
MUSICIANS/B/Bakker_Nantco/Railroad_Blues.sid	1	124	auto
MUSICIANS/B/Bakker_Nantco/Ranz_Can_Danz.sid	1	124	auto
MUSICIANS/B/Bakker_Nantco/Rasta_Pasta.sid	1	124	auto
MUSICIANS/B/Bakker_Nantco/Remembrance.sid	1	83	auto
MUSICIANS/B/Bakker_Nantco/Remembrance_1992_Remix.sid	1	94	auto
MUSICIANS/B/Bakker_Nantco/Ripper_v2.sid	1	125	auto
MUSICIANS/B/Bakker_Nantco/Romance.sid	1	125	auto
MUSICIANS/B/Bakker_Nantco/Roodkapje.sid	1	124	auto
MUSICIANS/B/Bakker_Nantco/Round_the_Campfire.sid	1	125	auto
MUSICIANS/B/Bakker_Nantco/Running_Scared.sid	1	125	auto
MUSICIANS/B/Bakker_Nantco/Running_Scared_2.sid	1	125	auto
MUSICIANS/B/Bakker_Nantco/Running_Scared_3.sid	1	125	auto
MUSICIANS/B/Bakker_Nantco/Sadeness.sid	1	94	auto
MUSICIANS/B/Bakker_Nantco/Sadeness_2.sid	1	94	auto
MUSICIANS/B/Bakker_Nantco/Sale_My_Love.sid	1	124	auto
MUSICIANS/B/Bakker_Nantco/Sax-O-Maniac.sid	1	125	auto
MUSICIANS/B/Bakker_Nantco/Sea_Shore.sid	1	125	auto
MUSICIANS/B/Bakker_Nantco/Second_Change.sid	1	94	auto
MUSICIANS/B/Bakker_Nantco/Secret_Loser.sid	1	125	auto
MUSICIANS/B/Bakker_Nantco/Serenade.sid	1	125	auto
MUSICIANS/B/Bakker_Nantco/Short_Track.sid	1	125	auto
MUSICIANS/B/Bakker_Nantco/Show_Must_Go_On.sid	1	83	auto
MUSICIANS/B/Bakker_Nantco/Silk_Road.sid	1	83	auto
MUSICIANS/B/Bakker_Nantco/Sliding_Soldiers.sid	1	150	auto
MUSICIANS/B/Bakker_Nantco/Slurfie.sid	1	125	auto
MUSICIANS/B/Bakker_Nantco/Slurfie.sid	2	124	auto
MUSICIANS/B/Bakker_Nantco/Sonate_Pathetique.sid	1	83	auto
MUSICIANS/B/Bakker_Nantco/Song_for_Kim.sid	1	125	auto
MUSICIANS/B/Bakker_Nantco/Special_Delivery.sid	1	124	auto
MUSICIANS/B/Bakker_Nantco/Spetter.sid	1	125	auto
MUSICIANS/B/Bakker_Nantco/Sun_Go_Down.sid	1	125	auto
MUSICIANS/B/Bakker_Nantco/Synthetic.sid	1	125	auto
MUSICIANS/B/Bakker_Nantco/Take_Me_Back_1.sid	1	125	auto
MUSICIANS/B/Bakker_Nantco/Take_Me_Back_2.sid	1	125	auto
MUSICIANS/B/Bakker_Nantco/Tango_of_Love.sid	1	125	auto
MUSICIANS/B/Bakker_Nantco/Tease_Me.sid	1	94	auto
MUSICIANS/B/Bakker_Nantco/Techno_Shit.sid	1	125	auto
MUSICIANS/B/Bakker_Nantco/Tjezzie_Tjoenz_02.sid	1	125	auto
MUSICIANS/B/Bakker_Nantco/Tjezzie_Tjoenz_03.sid	1	125	auto
MUSICIANS/B/Bakker_Nantco/Tjezzie_Tjoenz_04.sid	1	94	auto
MUSICIANS/B/Bakker_Nantco/Tjezzie_Tjoenz_1.sid	1	125	auto
MUSICIANS/B/Bakker_Nantco/Toedewatjes.sid	1	125	auto
MUSICIANS/B/Bakker_Nantco/Twilight_Dance.sid	1	125	auto
MUSICIANS/B/Bakker_Nantco/Viva_La_Tango.sid	1	150	auto
MUSICIANS/B/Bakker_Nantco/Vivacious.sid	1	125	auto
MUSICIANS/B/Bakker_Nantco/War_of_the_Worlds_Remix.sid	1	125	auto
MUSICIANS/B/Bakker_Nantco/Western_Days.sid	1	128	auto
MUSICIANS/B/Bakker_Nantco/Western_Skies.sid	1	94	auto
MUSICIANS/B/Bakker_Nantco/When_Im_64.sid	1	124	auto
MUSICIANS/B/Bakker_Nantco/Whispering_Silk.sid	1	94	auto
MUSICIANS/B/Bakker_Nantco/White_Snowflocks.sid	1	107	auto
MUSICIANS/B/Bakker_Nantco/Wild_Orgasm.sid	1	125	auto
MUSICIANS/B/Bakker_Nantco/Wilhelmus-Dutch_Hymn.sid	1	124	auto
MUSICIANS/B/Bakker_Nantco/You_Made_It.sid	1	125	auto
MUSICIANS/B/Bakker_Nantco/Zo_Vrolijk.sid	1	124	auto
MUSICIANS/B/Bakker_Nantco/Zozolala.sid	1	125	auto
MUSICIANS/B/Balboa/Beach_Party_1988_tune_1.sid	1	125	auto
MUSICIANS/B/Balboa/Beach_Party_1988_tune_4.sid	1	125	auto
MUSICIANS/B/Balboa/Megademo89_part_2.sid	1	137	auto
MUSICIANS/B/Baldi_Emanuele/Luna_Park.sid	1	154	auto
MUSICIANS/B/Baldwin_Neil/Another_Tune_for_Joanne.sid	1	150	auto
MUSICIANS/B/Baldwin_Neil/Bomb_da_SID.sid	1	125	auto
MUSICIANS/B/Baldwin_Neil/Competition_Entries.sid	1	112	auto
MUSICIANS/B/Baldwin_Neil/Competition_Entries.sid	2	90	auto
MUSICIANS/B/Baldwin_Neil/Demons_First.sid	1	110	auto
MUSICIANS/B/Baldwin_Neil/Fate_II.sid	1	125	auto
MUSICIANS/B/Baldwin_Neil/Fate_II.sid	2	125	auto
MUSICIANS/B/Baldwin_Neil/Future_Shock.sid	1	143	auto
MUSICIANS/B/Baldwin_Neil/Future_Shock_Mad_Mix.sid	1	124	auto
MUSICIANS/B/Baldwin_Neil/Garfield.sid	1	151	auto
MUSICIANS/B/Baldwin_Neil/Hardcastle.sid	1	125	auto
MUSICIANS/B/Baldwin_Neil/Hardcastle.sid	2	124	auto
MUSICIANS/B/Baldwin_Neil/Metal_Bar_II.sid	1	151	auto
MUSICIANS/B/Baldwin_Neil/Mission_Impossibubble.sid	1	94	auto
MUSICIANS/B/Baldwin_Neil/Mission_Impossibubble.sid	3	94	auto
MUSICIANS/B/Baldwin_Neil/Music_Demo_Number_One.sid	1	150	auto
MUSICIANS/B/Baldwin_Neil/Music_Demo_Number_One.sid	2	125	auto
MUSICIANS/B/Baldwin_Neil/Musical_Madness_II.sid	1	124	auto
MUSICIANS/B/Baldwin_Neil/Non-Stop_Funk.sid	1	124	auto
MUSICIANS/B/Baldwin_Neil/Sid_Player_Demos.sid	1	112	auto
MUSICIANS/B/Baldwin_Neil/Sid_Player_Demos.sid	2	112	auto
MUSICIANS/B/Baldwin_Neil/Sid_Player_Demos.sid	3	112	auto
MUSICIANS/B/Baldwin_Neil/Sid_Player_Demos.sid	4	151	auto
MUSICIANS/B/Baldwin_Neil/Snowflakes_in_Summer.sid	1	75	auto
MUSICIANS/B/Baldwin_Neil/Trixter_end_part.sid	1	125	auto
MUSICIANS/B/Bamse/Big_Time_Sensuality.sid	1	125	auto
MUSICIANS/B/Bamse/Big_Time_Sensuality.sid	2	125	auto
MUSICIANS/B/Bamse/DM_Chicks.sid	1	151	auto
MUSICIANS/B/Bamse/DM_Chicks_note.sid	1	124	auto
MUSICIANS/B/Bamse/Kevin_in_the_Woods.sid	4	107	auto
MUSICIANS/B/Bamse/Kevin_in_the_Woods.sid	6	94	auto
MUSICIANS/B/Bamse/Los_Diletantos_Intro_2.sid	1	124	auto
MUSICIANS/B/Bamse/Mini_Arcade_Climax.sid	1	124	auto
MUSICIANS/B/Bamse/Resolution_80x50.sid	1	136	auto
MUSICIANS/B/Bamse/Ring_Modulae.sid	1	125	auto
MUSICIANS/B/Bamse/Two_Minute_Warning.sid	1	124	auto
MUSICIANS/B/Banana/Agent_16.sid	1	125	auto
MUSICIANS/B/Banana/Attention.sid	1	125	auto
MUSICIANS/B/Banana/Being_Boiled.sid	1	125	auto
MUSICIANS/B/Banana/Cool_It_IBM_Music_16.sid	1	126	auto
MUSICIANS/B/Banana/Declaration.sid	1	123	auto
MUSICIANS/B/Banana/Deep_Space.sid	1	125	auto
MUSICIANS/B/Banana/Donna_Donna_New_Jam_Classics.sid	1	127	auto
MUSICIANS/B/Banana/Federation_Against_PRG_Letter.sid	1	124	auto
MUSICIANS/B/Banana/Funky_Man_IBM_Music_9.sid	1	128	auto
MUSICIANS/B/Banana/Headbanger_Demo.sid	1	126	auto
MUSICIANS/B/Banana/Hollywood_Stripper.sid	1	125	auto
MUSICIANS/B/Banana/IBM_Music_1.sid	1	128	auto
MUSICIANS/B/Banana/IBM_Music_10.sid	1	124	auto
MUSICIANS/B/Banana/IBM_Music_12.sid	1	128	auto
MUSICIANS/B/Banana/IBM_Music_13.sid	1	152	auto
MUSICIANS/B/Banana/IBM_Music_14.sid	1	125	auto
MUSICIANS/B/Banana/IBM_Music_15.sid	1	128	auto
MUSICIANS/B/Banana/IBM_Music_17.sid	1	125	auto
MUSICIANS/B/Banana/IBM_Music_18.sid	1	125	auto
MUSICIANS/B/Banana/IBM_Music_19.sid	1	123	auto
MUSICIANS/B/Banana/IBM_Music_2.sid	1	95	auto
MUSICIANS/B/Banana/IBM_Music_20.sid	1	125	auto
MUSICIANS/B/Banana/IBM_Music_21.sid	1	125	auto
MUSICIANS/B/Banana/IBM_Music_22.sid	1	126	auto
MUSICIANS/B/Banana/IBM_Music_23.sid	1	126	auto
MUSICIANS/B/Banana/IBM_Music_24.sid	1	125	auto
MUSICIANS/B/Banana/IBM_Music_3.sid	1	126	auto
MUSICIANS/B/Banana/IBM_Music_4.sid	1	128	auto
MUSICIANS/B/Banana/IBM_Music_5.sid	1	152	auto
MUSICIANS/B/Banana/IBM_Music_6.sid	1	126	auto
MUSICIANS/B/Banana/IBM_Music_8.sid	1	95	auto
MUSICIANS/B/Banana/IPS_Tune_2.sid	1	128	auto
MUSICIANS/B/Banana/I_Want_Your.sid	1	94	auto
MUSICIANS/B/Banana/Just_Died.sid	1	128	auto
MUSICIANS/B/Banana/Knights_of_the_Roundtable_Letter.sid	1	124	auto
MUSICIANS/B/Banana/Lawrence.sid	1	127	auto
MUSICIANS/B/Banana/Lets_Twist_IBM_Music_25.sid	1	95	auto
MUSICIANS/B/Banana/Letter_to_PRG.sid	1	95	auto
MUSICIANS/B/Banana/New_Edition_Intro_2.sid	1	94	auto
MUSICIANS/B/Banana/Niteflite_IBM_Music_26_2.sid	1	125	auto
MUSICIANS/B/Banana/Pink_Mac.sid	1	125	auto
MUSICIANS/B/Banana/Rain.sid	1	124	auto
MUSICIANS/B/Banana/Rammax.sid	1	124	auto
MUSICIANS/B/Banana/Raster_Reagae.sid	1	126	auto
MUSICIANS/B/Banana/Song_IBM_Music_7.sid	1	128	auto
MUSICIANS/B/Banana/Special_IBM.sid	1	126	auto
MUSICIANS/B/Banana/Stairs.sid	1	124	auto
MUSICIANS/B/Banana/Swamp_Sollies.sid	1	124	auto
MUSICIANS/B/Banana/Tuff_Enuff_IBM_Music_26_1.sid	1	125	auto
MUSICIANS/B/Bappalander/A_Bit_Odd.sid	1	94	auto
MUSICIANS/B/Bappalander/Brutality_5.sid	1	125	auto
MUSICIANS/B/Bappalander/FX.sid	1	125	auto
MUSICIANS/B/Bappalander/Last_Traktor_III_intro.sid	1	125	auto
MUSICIANS/B/Barik/Broken_Bottle.sid	1	124	auto
MUSICIANS/B/Barik/Ernas_Song.sid	1	94	auto
MUSICIANS/B/Barik/Hopeless.sid	1	125	auto
MUSICIANS/B/Barik/Schweineschwanz.sid	1	143	auto
MUSICIANS/B/Barik/Vinegar.sid	1	115	auto
MUSICIANS/B/Barik/Wattson.sid	1	115	auto
MUSICIANS/B/Barik/Zooong.sid	1	125	auto
MUSICIANS/B/Baron_Ashler/Azul_y_Negro.sid	1	75	auto
MUSICIANS/B/Baron_Ashler/Ball.sid	1	128	auto
MUSICIANS/B/Baron_Ashler/Ball.sid	2	124	auto
MUSICIANS/B/Baron_Ashler/Caligula.sid	1	151	auto
MUSICIANS/B/Baron_Ashler/Kabura.sid	1	125	auto
MUSICIANS/B/Baron_Ashler/Kabuto_Loader.sid	1	125	auto
MUSICIANS/B/Baron_Ashler/Kabuto_Loader_2.sid	1	125	auto
MUSICIANS/B/Baron_Ashler/Mad_Race.sid	1	151	auto
MUSICIANS/B/Baron_Ashler/Marte.sid	1	107	auto
MUSICIANS/B/Baron_Ashler/Marte.sid	2	125	auto
MUSICIANS/B/Baron_Ashler/Panzer.sid	1	107	auto
MUSICIANS/B/Baron_Ashler/Panzer.sid	2	125	auto
MUSICIANS/B/Baron_Ashler/Paranoids_loader.sid	1	125	auto
MUSICIANS/B/Baron_Ashler/Torreoscura.sid	1	150	auto
MUSICIANS/B/Baron_Ashler/Torreoscura.sid	2	125	auto
MUSICIANS/B/Baron_Ashler/Xain_Reloaded.sid	1	125	auto
MUSICIANS/B/Baron_Ashler/Xain_d_Sleena.sid	1	125	auto
MUSICIANS/B/Baron_Ashler/Zombi_Terror.sid	1	107	auto
MUSICIANS/B/Baron_Knoxburry/Squirrel_Plague.sid	1	125	auto
MUSICIANS/B/Baron_Knoxburry/Stepping_on_Yer_Dub.sid	1	124	auto
MUSICIANS/B/Barracuda/11_6_18_VS3.sid	1	151	auto
MUSICIANS/B/Barracuda/Animdemo.sid	1	125	auto
MUSICIANS/B/Barracuda/Backspliff.sid	1	150	auto
MUSICIANS/B/Barracuda/Boost_Your_Amps.sid	1	125	auto
MUSICIANS/B/Barracuda/Bright_Mourn.sid	1	75	auto
MUSICIANS/B/Barracuda/Decisions.sid	1	150	auto
MUSICIANS/B/Barracuda/Der_Guemmel.sid	1	75	auto
MUSICIANS/B/Barracuda/Dreamy.sid	1	150	auto
MUSICIANS/B/Barracuda/Durum_and_Basta.sid	1	75	auto
MUSICIANS/B/Barracuda/Elon_Mush.sid	1	75	auto
MUSICIANS/B/Barracuda/Enlightmentos.sid	1	150	auto
MUSICIANS/B/Barracuda/Epa_ahina.sid	1	151	auto
MUSICIANS/B/Barracuda/Even_Funk_Die.sid	1	125	auto
MUSICIANS/B/Barracuda/Fishbomb_tune_2.sid	1	150	auto
MUSICIANS/B/Barracuda/G13.sid	1	75	auto
MUSICIANS/B/Barracuda/Goods_Nuskool.sid	1	151	auto
MUSICIANS/B/Barracuda/Hunsvot.sid	1	75	auto
MUSICIANS/B/Barracuda/Huuto_Barra.sid	1	75	auto
MUSICIANS/B/Barracuda/It_All_Depends.sid	1	75	auto
MUSICIANS/B/Barracuda/Just_Rel.sid	1	151	auto
MUSICIANS/B/Barracuda/Kewlandlord.sid	1	75	auto
MUSICIANS/B/Barracuda/Kikstart.sid	1	75	auto
MUSICIANS/B/Barracuda/Laekerol.sid	1	150	auto
MUSICIANS/B/Barracuda/Look_Ova2.sid	1	75	auto
MUSICIANS/B/Barracuda/Lumesha.sid	1	75	auto
MUSICIANS/B/Barracuda/Matala_Haerpaeke.sid	1	75	auto
MUSICIANS/B/Barracuda/Neon_City.sid	1	150	auto
MUSICIANS/B/Barracuda/Neushait_3.sid	1	152	auto
MUSICIANS/B/Barracuda/October_Covid.sid	1	150	auto
MUSICIANS/B/Barracuda/Ontheroadagain.sid	1	125	auto
MUSICIANS/B/Barracuda/Oxycodyne3.sid	1	75	auto
MUSICIANS/B/Barracuda/Psykoz_Blues.sid	1	125	auto
MUSICIANS/B/Barracuda/Raggaefortress.sid	1	75	auto
MUSICIANS/B/Barracuda/Simpldrum.sid	1	75	auto
MUSICIANS/B/Barracuda/Such6strday.sid	1	150	auto
MUSICIANS/B/Barracuda/Sunfellow.sid	1	125	auto
MUSICIANS/B/Barracuda/Sureflow.sid	1	75	auto
MUSICIANS/B/Barracuda/Taste.sid	1	75	auto
MUSICIANS/B/Barracuda/Thermos.sid	1	150	auto
MUSICIANS/B/Barracuda/Tjaereborg2025.sid	1	151	auto
MUSICIANS/B/Barracuda/Total.sid	1	150	auto
MUSICIANS/B/Barracuda/Trible_99.sid	1	75	auto
MUSICIANS/B/Barracuda/Trickerty.sid	1	151	auto
MUSICIANS/B/Barracuda/Tuomiopaeivae.sid	1	150	auto
MUSICIANS/B/Barracuda/Twerk_Yeah.sid	1	75	auto
MUSICIANS/B/Barracuda/Uliuli.sid	1	75	auto
MUSICIANS/B/Barracuda/Unfinished_Trip.sid	1	94	auto
MUSICIANS/B/Barracuda/WTF50.sid	1	151	auto
MUSICIANS/B/Barracuda/Yleistys.sid	1	150	auto
MUSICIANS/B/Barracuda/Yosagi_Yojimbo.sid	1	75	auto
MUSICIANS/B/Barrett_Steve/Beeper.sid	1	122	auto
MUSICIANS/B/Barrett_Steve/Bigfoot.sid	1	143	auto
MUSICIANS/B/Barrett_Steve/Bigfoot.sid	2	94	auto
MUSICIANS/B/Barrett_Steve/Blue_Meanies.sid	1	124	auto
MUSICIANS/B/Barrett_Steve/Blue_Meanies.sid	2	126	auto
MUSICIANS/B/Barrett_Steve/Classical_Egg.sid	1	150	auto
MUSICIANS/B/Barrett_Steve/Cry.sid	1	145	auto
MUSICIANS/B/Barrett_Steve/Egg_in_Space.sid	1	125	auto
MUSICIANS/B/Barrett_Steve/Egg_in_Space.sid	2	103	auto
MUSICIANS/B/Barrett_Steve/European_5-A-Side.sid	1	150	auto
MUSICIANS/B/Barrett_Steve/Fast_Food.sid	1	125	auto
MUSICIANS/B/Barrett_Steve/Fast_Food.sid	2	124	auto
MUSICIANS/B/Barrett_Steve/Final_Curtain.sid	1	124	auto
MUSICIANS/B/Barrett_Steve/Freaky_Fish.sid	1	124	auto
MUSICIANS/B/Barrett_Steve/Freaky_Fish.sid	2	139	auto
MUSICIANS/B/Barrett_Steve/Frosty_the_Snowman.sid	1	124	auto
MUSICIANS/B/Barrett_Steve/Frosty_the_Snowman.sid	2	124	auto
MUSICIANS/B/Barrett_Steve/Galactic_Games_1.sid	2	94	auto
MUSICIANS/B/Barrett_Steve/Galactic_Games_1.sid	3	107	auto
MUSICIANS/B/Barrett_Steve/Galactic_Games_2.sid	1	124	auto
MUSICIANS/B/Barrett_Steve/Galactic_Games_3.sid	1	150	auto
MUSICIANS/B/Barrett_Steve/Galactic_Games_3.sid	2	124	auto
MUSICIANS/B/Barrett_Steve/Galactic_Games_3.sid	3	124	auto
MUSICIANS/B/Barrett_Steve/Galactic_Games_3.sid	4	94	auto
MUSICIANS/B/Barrett_Steve/Grand_Prix_Simulator_II.sid	1	124	auto
MUSICIANS/B/Barrett_Steve/Hyber_Blob.sid	2	124	auto
MUSICIANS/B/Barrett_Steve/Magicland_Dizzy.sid	1	83	auto
MUSICIANS/B/Barrett_Steve/Magicland_Dizzy.sid	2	124	auto
MUSICIANS/B/Barrett_Steve/Mig-29_Soviet_Fighter.sid	1	150	auto
MUSICIANS/B/Barrett_Steve/Monopoly_Deluxe.sid	1	151	auto
MUSICIANS/B/Barrett_Steve/Monte_Carlo_Casino.sid	1	125	auto
MUSICIANS/B/Barrett_Steve/Professional_Ski_Simulator.sid	1	125	auto
MUSICIANS/B/Barrett_Steve/Pulse_Warrior.sid	1	125	auto
MUSICIANS/B/Barrett_Steve/Pulsoid.sid	1	151	auto
MUSICIANS/B/Barrett_Steve/SAS_Combat_Simulator.sid	1	124	auto
MUSICIANS/B/Barrett_Steve/SAS_Combat_Simulator.sid	2	124	auto
MUSICIANS/B/Barrett_Steve/Super_Hang-On.sid	1	151	auto
MUSICIANS/B/Barrett_Steve/Super_Hang-On.sid	2	124	auto
MUSICIANS/B/Barrett_Steve/Super_Hang-On.sid	3	94	auto
MUSICIANS/B/Barrett_Steve/Super_Hang-On.sid	4	107	auto
MUSICIANS/B/Barrett_Steve/Tarzan_Goes_Ape.sid	1	124	auto
MUSICIANS/B/Barrett_Steve/Tarzan_Goes_Ape.sid	2	124	auto
MUSICIANS/B/Barrett_Steve/Tarzan_Goes_Ape.sid	3	124	auto
MUSICIANS/B/Barrett_Steve/Tilt.sid	2	125	auto
MUSICIANS/B/Barrett_Steve/Trojan_Warrior.sid	1	151	auto
MUSICIANS/B/Barrett_Steve/Trojan_Warrior.sid	2	151	auto
MUSICIANS/B/Barrett_Steve/Ultimate_Combat_Mission.sid	1	150	auto
MUSICIANS/B/Barricade/A_New_Crack_Intro.sid	1	150	auto
MUSICIANS/B/Barricade/Bonanza.sid	1	124	auto
MUSICIANS/B/Barricade/Fantastic.sid	1	125	auto
MUSICIANS/B/Barricade/Motion_Tune.sid	1	111	auto
MUSICIANS/B/Barricade/Optimize.sid	1	125	auto
MUSICIANS/B/Barricade/Precision.sid	1	151	auto
MUSICIANS/B/Barricade/Rock-It.sid	1	125	auto
MUSICIANS/B/Bart/Awake_to_Die.sid	1	124	auto
MUSICIANS/B/Bart/Beta_Pack_note.sid	1	125	auto
MUSICIANS/B/Bart/Bubblegum.sid	1	124	auto
MUSICIANS/B/Bart/Contact_Demo.sid	1	83	auto
MUSICIANS/B/Bart/Cuba_Libre.sid	1	124	auto
MUSICIANS/B/Bart/Discocrapremix.sid	1	125	auto
MUSICIANS/B/Bart/Dont_Cry.sid	1	124	auto
MUSICIANS/B/Bart/Dreamscape_2.sid	1	83	auto
MUSICIANS/B/Bart/Enter_Sadman.sid	1	125	auto
MUSICIANS/B/Bart/Eternal_Dream.sid	1	125	auto
MUSICIANS/B/Bart/Eternal_Dream_v2.sid	1	125	auto
MUSICIANS/B/Bart/Four_Roses.sid	1	125	auto
MUSICIANS/B/Bart/Heaven_and_Hell.sid	1	125	auto
MUSICIANS/B/Bart/In_the_Air_Tonight.sid	1	125	auto
MUSICIANS/B/Bart/Lazyness_end.sid	1	125	auto
MUSICIANS/B/Bart/Lullaby.sid	1	94	auto
MUSICIANS/B/Bart/Megaend.sid	1	94	auto
MUSICIANS/B/Bart/Megahertz_0_tune_3.sid	1	125	auto
MUSICIANS/B/Bart/Metropolis.sid	1	125	auto
MUSICIANS/B/Bart/Old_Letta_Tune.sid	1	125	auto
MUSICIANS/B/Bart/Oldline3.sid	1	125	auto
MUSICIANS/B/Bart/Out_of_Mind.sid	1	125	auto
MUSICIANS/B/Bart/Slimy_Depression.sid	1	125	auto
MUSICIANS/B/Bart/Summertime.sid	1	125	auto
MUSICIANS/B/Bart/Sunset_Street.sid	1	94	auto
MUSICIANS/B/Bart/Tune_for_Nina.sid	1	125	auto
MUSICIANS/B/Bart/Tune_for_Nina_2.sid	1	125	auto
MUSICIANS/B/Bart/Visions_part_3.sid	1	93	auto
MUSICIANS/B/Batsman/A_Crazy_Xmas.sid	1	150	auto
MUSICIANS/B/Batsman/Artwork.sid	1	94	auto
MUSICIANS/B/Batsman/Bananas_in_Pyjamas.sid	1	124	auto
MUSICIANS/B/Batsman/Bare_Necessities.sid	1	107	auto
MUSICIANS/B/Batsman/Big_Fat_Crazy_Bee.sid	1	94	auto
MUSICIANS/B/Batsman/Broder_Louie.sid	1	124	auto
MUSICIANS/B/Batsman/Crapman.sid	1	94	auto
MUSICIANS/B/Batsman/Drunken_Birthday.sid	1	150	auto
MUSICIANS/B/Batsman/Feliz_Navidad.sid	1	150	auto
MUSICIANS/B/Batsman/Gubbub.sid	1	150	auto
MUSICIANS/B/Batsman/Happy_Vaccine.sid	1	124	auto
MUSICIANS/B/Batsman/Hurra-Beer_Edition.sid	1	150	auto
MUSICIANS/B/Batsman/Jag_saag_mamma_kyssa_tomten.sid	1	94	auto
MUSICIANS/B/Batsman/K_I_T_T_Tribute.sid	1	125	auto
MUSICIANS/B/Batsman/Kaosmanicken.sid	1	150	auto
MUSICIANS/B/Batsman/Karantan.sid	1	124	auto
MUSICIANS/B/Batsman/Karatebaever.sid	1	125	auto
MUSICIANS/B/Batsman/Kernkraft_400.sid	1	151	auto
MUSICIANS/B/Batsman/Laserloop.sid	1	125	auto
MUSICIANS/B/Batsman/Lost_in_a_Loop.sid	1	150	auto
MUSICIANS/B/Batsman/Muterad.sid	1	150	auto
MUSICIANS/B/Batsman/Petscii_Attack.sid	1	125	auto
MUSICIANS/B/Batsman/Piraten_2SID.sid	1	71	auto
MUSICIANS/B/Batsman/Propaganda.sid	1	125	auto
MUSICIANS/B/Batsman/Puch_Maxi.sid	1	150	auto
MUSICIANS/B/Batsman/Rockin_Around_the_Xmas_Tree.sid	1	94	auto
MUSICIANS/B/Batsman/Rymdspionen.sid	1	125	auto
MUSICIANS/B/Batsman/Santa_Claus_Is_Coming_to_Town.sid	1	94	auto
MUSICIANS/B/Batsman/Sappy.sid	1	107	auto
MUSICIANS/B/Batsman/Super_Mario_Land_1_1.sid	1	124	auto
MUSICIANS/B/Batsman/Svamphus.sid	1	150	auto
MUSICIANS/B/Batsman/Sweet_Dreams.sid	1	125	auto
MUSICIANS/B/Batsman/Vintersagoland.sid	1	150	auto
MUSICIANS/B/Batsman/Yuzuglass.sid	1	124	auto
MUSICIANS/B/Bauernfeind_Andreas/Brektwon-The_Curse_of_the_Key.sid	1	128	auto
MUSICIANS/B/Bauernfeind_Andreas/Girlguard.sid	1	95	auto
MUSICIANS/B/Bauernfeind_Andreas/Underland.sid	1	126	auto
MUSICIANS/B/Bauernfeind_Andreas/Underland.sid	2	126	auto
MUSICIANS/B/Bauernfeind_Andreas/Vault_of_Seraphim.sid	1	127	auto
MUSICIANS/B/Baumrucker_Steven/Playful_Professor-Math_Tutor.sid	2	97	auto
MUSICIANS/B/Baumrucker_Steven/Pogo_Joe.sid	1	110	auto
MUSICIANS/B/Baumrucker_Steven/Pogo_Joe.sid	2	110	auto
MUSICIANS/B/Baumrucker_Steven/Trivia_Arcade.sid	2	151	auto
MUSICIANS/B/Bax/10_Days_and_No_Longer.sid	1	124	auto
MUSICIANS/B/Bax/Abbads_intro.sid	1	124	auto
MUSICIANS/B/Bax/After_Mission.sid	1	125	auto
MUSICIANS/B/Bax/Amiga_Msx.sid	1	124	auto
MUSICIANS/B/Bax/Bax_01.sid	1	125	auto
MUSICIANS/B/Bax/Bax_03.sid	1	125	auto
MUSICIANS/B/Bax/Bax_Mini_GFX_Collection_tune_2.sid	1	125	auto
MUSICIANS/B/Bax/Beat_Hoven.sid	1	75	auto
MUSICIANS/B/Bax/Cool_on.sid	1	94	auto
MUSICIANS/B/Bax/Desafiador.sid	1	125	auto
MUSICIANS/B/Bax/Doofee.sid	1	125	auto
MUSICIANS/B/Bax/Drill.sid	1	150	auto
MUSICIANS/B/Bax/Enigma.sid	1	124	auto
MUSICIANS/B/Bax/Enlarger.sid	1	125	auto
MUSICIANS/B/Bax/Excuse.sid	1	107	auto
MUSICIANS/B/Bax/Far_Away_So_Close.sid	1	125	auto
MUSICIANS/B/Bax/Feed_a_Bird.sid	1	94	auto
MUSICIANS/B/Bax/Flecix.sid	1	125	auto
MUSICIANS/B/Bax/Folk_Mix.sid	1	94	auto
MUSICIANS/B/Bax/For_Pablo.sid	1	124	auto
MUSICIANS/B/Bax/For_Prawda.sid	1	125	auto
MUSICIANS/B/Bax/Four_Three.sid	1	150	auto
MUSICIANS/B/Bax/Fyoo.sid	1	124	auto
MUSICIANS/B/Bax/Heart_Shaped_Box.sid	1	116	auto
MUSICIANS/B/Bax/Hopeless.sid	1	94	auto
MUSICIANS/B/Bax/Horror.sid	1	125	auto
MUSICIANS/B/Bax/I_Hate_ASCII.sid	1	125	auto
MUSICIANS/B/Bax/I_Hate_ASCII_note.sid	1	125	auto
MUSICIANS/B/Bax/Inspiration.sid	1	125	auto
MUSICIANS/B/Bax/Jazz.sid	1	124	auto
MUSICIANS/B/Bax/Jazzy_Jazz.sid	1	93	auto
MUSICIANS/B/Bax/Jeepy.sid	1	125	auto
MUSICIANS/B/Bax/Jerz2.sid	1	125	auto
MUSICIANS/B/Bax/Know_Your_Enemy.sid	1	125	auto
MUSICIANS/B/Bax/Lanky.sid	1	125	auto
MUSICIANS/B/Bax/Lies_1_tune_2.sid	1	93	auto
MUSICIANS/B/Bax/Lies_1_tune_3.sid	1	100	auto
MUSICIANS/B/Bax/Lies_1_tune_5.sid	1	125	auto
MUSICIANS/B/Bax/Like_Jazz.sid	1	94	auto
MUSICIANS/B/Bax/Logic.sid	1	124	auto
MUSICIANS/B/Bax/Long_Gone_Day.sid	1	123	auto
MUSICIANS/B/Bax/Magia_2_intro.sid	1	125	auto
MUSICIANS/B/Bax/Magia_2_tune_1.sid	1	124	auto
MUSICIANS/B/Bax/Makeshift.sid	1	125	auto
MUSICIANS/B/Bax/Manitou.sid	1	94	auto
MUSICIANS/B/Bax/Misery.sid	1	94	auto
MUSICIANS/B/Bax/Msx_for_Game.sid	1	94	auto
MUSICIANS/B/Bax/Msx_for_Game.sid	2	94	auto
MUSICIANS/B/Bax/Music_5.sid	1	124	auto
MUSICIANS/B/Bax/Music_for_Game.sid	1	125	auto
MUSICIANS/B/Bax/Natural_Woman.sid	1	94	auto
MUSICIANS/B/Bax/Near.sid	1	94	auto
MUSICIANS/B/Bax/Occultism.sid	1	123	auto
MUSICIANS/B/Bax/Older.sid	1	94	auto
MUSICIANS/B/Bax/Orion.sid	1	125	auto
MUSICIANS/B/Bax/Overfloater.sid	1	151	auto
MUSICIANS/B/Bax/Panorama_Incorporated_Hard_Core.sid	1	125	auto
MUSICIANS/B/Bax/Phlegm.sid	1	94	auto
MUSICIANS/B/Bax/Pixieh.sid	1	125	auto
MUSICIANS/B/Bax/Ponoorak.sid	1	125	auto
MUSICIANS/B/Bax/Proof_It.sid	1	94	auto
MUSICIANS/B/Bax/Przemijanie.sid	1	94	auto
MUSICIANS/B/Bax/Psycho.sid	1	94	auto
MUSICIANS/B/Bax/Queasy.sid	1	125	auto
MUSICIANS/B/Bax/Refugee.sid	1	94	auto
MUSICIANS/B/Bax/Rege.sid	1	94	auto
MUSICIANS/B/Bax/Rejwy.sid	1	125	auto
MUSICIANS/B/Bax/Sector.sid	1	125	auto
MUSICIANS/B/Bax/Sixtime.sid	1	124	auto
MUSICIANS/B/Bax/Something.sid	1	94	auto
MUSICIANS/B/Bax/Sqbany.sid	1	94	auto
MUSICIANS/B/Bax/Straight_on.sid	1	94	auto
MUSICIANS/B/Bax/Sucked_Msx.sid	1	125	auto
MUSICIANS/B/Bax/Sweetsalt.sid	1	87	auto
MUSICIANS/B/Bax/Swoop.sid	1	125	auto
MUSICIANS/B/Bax/Sword_and_Death.sid	1	125	auto
MUSICIANS/B/Bax/Symphony_of_Destruction_Mix.sid	1	151	auto
MUSICIANS/B/Bax/TE-K_N_O.sid	1	124	auto
MUSICIANS/B/Bax/TH_E_HT.sid	1	94	auto
MUSICIANS/B/Bax/Tample.sid	1	83	auto
MUSICIANS/B/Bax/Tekno_Msx.sid	1	125	auto
MUSICIANS/B/Bax/To_Je_Tekno_Bez_Perkusji.sid	1	125	auto
MUSICIANS/B/Bax/Track.sid	1	125	auto
MUSICIANS/B/Bax/Trackmo1.sid	1	125	auto
MUSICIANS/B/Bax/Trackmo2.sid	1	125	auto
MUSICIANS/B/Bax/U_F_O.sid	1	94	auto
MUSICIANS/B/Bax/Vibrations_tune_2.sid	1	124	auto
MUSICIANS/B/Bax/Vibrations_tune_4.sid	1	125	auto
MUSICIANS/B/Bax/Vibrations_tune_6.sid	1	124	auto
MUSICIANS/B/Bax/Virtual_Insanity.sid	1	100	auto
MUSICIANS/B/Bax/Voodoo_People.sid	1	94	auto
MUSICIANS/B/Bax/X-Filter.sid	1	125	auto
MUSICIANS/B/Bax/Xeveryn.sid	1	150	auto
MUSICIANS/B/Bax/Zombie.sid	1	94	auto
MUSICIANS/B/Bayliss_Richard/1917.sid	1	125	auto
MUSICIANS/B/Bayliss_Richard/2000_Kung-Fu_Maniacs.sid	1	125	auto
MUSICIANS/B/Bayliss_Richard/2000_Kung-Fu_Maniacs.sid	2	125	auto
MUSICIANS/B/Bayliss_Richard/2000_Kung-Fu_Maniacs.sid	5	125	auto
MUSICIANS/B/Bayliss_Richard/2000_Kung-Fu_Maniacs_unused.sid	1	125	auto
MUSICIANS/B/Bayliss_Richard/2000_Kung-Fu_Maniacs_unused.sid	2	125	auto
MUSICIANS/B/Bayliss_Richard/2_Modes.sid	1	125	auto
MUSICIANS/B/Bayliss_Richard/3000_Kung-Fu_Maniacs.sid	1	125	auto
MUSICIANS/B/Bayliss_Richard/3000_Kung-Fu_Maniacs.sid	2	125	auto
MUSICIANS/B/Bayliss_Richard/3000_Kung-Fu_Maniacs.sid	4	125	auto
MUSICIANS/B/Bayliss_Richard/4_Minutes_Trance.sid	1	125	auto
MUSICIANS/B/Bayliss_Richard/64_Forever.sid	1	124	auto
MUSICIANS/B/Bayliss_Richard/711_Intro_Remix.sid	1	125	auto
MUSICIANS/B/Bayliss_Richard/80s_Past.sid	1	125	auto
MUSICIANS/B/Bayliss_Richard/8580_Acid_Evening.sid	1	124	auto
MUSICIANS/B/Bayliss_Richard/90s_Electropop_Meets_Ninja.sid	1	123	auto
MUSICIANS/B/Bayliss_Richard/A_Bit_Unsure.sid	1	125	auto
MUSICIANS/B/Bayliss_Richard/A_Load_of_Cowbell.sid	1	125	auto
MUSICIANS/B/Bayliss_Richard/A_Tune_We_All_Hate.sid	1	125	auto
MUSICIANS/B/Bayliss_Richard/A_Wonder.sid	1	124	auto
MUSICIANS/B/Bayliss_Richard/Abu_Simbel_Profanation.sid	1	124	auto
MUSICIANS/B/Bayliss_Richard/Abu_Simbel_Profanation.sid	2	125	auto
MUSICIANS/B/Bayliss_Richard/Abyssal_Karma-Part_One.sid	1	124	auto
MUSICIANS/B/Bayliss_Richard/Abyssal_Karma-Part_One.sid	2	124	auto
MUSICIANS/B/Bayliss_Richard/Abyssal_Karma-Part_One.sid	5	125	auto
MUSICIANS/B/Bayliss_Richard/Abyssonaut_v2.sid	2	125	auto
MUSICIANS/B/Bayliss_Richard/Acorn_Man_in_Magic_Land.sid	1	125	auto
MUSICIANS/B/Bayliss_Richard/Across_the_Galaxy_on_Sector_RCN1972.sid	1	125	auto
MUSICIANS/B/Bayliss_Richard/Advanced_Coloured.sid	1	125	auto
MUSICIANS/B/Bayliss_Richard/Adventure_to_Skull_Mountain.sid	1	125	auto
MUSICIANS/B/Bayliss_Richard/Ala_Gal_Remake.sid	1	124	auto
MUSICIANS/B/Bayliss_Richard/Alaska.sid	1	125	auto
MUSICIANS/B/Bayliss_Richard/Album_of_Sound_Effects.sid	1	125	auto
MUSICIANS/B/Bayliss_Richard/Alienwarz.sid	1	125	auto
MUSICIANS/B/Bayliss_Richard/Alpacalypse.sid	1	125	auto
MUSICIANS/B/Bayliss_Richard/Alpacalypse.sid	2	125	auto
MUSICIANS/B/Bayliss_Richard/Alpacalypse.sid	3	125	auto
MUSICIANS/B/Bayliss_Richard/Alpacalypse.sid	7	125	auto
MUSICIANS/B/Bayliss_Richard/Amazon_Tales.sid	2	125	auto
MUSICIANS/B/Bayliss_Richard/Amazon_Tales_75_percent.sid	1	125	auto
MUSICIANS/B/Bayliss_Richard/Amazon_Tales_75_percent.sid	4	125	auto
MUSICIANS/B/Bayliss_Richard/Amok.sid	1	125	auto
MUSICIANS/B/Bayliss_Richard/Amok.sid	2	125	auto
MUSICIANS/B/Bayliss_Richard/Angel_Face.sid	1	150	auto
MUSICIANS/B/Bayliss_Richard/Ann_Gong.sid	1	124	auto
MUSICIANS/B/Bayliss_Richard/Another_Game_Tune.sid	1	151	auto
MUSICIANS/B/Bayliss_Richard/Another_Melody.sid	1	124	auto
MUSICIANS/B/Bayliss_Richard/Another_Rave.sid	1	125	auto
MUSICIANS/B/Bayliss_Richard/Antarta.sid	1	125	auto
MUSICIANS/B/Bayliss_Richard/Anticlockwize.sid	1	125	auto
MUSICIANS/B/Bayliss_Richard/Apocalypse.sid	1	124	auto
MUSICIANS/B/Bayliss_Richard/Apocalypse_Master.sid	1	125	auto
MUSICIANS/B/Bayliss_Richard/Aquavile.sid	1	125	auto
MUSICIANS/B/Bayliss_Richard/Arcade_Rocking.sid	1	125	auto
MUSICIANS/B/Bayliss_Richard/Armageddon_2000.sid	1	125	auto
MUSICIANS/B/Bayliss_Richard/Armageddon_2000.sid	2	124	auto
MUSICIANS/B/Bayliss_Richard/Arrow_Busters.sid	1	125	auto
MUSICIANS/B/Bayliss_Richard/Arrrgh.sid	1	125	auto
MUSICIANS/B/Bayliss_Richard/Art_of_Noise.sid	1	125	auto
MUSICIANS/B/Bayliss_Richard/Aryx-Remix.sid	1	125	auto
MUSICIANS/B/Bayliss_Richard/Aryx_Remix.sid	1	125	auto
MUSICIANS/B/Bayliss_Richard/Atom_Heart.sid	1	124	auto
MUSICIANS/B/Bayliss_Richard/Autumn_Dance.sid	1	125	auto
MUSICIANS/B/Bayliss_Richard/Avatar.sid	1	124	auto
MUSICIANS/B/Bayliss_Richard/Aviator_Arcade.sid	1	125	auto
MUSICIANS/B/Bayliss_Richard/Aviator_Arcade_2_Preview.sid	1	125	auto
MUSICIANS/B/Bayliss_Richard/Aviator_Arcade_2_Preview.sid	4	125	auto
MUSICIANS/B/Bayliss_Richard/Axel_F.sid	1	125	auto
MUSICIANS/B/Bayliss_Richard/Aztec_Adventure.sid	1	125	auto
MUSICIANS/B/Bayliss_Richard/BCC_11_Invitation.sid	1	125	auto
MUSICIANS/B/Bayliss_Richard/Back_2_the_90s.sid	1	124	auto
MUSICIANS/B/Bayliss_Richard/Back_2_the_Oldskool_C64_Mix.sid	1	151	auto
MUSICIANS/B/Bayliss_Richard/Back_to_Square_One.sid	1	124	auto
MUSICIANS/B/Bayliss_Richard/Bad_Day.sid	1	125	auto
MUSICIANS/B/Bayliss_Richard/Bad_Taste.sid	1	125	auto
MUSICIANS/B/Bayliss_Richard/Bah_Humbug.sid	1	125	auto
MUSICIANS/B/Bayliss_Richard/Bah_Humbug.sid	2	125	auto
MUSICIANS/B/Bayliss_Richard/Bah_Humbug.sid	3	75	auto
MUSICIANS/B/Bayliss_Richard/Bah_Humbug.sid	6	100	auto
MUSICIANS/B/Bayliss_Richard/Balloonacy.sid	1	125	auto
MUSICIANS/B/Bayliss_Richard/Balloonacy.sid	2	125	auto
MUSICIANS/B/Bayliss_Richard/Balloonacy.sid	3	150	auto
MUSICIANS/B/Bayliss_Richard/Balloonacy.sid	7	125	auto
MUSICIANS/B/Bayliss_Richard/Balloonacy_2.sid	1	125	auto
MUSICIANS/B/Bayliss_Richard/Balloonacy_2.sid	2	150	auto
MUSICIANS/B/Bayliss_Richard/Balloonacy_2.sid	4	124	auto
MUSICIANS/B/Bayliss_Richard/Balloonacy_V1_7_Intro.sid	1	125	auto
MUSICIANS/B/Bayliss_Richard/Baracuda.sid	1	125	auto
MUSICIANS/B/Bayliss_Richard/Basic_Inspiration.sid	1	125	auto
MUSICIANS/B/Bayliss_Richard/Beach_Bar_Game.sid	1	94	auto
MUSICIANS/B/Bayliss_Richard/Beat_Machine.sid	1	125	auto
MUSICIANS/B/Bayliss_Richard/Beaten_Around_the_Bush.sid	1	125	auto
MUSICIANS/B/Bayliss_Richard/Beer_Goggles.sid	1	125	auto
MUSICIANS/B/Bayliss_Richard/Beloved.sid	1	124	auto
MUSICIANS/B/Bayliss_Richard/Bergbert_III-The_Blue_Knight.sid	1	124	auto
MUSICIANS/B/Bayliss_Richard/Berzerk_Redux.sid	1	94	auto
MUSICIANS/B/Bayliss_Richard/Beyond_Shadows.sid	1	125	auto
MUSICIANS/B/Bayliss_Richard/Beyond_the_Stars.sid	1	124	auto
MUSICIANS/B/Bayliss_Richard/Biblet_Basher.sid	1	94	auto
MUSICIANS/B/Bayliss_Richard/Biblet_Dance.sid	1	124	auto
MUSICIANS/B/Bayliss_Richard/Big_Gun_Loader.sid	1	125	auto
MUSICIANS/B/Bayliss_Richard/Binary_Zone.sid	1	125	auto
MUSICIANS/B/Bayliss_Richard/Bionic_Granny_Remix.sid	1	125	auto
MUSICIANS/B/Bayliss_Richard/Bionik_Granny_Returns.sid	1	125	auto
MUSICIANS/B/Bayliss_Richard/Bionik_Granny_Returns.sid	2	124	auto
MUSICIANS/B/Bayliss_Richard/Bionik_Granny_Returns.sid	4	125	auto
MUSICIANS/B/Bayliss_Richard/Birthday_Trance.sid	1	125	auto
MUSICIANS/B/Bayliss_Richard/Bits_and_Bytes.sid	1	125	auto
MUSICIANS/B/Bayliss_Richard/Black_Hole_3D.sid	1	125	auto
MUSICIANS/B/Bayliss_Richard/Black_Hole_95.sid	1	125	auto
MUSICIANS/B/Bayliss_Richard/Blap_N_Bash.sid	1	125	auto
MUSICIANS/B/Bayliss_Richard/Blap_N_Bash.sid	2	124	auto
MUSICIANS/B/Bayliss_Richard/Blap_N_Bash.sid	3	150	auto
MUSICIANS/B/Bayliss_Richard/Blap_N_Bash.sid	7	150	auto
MUSICIANS/B/Bayliss_Richard/Blap_N_Bash.sid	8	125	auto
MUSICIANS/B/Bayliss_Richard/Blap_N_Bash.sid	9	150	auto
MUSICIANS/B/Bayliss_Richard/Blap_N_Bash_Revisited.sid	1	125	auto
MUSICIANS/B/Bayliss_Richard/Blap_N_Bash_Revisited.sid	6	150	auto
MUSICIANS/B/Bayliss_Richard/Blap_N_Bash_Revisited.sid	7	125	auto
MUSICIANS/B/Bayliss_Richard/Blap_N_Bash_Revisited.sid	8	150	auto
MUSICIANS/B/Bayliss_Richard/Blap_em_Out.sid	1	124	auto
MUSICIANS/B/Bayliss_Richard/Blap_tune_2.sid	1	124	auto
MUSICIANS/B/Bayliss_Richard/Blap_tune_3.sid	1	94	auto
MUSICIANS/B/Bayliss_Richard/Blast-A-Load.sid	1	125	auto
MUSICIANS/B/Bayliss_Richard/Blast_Fest_1.sid	1	125	auto
MUSICIANS/B/Bayliss_Richard/Blastopia.sid	1	150	auto
MUSICIANS/B/Bayliss_Richard/Blastopia.sid	2	150	auto
MUSICIANS/B/Bayliss_Richard/Blastopia.sid	3	151	auto
MUSICIANS/B/Bayliss_Richard/Blastopia.sid	4	150	auto
MUSICIANS/B/Bayliss_Richard/Blastopia_DX.sid	1	125	auto
MUSICIANS/B/Bayliss_Richard/Blastopia_DX.sid	2	150	auto
MUSICIANS/B/Bayliss_Richard/Blastopia_DX.sid	3	125	auto
MUSICIANS/B/Bayliss_Richard/Blaze-On.sid	1	124	auto
MUSICIANS/B/Bayliss_Richard/Blazon_Slideshow.sid	1	125	auto
MUSICIANS/B/Bayliss_Richard/Blazon_and_TND_Intro.sid	1	124	auto
MUSICIANS/B/Bayliss_Richard/Blitz-A-Load.sid	1	125	auto
MUSICIANS/B/Bayliss_Richard/Blobby_Waltz.sid	1	83	auto
MUSICIANS/B/Bayliss_Richard/Blood_Wheels.sid	1	125	auto
MUSICIANS/B/Bayliss_Richard/Blood_Wheels_v2.sid	1	125	auto
MUSICIANS/B/Bayliss_Richard/Blood_Wheels_v2.sid	2	124	auto
MUSICIANS/B/Bayliss_Richard/Blood_Wheels_v2.sid	5	125	auto
MUSICIANS/B/Bayliss_Richard/Blue_Donut.sid	1	124	auto
MUSICIANS/B/Bayliss_Richard/Blue_Monday_Mix.sid	1	125	auto
MUSICIANS/B/Bayliss_Richard/Blue_Sky_and_Sunshine.sid	1	125	auto
MUSICIANS/B/Bayliss_Richard/Boing.sid	1	124	auto
MUSICIANS/B/Bayliss_Richard/Boing.sid	3	125	auto
MUSICIANS/B/Bayliss_Richard/Boing_Away.sid	1	125	auto
MUSICIANS/B/Bayliss_Richard/Bomb_Chase.sid	1	124	auto
MUSICIANS/B/Bayliss_Richard/Bomb_Chase.sid	2	124	auto
MUSICIANS/B/Bayliss_Richard/Bomb_Chase_2007.sid	1	125	auto
MUSICIANS/B/Bayliss_Richard/Bomb_Chase_2007.sid	2	125	auto
MUSICIANS/B/Bayliss_Richard/Bomb_Chase_2009_Special_Edition.sid	1	125	auto
MUSICIANS/B/Bayliss_Richard/Bomb_Chase_2009_Special_Edition.sid	3	125	auto
MUSICIANS/B/Bayliss_Richard/Bomb_Chase_Revival.sid	1	125	auto
MUSICIANS/B/Bayliss_Richard/Bomb_Chase_Revival.sid	2	125	auto
MUSICIANS/B/Bayliss_Richard/Boom_Boom_Blam.sid	1	75	auto
MUSICIANS/B/Bayliss_Richard/Border_Blast.sid	1	125	auto
MUSICIANS/B/Bayliss_Richard/Border_Blast_3.sid	1	124	auto
MUSICIANS/B/Bayliss_Richard/Border_Blast_3_enhanced.sid	1	124	auto
MUSICIANS/B/Bayliss_Richard/Border_Blast_3_enhanced.sid	2	124	auto
MUSICIANS/B/Bayliss_Richard/Border_Blast_3_enhanced.sid	3	124	auto
MUSICIANS/B/Bayliss_Richard/Border_Blast_3_enhanced.sid	4	125	auto
MUSICIANS/B/Bayliss_Richard/Border_Blast_3_enhanced.sid	7	125	auto
MUSICIANS/B/Bayliss_Richard/Bottom.sid	1	125	auto
MUSICIANS/B/Bayliss_Richard/Brain_Smasher.sid	1	125	auto
MUSICIANS/B/Bayliss_Richard/Break_the_Raster.sid	1	125	auto
MUSICIANS/B/Bayliss_Richard/Breakaway.sid	1	125	auto
MUSICIANS/B/Bayliss_Richard/Breakdown.sid	1	124	auto
MUSICIANS/B/Bayliss_Richard/Breakfast.sid	1	125	auto
MUSICIANS/B/Bayliss_Richard/Bubble_Duck.sid	1	125	auto
MUSICIANS/B/Bayliss_Richard/Bubble_Duck.sid	2	125	auto
MUSICIANS/B/Bayliss_Richard/Bubbles_Intro.sid	1	150	auto
MUSICIANS/B/Bayliss_Richard/Buenzli_Demo_2007_end.sid	1	151	auto
MUSICIANS/B/Bayliss_Richard/Bug_Off_game_tune.sid	1	124	auto
MUSICIANS/B/Bayliss_Richard/Bum_Bottom_Bassline.sid	1	125	auto
MUSICIANS/B/Bayliss_Richard/Burger_Mayhem.sid	1	125	auto
MUSICIANS/B/Bayliss_Richard/Burn_Out.sid	1	125	auto
MUSICIANS/B/Bayliss_Richard/Butt_Jumper_2_Intro.sid	1	107	auto
MUSICIANS/B/Bayliss_Richard/C_A_T_S_Title_Music.sid	1	125	auto
MUSICIANS/B/Bayliss_Richard/Can_You_Tell_Me.sid	1	124	auto
MUSICIANS/B/Bayliss_Richard/Cans_of_Lager.sid	1	94	auto
MUSICIANS/B/Bayliss_Richard/Canyon_Tank_Duel.sid	1	125	auto
MUSICIANS/B/Bayliss_Richard/Canyon_Tank_Duel.sid	2	125	auto
MUSICIANS/B/Bayliss_Richard/Captain_Ishtar.sid	1	124	auto
MUSICIANS/B/Bayliss_Richard/Captain_Ishtar.sid	3	125	auto
MUSICIANS/B/Bayliss_Richard/Captain_Ishtar.sid	4	124	auto
MUSICIANS/B/Bayliss_Richard/Captain_Ishtar.sid	7	125	auto
MUSICIANS/B/Bayliss_Richard/Captain_Ishtar.sid	8	124	auto
MUSICIANS/B/Bayliss_Richard/Captain_Ishtar.sid	9	125	auto
MUSICIANS/B/Bayliss_Richard/Captain_Ishtar.sid	10	125	auto
MUSICIANS/B/Bayliss_Richard/Captain_Ishtar_Begins.sid	1	125	auto
MUSICIANS/B/Bayliss_Richard/Capture_2.sid	1	125	auto
MUSICIANS/B/Bayliss_Richard/Capture_2.sid	2	124	auto
MUSICIANS/B/Bayliss_Richard/Carribean_Trip.sid	1	107	auto
MUSICIANS/B/Bayliss_Richard/Cats_Can_Fly.sid	1	124	auto
MUSICIANS/B/Bayliss_Richard/Cauldron.sid	1	94	auto
MUSICIANS/B/Bayliss_Richard/Celebratory_Drink.sid	1	125	auto
MUSICIANS/B/Bayliss_Richard/Celebratory_Drink.sid	2	125	auto
MUSICIANS/B/Bayliss_Richard/Ceti_22.sid	1	125	auto
MUSICIANS/B/Bayliss_Richard/Ceti_22.sid	4	125	auto
MUSICIANS/B/Bayliss_Richard/Childs_Play.sid	1	125	auto
MUSICIANS/B/Bayliss_Richard/Christmas_Cheer.sid	1	124	auto
MUSICIANS/B/Bayliss_Richard/Chubby_Chubby_SID_Chip.sid	1	125	auto
MUSICIANS/B/Bayliss_Richard/Cipher_Patrol_2-The_Pure_Sword.sid	1	124	auto
MUSICIANS/B/Bayliss_Richard/Cipher_Patrol_2-The_Pure_Sword.sid	2	94	auto
MUSICIANS/B/Bayliss_Richard/Citadel_II-Title_Remix.sid	1	124	auto
MUSICIANS/B/Bayliss_Richard/Citadel_II.sid	1	125	auto
MUSICIANS/B/Bayliss_Richard/City_Crisis_2.sid	1	125	auto
MUSICIANS/B/Bayliss_Richard/City_Lights.sid	1	125	auto
MUSICIANS/B/Bayliss_Richard/Civitas_Intro_Tune.sid	1	125	auto
MUSICIANS/B/Bayliss_Richard/Civitas_Intro_Tune_2x.sid	1	137	auto
MUSICIANS/B/Bayliss_Richard/Club_70_Remake.sid	1	125	auto
MUSICIANS/B/Bayliss_Richard/Clubbing_at_Hotel_64.sid	1	124	auto
MUSICIANS/B/Bayliss_Richard/Cola_and_Ice.sid	1	125	auto
MUSICIANS/B/Bayliss_Richard/Cold.sid	1	125	auto
MUSICIANS/B/Bayliss_Richard/Coloured.sid	1	125	auto
MUSICIANS/B/Bayliss_Richard/Coloured_2.sid	1	125	auto
MUSICIANS/B/Bayliss_Richard/Coloured_3.sid	1	125	auto
MUSICIANS/B/Bayliss_Richard/Coloured_Deluxe.sid	1	125	auto
MUSICIANS/B/Bayliss_Richard/Come_to_Me.sid	1	125	auto
MUSICIANS/B/Bayliss_Richard/Comic.sid	1	125	auto
MUSICIANS/B/Bayliss_Richard/Commodore_Scene_Issue_24.sid	1	125	auto
MUSICIANS/B/Bayliss_Richard/Common_Vision.sid	1	124	auto
MUSICIANS/B/Bayliss_Richard/Concrete_Ball.sid	1	124	auto
MUSICIANS/B/Bayliss_Richard/Concrete_Ball_Redux.sid	1	124	auto
MUSICIANS/B/Bayliss_Richard/Confused_Again.sid	1	124	auto
MUSICIANS/B/Bayliss_Richard/Contradiction.sid	1	123	auto
MUSICIANS/B/Bayliss_Richard/Cooksey_2009.sid	1	125	auto
MUSICIANS/B/Bayliss_Richard/Coop_Spritetro.sid	1	125	auto
MUSICIANS/B/Bayliss_Richard/Cosmic_Combat.sid	1	125	auto
MUSICIANS/B/Bayliss_Richard/Cosmic_Combat_DX.sid	1	124	auto
MUSICIANS/B/Bayliss_Richard/Cosmic_Combat_DX.sid	3	125	auto
MUSICIANS/B/Bayliss_Richard/Cosmic_Combat_DX_V1_2_Zzapped.sid	1	124	auto
MUSICIANS/B/Bayliss_Richard/Courage_for_Life.sid	1	125	auto
MUSICIANS/B/Bayliss_Richard/Cowboy_Duel.sid	1	124	auto
MUSICIANS/B/Bayliss_Richard/Cowboy_Duel.sid	2	124	auto
MUSICIANS/B/Bayliss_Richard/Cowboy_Duel.sid	3	125	auto
MUSICIANS/B/Bayliss_Richard/Cracker-Tronic.sid	1	125	auto
MUSICIANS/B/Bayliss_Richard/Craptastic.sid	1	125	auto
MUSICIANS/B/Bayliss_Richard/Crash_Barrier.sid	1	125	auto
MUSICIANS/B/Bayliss_Richard/Creatures_Style.sid	1	125	auto
MUSICIANS/B/Bayliss_Richard/Crime_and_Justice.sid	1	125	auto
MUSICIANS/B/Bayliss_Richard/Cronosoft_loader.sid	1	125	auto
MUSICIANS/B/Bayliss_Richard/Cruiser-X_79.sid	1	125	auto
MUSICIANS/B/Bayliss_Richard/Cruiser-X_79.sid	2	150	auto
MUSICIANS/B/Bayliss_Richard/Cruiser-X_79.sid	8	125	auto
MUSICIANS/B/Bayliss_Richard/Cruiser-X_79.sid	11	151	auto
MUSICIANS/B/Bayliss_Richard/Cruiser-X_79.sid	14	125	auto
MUSICIANS/B/Bayliss_Richard/Cruiser-X_79.sid	17	150	auto
MUSICIANS/B/Bayliss_Richard/Cruiser-X_79.sid	20	125	auto
MUSICIANS/B/Bayliss_Richard/Cruiser-X_79.sid	23	150	auto
MUSICIANS/B/Bayliss_Richard/Cruiser-X_79.sid	26	151	auto
MUSICIANS/B/Bayliss_Richard/Cruiser-X_79.sid	32	151	auto
MUSICIANS/B/Bayliss_Richard/Cruiser-X_79.sid	35	124	auto
MUSICIANS/B/Bayliss_Richard/Cruiser-X_79.sid	38	124	auto
MUSICIANS/B/Bayliss_Richard/Cruiser-X_79.sid	39	124	auto
MUSICIANS/B/Bayliss_Richard/Cruiser-X_79_Game_Tune_2.sid	1	125	auto
MUSICIANS/B/Bayliss_Richard/Cruiser-X_79_Game_Tune_4.sid	1	124	auto
MUSICIANS/B/Bayliss_Richard/Cruiser-X_79_Level_5.sid	1	151	auto
MUSICIANS/B/Bayliss_Richard/Cruiser-X_79_preview.sid	1	125	auto
MUSICIANS/B/Bayliss_Richard/Cruiser-X_79_preview_2.sid	1	151	auto
MUSICIANS/B/Bayliss_Richard/Cruiser_X-79.sid	1	124	auto
MUSICIANS/B/Bayliss_Richard/Cruiser_X-79_Game.sid	1	125	auto
MUSICIANS/B/Bayliss_Richard/Crunch_it.sid	1	125	auto
MUSICIANS/B/Bayliss_Richard/Cruncher_Fails.sid	1	123	auto
MUSICIANS/B/Bayliss_Richard/Crycitas_part_1.sid	1	94	auto
MUSICIANS/B/Bayliss_Richard/Cute_Music.sid	1	125	auto
MUSICIANS/B/Bayliss_Richard/Cuteness_of_Various_Things.sid	1	125	auto
MUSICIANS/B/Bayliss_Richard/Cutesey_Funk.sid	1	124	auto
MUSICIANS/B/Bayliss_Richard/Cutesey_Song.sid	1	125	auto
MUSICIANS/B/Bayliss_Richard/Cyberspace_Block.sid	1	124	auto
MUSICIANS/B/Bayliss_Richard/Cytron_2.sid	1	125	auto
MUSICIANS/B/Bayliss_Richard/D-Fuse.sid	1	125	auto
MUSICIANS/B/Bayliss_Richard/D-Fuse.sid	2	125	auto
MUSICIANS/B/Bayliss_Richard/D-Fuse.sid	3	125	auto
MUSICIANS/B/Bayliss_Richard/DEC_D418.sid	1	125	auto
MUSICIANS/B/Bayliss_Richard/DMC_Collection_3_intro.sid	1	150	auto
MUSICIANS/B/Bayliss_Richard/DMC_V4_0_Collection_note.sid	1	125	auto
MUSICIANS/B/Bayliss_Richard/Dairy_Ice_Cream.sid	1	125	auto
MUSICIANS/B/Bayliss_Richard/Dance-A-Load_V3.sid	1	124	auto
MUSICIANS/B/Bayliss_Richard/Dance-A-Load_V3_2.sid	1	124	auto
MUSICIANS/B/Bayliss_Richard/Dance-A-Load_V3_MS_Remix.sid	1	124	auto
MUSICIANS/B/Bayliss_Richard/Dance-A-Load_V5.sid	1	150	auto
MUSICIANS/B/Bayliss_Richard/Dance_2_This.sid	1	125	auto
MUSICIANS/B/Bayliss_Richard/Dance_Nation.sid	1	125	auto
MUSICIANS/B/Bayliss_Richard/Dance_Nation_V2.sid	1	123	auto
MUSICIANS/B/Bayliss_Richard/Dance_and_Dance.sid	1	150	auto
MUSICIANS/B/Bayliss_Richard/Dancing_Dog.sid	1	150	auto
MUSICIANS/B/Bayliss_Richard/Dancing_Santa.sid	1	125	auto
MUSICIANS/B/Bayliss_Richard/Dancing_the_Beat.sid	1	125	auto
MUSICIANS/B/Bayliss_Richard/Dantalion.sid	1	125	auto
MUSICIANS/B/Bayliss_Richard/Dantalion.sid	2	125	auto
MUSICIANS/B/Bayliss_Richard/Dark_Destroyer_2117.sid	1	124	auto
MUSICIANS/B/Bayliss_Richard/Dark_Destroyer_2117.sid	2	124	auto
MUSICIANS/B/Bayliss_Richard/Dark_Destroyer_2117.sid	3	124	auto
MUSICIANS/B/Bayliss_Richard/Dark_Force.sid	1	125	auto
MUSICIANS/B/Bayliss_Richard/Dark_Force.sid	2	125	auto
MUSICIANS/B/Bayliss_Richard/Dark_Force.sid	5	124	auto
MUSICIANS/B/Bayliss_Richard/Dark_Minds_Within.sid	1	124	auto
MUSICIANS/B/Bayliss_Richard/Darkland.sid	1	125	auto
MUSICIANS/B/Bayliss_Richard/Darkland_2.sid	3	125	auto
MUSICIANS/B/Bayliss_Richard/Death_Rage_Metal.sid	1	150	auto
MUSICIANS/B/Bayliss_Richard/Death_Saw_Challenge.sid	2	125	auto
MUSICIANS/B/Bayliss_Richard/Death_Technology.sid	1	125	auto
MUSICIANS/B/Bayliss_Richard/Death_to_Secret_Man.sid	1	125	auto
MUSICIANS/B/Bayliss_Richard/Deathflood_2-Curse_of_Oak_Island.sid	1	124	auto
MUSICIANS/B/Bayliss_Richard/Deathflood_2-Curse_of_Oak_Island.sid	5	125	auto
MUSICIANS/B/Bayliss_Richard/Deck_the_Drum_n_Bass.sid	1	75	auto
MUSICIANS/B/Bayliss_Richard/Deep_Doo-Doo.sid	1	150	auto
MUSICIANS/B/Bayliss_Richard/Deep_Sea_Salvage_2.sid	2	150	auto
MUSICIANS/B/Bayliss_Richard/Deep_Space.sid	1	125	auto
MUSICIANS/B/Bayliss_Richard/Defcom_Red.sid	1	125	auto
MUSICIANS/B/Bayliss_Richard/Deff-ender.sid	1	150	auto
MUSICIANS/B/Bayliss_Richard/Definitely_Not_Future_Composer.sid	1	125	auto
MUSICIANS/B/Bayliss_Richard/Defuzion_1.sid	1	124	auto
MUSICIANS/B/Bayliss_Richard/Defuzion_1.sid	2	125	auto
MUSICIANS/B/Bayliss_Richard/Defuzion_1.sid	3	125	auto
MUSICIANS/B/Bayliss_Richard/Defuzion_2.sid	1	124	auto
MUSICIANS/B/Bayliss_Richard/Defuzion_2.sid	2	125	auto
MUSICIANS/B/Bayliss_Richard/Defuzion_2.sid	3	125	auto
MUSICIANS/B/Bayliss_Richard/Defuzion_2_Mega_Mix.sid	1	125	auto
MUSICIANS/B/Bayliss_Richard/Defuzion_3.sid	1	125	auto
MUSICIANS/B/Bayliss_Richard/Defuzion_3.sid	2	125	auto
MUSICIANS/B/Bayliss_Richard/Defuzion_3.sid	3	125	auto
MUSICIANS/B/Bayliss_Richard/Defuzion_3_preview.sid	1	124	auto
MUSICIANS/B/Bayliss_Richard/Defuzion_loader.sid	1	125	auto
MUSICIANS/B/Bayliss_Richard/Deliverance_Dance_Mix.sid	1	124	auto
MUSICIANS/B/Bayliss_Richard/Delta_Run.sid	1	125	auto
MUSICIANS/B/Bayliss_Richard/Delta_Run_Redux.sid	1	125	auto
MUSICIANS/B/Bayliss_Richard/Delta_Run_Redux.sid	3	125	auto
MUSICIANS/B/Bayliss_Richard/Demotivation.sid	1	124	auto
MUSICIANS/B/Bayliss_Richard/Depressed.sid	1	94	auto
MUSICIANS/B/Bayliss_Richard/Destiny.sid	1	125	auto
MUSICIANS/B/Bayliss_Richard/Destruction_of_War.sid	1	125	auto
MUSICIANS/B/Bayliss_Richard/Devolution.sid	1	125	auto
MUSICIANS/B/Bayliss_Richard/Devolution.sid	2	124	auto
MUSICIANS/B/Bayliss_Richard/Diamond_Geezer.sid	1	124	auto
MUSICIANS/B/Bayliss_Richard/Dilligent.sid	1	107	auto
MUSICIANS/B/Bayliss_Richard/Dinosaur_Disco.sid	1	125	auto
MUSICIANS/B/Bayliss_Richard/Disco_Dream.sid	1	125	auto
MUSICIANS/B/Bayliss_Richard/Disco_Zax.sid	1	125	auto
MUSICIANS/B/Bayliss_Richard/Disco_from_Venus.sid	1	125	auto
MUSICIANS/B/Bayliss_Richard/Disco_on_Your_C64.sid	1	124	auto
MUSICIANS/B/Bayliss_Richard/Disconnected.sid	1	125	auto
MUSICIANS/B/Bayliss_Richard/Discovery_Trip.sid	1	124	auto
MUSICIANS/B/Bayliss_Richard/Disko_Time.sid	1	125	auto
MUSICIANS/B/Bayliss_Richard/Division_by_Zero.sid	1	124	auto
MUSICIANS/B/Bayliss_Richard/Dodos_Deep_Doo-Doo.sid	1	125	auto
MUSICIANS/B/Bayliss_Richard/Dodos_Deep_Doo-Doo.sid	2	125	auto
MUSICIANS/B/Bayliss_Richard/Dodos_Deep_Doo-Doo.sid	5	124	auto
MUSICIANS/B/Bayliss_Richard/Dogstar.sid	1	125	auto
MUSICIANS/B/Bayliss_Richard/Domination.sid	1	125	auto
MUSICIANS/B/Bayliss_Richard/Dont_Go_Kicking_My_Dog.sid	1	125	auto
MUSICIANS/B/Bayliss_Richard/Dont_Stop_Believing.sid	1	124	auto
MUSICIANS/B/Bayliss_Richard/Doom_Machine.sid	1	124	auto
MUSICIANS/B/Bayliss_Richard/Doom_Mine_Adventure.sid	1	125	auto
MUSICIANS/B/Bayliss_Richard/Doomed_Planet.sid	1	125	auto
MUSICIANS/B/Bayliss_Richard/Double-Trouble.sid	1	125	auto
MUSICIANS/B/Bayliss_Richard/Double_or_Nothing.sid	1	125	auto
MUSICIANS/B/Bayliss_Richard/Down_Hill_Ski.sid	1	124	auto
MUSICIANS/B/Bayliss_Richard/Down_Hill_Ski.sid	2	124	auto
MUSICIANS/B/Bayliss_Richard/Dream_World.sid	1	125	auto
MUSICIANS/B/Bayliss_Richard/Dreaming_Beneath_the_Sky.sid	1	150	auto
MUSICIANS/B/Bayliss_Richard/Dreaming_City_1000.sid	1	125	auto
MUSICIANS/B/Bayliss_Richard/Dreams_1.sid	1	125	auto
MUSICIANS/B/Bayliss_Richard/Dreamworld.sid	1	125	auto
MUSICIANS/B/Bayliss_Richard/Drinking_Bud_Light.sid	1	125	auto
MUSICIANS/B/Bayliss_Richard/Droid_Rumble.sid	1	151	auto
MUSICIANS/B/Bayliss_Richard/Droid_Rumble_RX.sid	1	151	auto
MUSICIANS/B/Bayliss_Richard/Droid_Rumble_RX.sid	2	151	auto
MUSICIANS/B/Bayliss_Richard/Drop_Down.sid	1	125	auto
MUSICIANS/B/Bayliss_Richard/Drunk_Rudolph.sid	1	111	auto
MUSICIANS/B/Bayliss_Richard/Dull_Winter.sid	1	125	auto
MUSICIANS/B/Bayliss_Richard/Duo_Tanx.sid	1	125	auto
MUSICIANS/B/Bayliss_Richard/Duo_Tanx.sid	2	125	auto
MUSICIANS/B/Bayliss_Richard/Dynabytes.sid	1	124	auto
MUSICIANS/B/Bayliss_Richard/Dynamite_Is_Tonight.sid	1	124	auto
MUSICIANS/B/Bayliss_Richard/E-Quake_tune_1.sid	1	125	auto
MUSICIANS/B/Bayliss_Richard/E-Quake_tune_2.sid	1	124	auto
MUSICIANS/B/Bayliss_Richard/E_C_A_Compacting.sid	1	124	auto
MUSICIANS/B/Bayliss_Richard/Earth_Super_Force.sid	1	125	auto
MUSICIANS/B/Bayliss_Richard/Eat_My_Worms.sid	1	151	auto
MUSICIANS/B/Bayliss_Richard/Eat_Yer_Pants.sid	1	124	auto
MUSICIANS/B/Bayliss_Richard/Echoed_Minds.sid	1	125	auto
MUSICIANS/B/Bayliss_Richard/Echos_of_Minds.sid	1	125	auto
MUSICIANS/B/Bayliss_Richard/Ecuador.sid	1	125	auto
MUSICIANS/B/Bayliss_Richard/Edge_of_Space.sid	1	124	auto
MUSICIANS/B/Bayliss_Richard/Edge_of_the_Universe.sid	1	124	auto
MUSICIANS/B/Bayliss_Richard/Egg_Catcher.sid	1	125	auto
MUSICIANS/B/Bayliss_Richard/Egg_Catcher.sid	2	123	auto
MUSICIANS/B/Bayliss_Richard/Egg_Catcher.sid	3	83	auto
MUSICIANS/B/Bayliss_Richard/Egg_Catcher.sid	4	125	auto
MUSICIANS/B/Bayliss_Richard/Egg_Catcher_Title_Remix.sid	1	125	auto
MUSICIANS/B/Bayliss_Richard/Egyptian_Metal.sid	1	125	auto
MUSICIANS/B/Bayliss_Richard/El_Chef.sid	1	125	auto
MUSICIANS/B/Bayliss_Richard/El_Chef.sid	2	151	auto
MUSICIANS/B/Bayliss_Richard/Electric_Warrior.sid	1	150	auto
MUSICIANS/B/Bayliss_Richard/Electro-Pulse.sid	1	124	auto
MUSICIANS/B/Bayliss_Richard/Electro-Pulse_v2.sid	1	125	auto
MUSICIANS/B/Bayliss_Richard/Electronika.sid	1	125	auto
MUSICIANS/B/Bayliss_Richard/Eligible_for_Termination.sid	1	125	auto
MUSICIANS/B/Bayliss_Richard/Elvira_3.sid	1	93	auto
MUSICIANS/B/Bayliss_Richard/Emotions_from_Heaven.sid	1	124	auto
MUSICIANS/B/Bayliss_Richard/Emotions_from_Heaven_V2.sid	1	125	auto
MUSICIANS/B/Bayliss_Richard/Enigmatic_Wave.sid	1	125	auto
MUSICIANS/B/Bayliss_Richard/Enter_the_Ninja.sid	1	125	auto
MUSICIANS/B/Bayliss_Richard/Escape_from_Metropolis.sid	1	125	auto
MUSICIANS/B/Bayliss_Richard/Escape_from_Stank.sid	1	124	auto
MUSICIANS/B/Bayliss_Richard/Euro_Beats_2_Intro.sid	1	124	auto
MUSICIANS/B/Bayliss_Richard/Eurobeat.sid	1	124	auto
MUSICIANS/B/Bayliss_Richard/Eurodisco_Stuff.sid	1	125	auto
MUSICIANS/B/Bayliss_Richard/Everlasting_Annoyance.sid	1	125	auto
MUSICIANS/B/Bayliss_Richard/Evil_Techno.sid	1	125	auto
MUSICIANS/B/Bayliss_Richard/Execution.sid	1	150	auto
MUSICIANS/B/Bayliss_Richard/Explosive_Action.sid	1	124	auto
MUSICIANS/B/Bayliss_Richard/Expression.sid	1	124	auto
MUSICIANS/B/Bayliss_Richard/Extreme_Demo_Maker.sid	1	125	auto
MUSICIANS/B/Bayliss_Richard/Extreme_Force.sid	1	125	auto
MUSICIANS/B/Bayliss_Richard/Extreme_Force.sid	2	124	auto
MUSICIANS/B/Bayliss_Richard/Extreme_Force.sid	4	125	auto
MUSICIANS/B/Bayliss_Richard/Extreme_Force.sid	5	125	auto
MUSICIANS/B/Bayliss_Richard/Extreme_Panic_Attack.sid	1	124	auto
MUSICIANS/B/Bayliss_Richard/Eye_of_the_Gods.sid	1	124	auto
MUSICIANS/B/Bayliss_Richard/Eyes_of_a_Stranger.sid	1	125	auto
MUSICIANS/B/Bayliss_Richard/F-Clash_64.sid	1	125	auto
MUSICIANS/B/Bayliss_Richard/FC_Funk.sid	1	125	auto
MUSICIANS/B/Bayliss_Richard/Fantasy_Nightmare.sid	1	125	auto
MUSICIANS/B/Bayliss_Richard/Farting_Song.sid	1	150	auto
MUSICIANS/B/Bayliss_Richard/Fast_Rock.sid	1	94	auto
MUSICIANS/B/Bayliss_Richard/Feekzoid_Tribute.sid	1	125	auto
MUSICIANS/B/Bayliss_Richard/Feel_Great.sid	1	125	auto
MUSICIANS/B/Bayliss_Richard/Feel_the_Power.sid	1	125	auto
MUSICIANS/B/Bayliss_Richard/Ferris_Demo.sid	1	125	auto
MUSICIANS/B/Bayliss_Richard/Fiddly_Fish.sid	1	125	auto
MUSICIANS/B/Bayliss_Richard/Fields_of_Dreams.sid	1	125	auto
MUSICIANS/B/Bayliss_Richard/Filtertech.sid	1	125	auto
MUSICIANS/B/Bayliss_Richard/Final_Attack_Intro.sid	1	125	auto
MUSICIANS/B/Bayliss_Richard/Fire_of_Life.sid	1	125	auto
MUSICIANS/B/Bayliss_Richard/Flash_Fade.sid	1	124	auto
MUSICIANS/B/Bayliss_Richard/Flash_Light.sid	1	124	auto
MUSICIANS/B/Bayliss_Richard/Flat_Beat.sid	1	125	auto
MUSICIANS/B/Bayliss_Richard/Flax.sid	1	124	auto
MUSICIANS/B/Bayliss_Richard/Flim_Flam-Bonus_Stage-Dance.sid	1	125	auto
MUSICIANS/B/Bayliss_Richard/Flim_Flam-Meets_the_Evil_Rule.sid	1	125	auto
MUSICIANS/B/Bayliss_Richard/Flip_Tape_and_Rewind.sid	1	125	auto
MUSICIANS/B/Bayliss_Richard/Flip_the_Flop.sid	1	125	auto
MUSICIANS/B/Bayliss_Richard/Floating_in_8_bit_Heaven.sid	1	125	auto
MUSICIANS/B/Bayliss_Richard/Flubble_and_Squij.sid	1	124	auto
MUSICIANS/B/Bayliss_Richard/Flubble_and_Squij.sid	2	125	auto
MUSICIANS/B/Bayliss_Richard/Flubble_and_Squij.sid	4	125	auto
MUSICIANS/B/Bayliss_Richard/Flubble_and_Squij.sid	5	125	auto
MUSICIANS/B/Bayliss_Richard/Fluff.sid	1	125	auto
MUSICIANS/B/Bayliss_Richard/Fluffy_Dog_Dance.sid	1	125	auto
MUSICIANS/B/Bayliss_Richard/Flying_Cobra_RX.sid	4	124	auto
MUSICIANS/B/Bayliss_Richard/Flying_Cobra_Special_Edition.sid	1	125	auto
MUSICIANS/B/Bayliss_Richard/Flying_So_High.sid	1	125	auto
MUSICIANS/B/Bayliss_Richard/Fold_em.sid	1	112	auto
MUSICIANS/B/Bayliss_Richard/Follow_On.sid	1	124	auto
MUSICIANS/B/Bayliss_Richard/Follow_That_Storm.sid	1	124	auto
MUSICIANS/B/Bayliss_Richard/Follow_Your_Dream.sid	1	125	auto
MUSICIANS/B/Bayliss_Richard/For_Hokuto_Force.sid	1	124	auto
MUSICIANS/B/Bayliss_Richard/For_Role.sid	1	125	auto
MUSICIANS/B/Bayliss_Richard/For_Speed_We_Need_3.sid	1	125	auto
MUSICIANS/B/Bayliss_Richard/For_Speed_We_Need_3.sid	2	125	auto
MUSICIANS/B/Bayliss_Richard/For_Speed_We_Need_3.sid	3	125	auto
MUSICIANS/B/Bayliss_Richard/For_Speed_We_Need_V2.sid	1	125	auto
MUSICIANS/B/Bayliss_Richard/For_Speed_We_Need_V2.sid	2	125	auto
MUSICIANS/B/Bayliss_Richard/For_Speed_We_Need_V2_note.sid	1	125	auto
MUSICIANS/B/Bayliss_Richard/Forbidden_Love.sid	1	125	auto
MUSICIANS/B/Bayliss_Richard/Forceful_Ninja.sid	1	125	auto
MUSICIANS/B/Bayliss_Richard/Forever_Ever.sid	1	125	auto
MUSICIANS/B/Bayliss_Richard/Forever_Extending_Snake.sid	1	125	auto
MUSICIANS/B/Bayliss_Richard/Forever_Extending_Snake.sid	2	124	auto
MUSICIANS/B/Bayliss_Richard/Forgotten_Forest_2.sid	1	125	auto
MUSICIANS/B/Bayliss_Richard/Forgotten_Forest_v2.sid	1	125	auto
MUSICIANS/B/Bayliss_Richard/Forgotten_Forest_v2.sid	2	125	auto
MUSICIANS/B/Bayliss_Richard/Fosters.sid	1	125	auto
MUSICIANS/B/Bayliss_Richard/Fosters_v2.sid	1	125	auto
MUSICIANS/B/Bayliss_Richard/Freespace_2075.sid	1	125	auto
MUSICIANS/B/Bayliss_Richard/Freespace_2075.sid	2	124	auto
MUSICIANS/B/Bayliss_Richard/Freespace_2075.sid	3	124	auto
MUSICIANS/B/Bayliss_Richard/Friendship.sid	1	125	auto
MUSICIANS/B/Bayliss_Richard/Friendship_2001.sid	1	125	auto
MUSICIANS/B/Bayliss_Richard/Friendship_Designs_Intro.sid	1	125	auto
MUSICIANS/B/Bayliss_Richard/Frisbee.sid	1	125	auto
MUSICIANS/B/Bayliss_Richard/Froggy_Goes_Splat.sid	1	124	auto
MUSICIANS/B/Bayliss_Richard/Frontier.sid	1	124	auto
MUSICIANS/B/Bayliss_Richard/Frontpage_18_Remix.sid	1	125	auto
MUSICIANS/B/Bayliss_Richard/Fruit_Fighters_preview.sid	1	124	auto
MUSICIANS/B/Bayliss_Richard/Fulgur.sid	2	151	auto
MUSICIANS/B/Bayliss_Richard/Full_of_Life.sid	1	126	auto
MUSICIANS/B/Bayliss_Richard/Fun_Day_Sunday.sid	1	125	auto
MUSICIANS/B/Bayliss_Richard/Fun_at_the_Fair.sid	1	125	auto
MUSICIANS/B/Bayliss_Richard/Funky_City_Central.sid	1	125	auto
MUSICIANS/B/Bayliss_Richard/Funky_Disco.sid	1	124	auto
MUSICIANS/B/Bayliss_Richard/Funky_Juice.sid	1	125	auto
MUSICIANS/B/Bayliss_Richard/Funky_Music_01.sid	1	125	auto
MUSICIANS/B/Bayliss_Richard/Future_Blast.sid	1	125	auto
MUSICIANS/B/Bayliss_Richard/Future_Zone.sid	1	125	auto
MUSICIANS/B/Bayliss_Richard/Fyre.sid	1	124	auto
MUSICIANS/B/Bayliss_Richard/G-Zone.sid	1	124	auto
MUSICIANS/B/Bayliss_Richard/GCS_Crypt_part_2.sid	1	124	auto
MUSICIANS/B/Bayliss_Richard/GCS_Crypt_part_4.sid	1	125	auto
MUSICIANS/B/Bayliss_Richard/Galactic_Space_Mission.sid	1	124	auto
MUSICIANS/B/Bayliss_Richard/Galaxo_Blast.sid	1	125	auto
MUSICIANS/B/Bayliss_Richard/Gale_Force.sid	1	125	auto
MUSICIANS/B/Bayliss_Richard/Gall_Blazer.sid	1	125	auto
MUSICIANS/B/Bayliss_Richard/Galway_Style.sid	1	125	auto
MUSICIANS/B/Bayliss_Richard/Gangnam_64-Style.sid	1	150	auto
MUSICIANS/B/Bayliss_Richard/Gateway.sid	1	125	auto
MUSICIANS/B/Bayliss_Richard/Get_It_Right.sid	1	125	auto
MUSICIANS/B/Bayliss_Richard/Getdabomz.sid	1	125	auto
MUSICIANS/B/Bayliss_Richard/Ghost_Ship_preview.sid	1	125	auto
MUSICIANS/B/Bayliss_Richard/Gift_Craze.sid	1	125	auto
MUSICIANS/B/Bayliss_Richard/Gift_Craze_v1.sid	1	124	auto
MUSICIANS/B/Bayliss_Richard/Gigablast.sid	1	125	auto
MUSICIANS/B/Bayliss_Richard/Gigablast_Gold.sid	1	124	auto
MUSICIANS/B/Bayliss_Richard/Gigablast_Gold.sid	2	125	auto
MUSICIANS/B/Bayliss_Richard/Gigablast_v2.sid	2	124	auto
MUSICIANS/B/Bayliss_Richard/Glide_Away.sid	1	150	auto
MUSICIANS/B/Bayliss_Richard/Gliding_Beat.sid	1	125	auto
MUSICIANS/B/Bayliss_Richard/Glory_Kingdom.sid	1	125	auto
MUSICIANS/B/Bayliss_Richard/Gnom.sid	1	125	auto
MUSICIANS/B/Bayliss_Richard/Gold_Quest_2.sid	1	124	auto
MUSICIANS/B/Bayliss_Richard/Gold_Quest_2.sid	2	125	auto
MUSICIANS/B/Bayliss_Richard/Gold_Quest_3.sid	1	125	auto
MUSICIANS/B/Bayliss_Richard/Gold_Quest_4.sid	1	125	auto
MUSICIANS/B/Bayliss_Richard/Gold_Quest_4.sid	2	125	auto
MUSICIANS/B/Bayliss_Richard/Gold_Quest_5.sid	4	125	auto
MUSICIANS/B/Bayliss_Richard/Gold_Quest_6.sid	1	125	auto
MUSICIANS/B/Bayliss_Richard/Gold_Quest_6.sid	2	125	auto
MUSICIANS/B/Bayliss_Richard/Gold_Quest_6.sid	3	124	auto
MUSICIANS/B/Bayliss_Richard/Grannys_Teeth-2020_Edition.sid	1	151	auto
MUSICIANS/B/Bayliss_Richard/Grannys_Teeth-2020_Edition.sid	2	125	auto
MUSICIANS/B/Bayliss_Richard/Grannys_Teeth-2020_Edition.sid	3	150	auto
MUSICIANS/B/Bayliss_Richard/Grannys_Teeth-2020_Edition.sid	6	124	auto
MUSICIANS/B/Bayliss_Richard/Grannys_Teeth_Intro.sid	1	124	auto
MUSICIANS/B/Bayliss_Richard/Grannys_Teeth_post_compo_version.sid	1	150	auto
MUSICIANS/B/Bayliss_Richard/Gravity_1.sid	1	125	auto
MUSICIANS/B/Bayliss_Richard/Gravity_1.sid	2	125	auto
MUSICIANS/B/Bayliss_Richard/Gravity_2.sid	2	125	auto
MUSICIANS/B/Bayliss_Richard/Gray_Ending.sid	1	125	auto
MUSICIANS/B/Bayliss_Richard/Gray_Ninja.sid	1	125	auto
MUSICIANS/B/Bayliss_Richard/Gray_Style.sid	1	125	auto
MUSICIANS/B/Bayliss_Richard/Gray_to_Gray.sid	1	125	auto
MUSICIANS/B/Bayliss_Richard/Grayhawk.sid	1	125	auto
MUSICIANS/B/Bayliss_Richard/Grayhawk.sid	4	125	auto
MUSICIANS/B/Bayliss_Richard/Great_Escape_V2.sid	1	150	auto
MUSICIANS/B/Bayliss_Richard/Great_Giana_Sisters_Castle_Remix.sid	1	125	auto
MUSICIANS/B/Bayliss_Richard/Grid_Zone.sid	1	125	auto
MUSICIANS/B/Bayliss_Richard/Grid_Zone.sid	2	125	auto
MUSICIANS/B/Bayliss_Richard/Grid_Zone_Remix.sid	1	125	auto
MUSICIANS/B/Bayliss_Richard/Grid_Zone_Remix.sid	3	125	auto
MUSICIANS/B/Bayliss_Richard/Grid_Zone_Remix_loader.sid	1	125	auto
MUSICIANS/B/Bayliss_Richard/Gridlock.sid	1	124	auto
MUSICIANS/B/Bayliss_Richard/Groove_to_the_Intro.sid	1	125	auto
MUSICIANS/B/Bayliss_Richard/Guillotine.sid	1	125	auto
MUSICIANS/B/Bayliss_Richard/Guns_n_Ghosts.sid	1	125	auto
MUSICIANS/B/Bayliss_Richard/Guns_n_Ghosts.sid	2	124	auto
MUSICIANS/B/Bayliss_Richard/Guns_n_Ghosts.sid	4	125	auto
MUSICIANS/B/Bayliss_Richard/Guns_n_Ghosts.sid	5	125	auto
MUSICIANS/B/Bayliss_Richard/Gyro_Run.sid	1	125	auto
MUSICIANS/B/Bayliss_Richard/Gyro_Run.sid	2	125	auto
MUSICIANS/B/Bayliss_Richard/Gyro_Run.sid	5	124	auto
MUSICIANS/B/Bayliss_Richard/Hacking_Intros.sid	1	125	auto
MUSICIANS/B/Bayliss_Richard/Hangover.sid	1	125	auto
MUSICIANS/B/Bayliss_Richard/Happiness.sid	1	125	auto
MUSICIANS/B/Bayliss_Richard/Happy_Blocks.sid	1	125	auto
MUSICIANS/B/Bayliss_Richard/Happy_Blocks_DX.sid	1	125	auto
MUSICIANS/B/Bayliss_Richard/Happy_Blocks_DX.sid	2	125	auto
MUSICIANS/B/Bayliss_Richard/Happy_Blocks_DX.sid	4	124	auto
MUSICIANS/B/Bayliss_Richard/Hardcore_DMC.sid	1	125	auto
MUSICIANS/B/Bayliss_Richard/Hardcore_DMC_v2.sid	1	124	auto
MUSICIANS/B/Bayliss_Richard/Headache.sid	1	124	auto
MUSICIANS/B/Bayliss_Richard/Heavy_Metal_Deluxe.sid	1	125	auto
MUSICIANS/B/Bayliss_Richard/Heavy_Metal_Deluxe.sid	2	125	auto
MUSICIANS/B/Bayliss_Richard/Heavy_Metal_Deluxe_beta.sid	1	125	auto
MUSICIANS/B/Bayliss_Richard/Heavy_Metal_Deluxe_beta.sid	2	125	auto
MUSICIANS/B/Bayliss_Richard/Heavy_Metal_Deluxe_beta.sid	3	125	auto
MUSICIANS/B/Bayliss_Richard/Heavy_Metal_Solid_preview.sid	1	125	auto
MUSICIANS/B/Bayliss_Richard/Heavy_Metal_Solid_preview.sid	2	125	auto
MUSICIANS/B/Bayliss_Richard/Heavy_Migrane.sid	1	124	auto
MUSICIANS/B/Bayliss_Richard/Heavy_Storm.sid	1	150	auto
MUSICIANS/B/Bayliss_Richard/Hello_Ocean.sid	1	125	auto
MUSICIANS/B/Bayliss_Richard/Hex_Hero.sid	1	125	auto
MUSICIANS/B/Bayliss_Richard/Hi-Score_Harmony.sid	1	124	auto
MUSICIANS/B/Bayliss_Richard/Hidden_Heart.sid	1	94	auto
MUSICIANS/B/Bayliss_Richard/Hidden_Planet.sid	1	125	auto
MUSICIANS/B/Bayliss_Richard/High_Speed.sid	1	143	auto
MUSICIANS/B/Bayliss_Richard/Hit_Beat.sid	1	125	auto
MUSICIANS/B/Bayliss_Richard/Hit_Da_Bass.sid	1	125	auto
MUSICIANS/B/Bayliss_Richard/Hit_That_Bass.sid	1	124	auto
MUSICIANS/B/Bayliss_Richard/Hit_and_Run.sid	1	125	auto
MUSICIANS/B/Bayliss_Richard/Hitsong_Remix.sid	1	125	auto
MUSICIANS/B/Bayliss_Richard/Honesty_and_Love.sid	1	125	auto
MUSICIANS/B/Bayliss_Richard/Honey_Bee_loader.sid	1	124	auto
MUSICIANS/B/Bayliss_Richard/Horizon.sid	1	125	auto
MUSICIANS/B/Bayliss_Richard/Hot_Hot_Hot.sid	1	124	auto
MUSICIANS/B/Bayliss_Richard/Hot_Island.sid	1	125	auto
MUSICIANS/B/Bayliss_Richard/House_of_the_Rising_Sun.sid	1	93	auto
MUSICIANS/B/Bayliss_Richard/Hover_Raider_RX.sid	1	125	auto
MUSICIANS/B/Bayliss_Richard/Hunt.sid	1	124	auto
MUSICIANS/B/Bayliss_Richard/Hunter.sid	1	124	auto
MUSICIANS/B/Bayliss_Richard/Hunters_Moon_End.sid	1	151	auto
MUSICIANS/B/Bayliss_Richard/Huntress_of_Midgard.sid	1	125	auto
MUSICIANS/B/Bayliss_Richard/Huntress_of_Midgard.sid	2	125	auto
MUSICIANS/B/Bayliss_Richard/Huntress_of_Midgard.sid	5	125	auto
MUSICIANS/B/Bayliss_Richard/Hypadrop.sid	1	125	auto
MUSICIANS/B/Bayliss_Richard/Hyper_Duel.sid	2	125	auto
MUSICIANS/B/Bayliss_Richard/Hyper_Harvest.sid	1	125	auto
MUSICIANS/B/Bayliss_Richard/Hyper_Viper_Loader.sid	1	125	auto
MUSICIANS/B/Bayliss_Richard/Hyper_Viper_Menu.sid	1	123	auto
MUSICIANS/B/Bayliss_Richard/Hypertrance.sid	1	151	auto
MUSICIANS/B/Bayliss_Richard/INC_D418.sid	1	124	auto
MUSICIANS/B/Bayliss_Richard/I_Am_Done.sid	1	125	auto
MUSICIANS/B/Bayliss_Richard/I_Died_at_War.sid	1	124	auto
MUSICIANS/B/Bayliss_Richard/I_Like_to_Load_It.sid	1	124	auto
MUSICIANS/B/Bayliss_Richard/I_Love_C64.sid	1	124	auto
MUSICIANS/B/Bayliss_Richard/I_Love_DMC.sid	1	124	auto
MUSICIANS/B/Bayliss_Richard/I_Need_a_Miracle.sid	1	125	auto
MUSICIANS/B/Bayliss_Richard/I_Saw_a_Blue_Angel.sid	1	125	auto
MUSICIANS/B/Bayliss_Richard/Ibiza.sid	1	124	auto
MUSICIANS/B/Bayliss_Richard/Ibiza_2003.sid	1	124	auto
MUSICIANS/B/Bayliss_Richard/Ibiza_Dreaming.sid	1	125	auto
MUSICIANS/B/Bayliss_Richard/Ice_Crush.sid	1	125	auto
MUSICIANS/B/Bayliss_Richard/Imaginator_v2.sid	1	125	auto
MUSICIANS/B/Bayliss_Richard/In_High_Spirit.sid	1	124	auto
MUSICIANS/B/Bayliss_Richard/Industrial_Pain.sid	1	125	auto
MUSICIANS/B/Bayliss_Richard/Industrial_Technology.sid	1	125	auto
MUSICIANS/B/Bayliss_Richard/Industry_Pain.sid	1	125	auto
MUSICIANS/B/Bayliss_Richard/Infinity.sid	1	125	auto
MUSICIANS/B/Bayliss_Richard/Informatic.sid	1	125	auto
MUSICIANS/B/Bayliss_Richard/Insanctual.sid	1	125	auto
MUSICIANS/B/Bayliss_Richard/Insane_World.sid	1	125	auto
MUSICIANS/B/Bayliss_Richard/Intense_Pressure.sid	1	125	auto
MUSICIANS/B/Bayliss_Richard/Interference.sid	1	125	auto
MUSICIANS/B/Bayliss_Richard/Interlude.sid	1	125	auto
MUSICIANS/B/Bayliss_Richard/Intersection.sid	1	94	auto
MUSICIANS/B/Bayliss_Richard/Into_Deep_Space.sid	1	125	auto
MUSICIANS/B/Bayliss_Richard/Into_the_Raster_Split.sid	1	125	auto
MUSICIANS/B/Bayliss_Richard/Intoxicated.sid	1	125	auto
MUSICIANS/B/Bayliss_Richard/Intruder_Alert.sid	1	124	auto
MUSICIANS/B/Bayliss_Richard/Invert.sid	1	125	auto
MUSICIANS/B/Bayliss_Richard/Invert.sid	2	94	auto
MUSICIANS/B/Bayliss_Richard/Invert.sid	5	125	auto
MUSICIANS/B/Bayliss_Richard/Invert.sid	8	125	auto
MUSICIANS/B/Bayliss_Richard/Iowa_Jack_and_the_Crystals_of_Chaos.sid	1	124	auto
MUSICIANS/B/Bayliss_Richard/Iron_Maiden.sid	1	125	auto
MUSICIANS/B/Bayliss_Richard/Is_It_Bright.sid	1	125	auto
MUSICIANS/B/Bayliss_Richard/Is_It_Me.sid	1	125	auto
MUSICIANS/B/Bayliss_Richard/Is_This_the_Sound.sid	1	125	auto
MUSICIANS/B/Bayliss_Richard/Island_Trip.sid	1	94	auto
MUSICIANS/B/Bayliss_Richard/It_Is_My_Dream.sid	1	125	auto
MUSICIANS/B/Bayliss_Richard/Its_Fun_Time.sid	1	125	auto
MUSICIANS/B/Bayliss_Richard/Its_Not_Alcohol_Its_Only_DMC.sid	1	124	auto
MUSICIANS/B/Bayliss_Richard/Its_the_90s_Feeling.sid	1	125	auto
MUSICIANS/B/Bayliss_Richard/Ive_got_the_Key.sid	1	125	auto
MUSICIANS/B/Bayliss_Richard/Jarjaz_Mix.sid	1	124	auto
MUSICIANS/B/Bayliss_Richard/Jeffy.sid	1	151	auto
MUSICIANS/B/Bayliss_Richard/Jeffy.sid	2	150	auto
MUSICIANS/B/Bayliss_Richard/Jeffy.sid	3	124	auto
MUSICIANS/B/Bayliss_Richard/Jessica_Steel-Bloodmonger.sid	1	151	auto
MUSICIANS/B/Bayliss_Richard/Jessica_Steel-Bloodmonger.sid	2	150	auto
MUSICIANS/B/Bayliss_Richard/Jessica_Steel-Bloodmonger.sid	5	150	auto
MUSICIANS/B/Bayliss_Richard/Jihad.sid	1	125	auto
MUSICIANS/B/Bayliss_Richard/Jingle_Bells.sid	1	124	auto
MUSICIANS/B/Bayliss_Richard/Jingle_Bells_v2.sid	1	125	auto
MUSICIANS/B/Bayliss_Richard/Joystick_Port_2.sid	1	125	auto
MUSICIANS/B/Bayliss_Richard/Just_Another_Hazy_Summer.sid	1	125	auto
MUSICIANS/B/Bayliss_Richard/Just_Like_to_Fart.sid	1	141	auto
MUSICIANS/B/Bayliss_Richard/Just_Over_a_Minute.sid	1	124	auto
MUSICIANS/B/Bayliss_Richard/Just_a_Blurry_Image.sid	1	124	auto
MUSICIANS/B/Bayliss_Richard/Just_the_Way_to_Be.sid	1	125	auto
MUSICIANS/B/Bayliss_Richard/Kert-Splat_tune_1.sid	1	125	auto
MUSICIANS/B/Bayliss_Richard/Kert-Splat_tune_2.sid	1	125	auto
MUSICIANS/B/Bayliss_Richard/Killer_Saucers.sid	1	125	auto
MUSICIANS/B/Bayliss_Richard/Killer_Saucers.sid	2	124	auto
MUSICIANS/B/Bayliss_Richard/Knightshift.sid	1	124	auto
MUSICIANS/B/Bayliss_Richard/Knightshift.sid	2	125	auto
MUSICIANS/B/Bayliss_Richard/Koala_2_Frame_Picture.sid	1	125	auto
MUSICIANS/B/Bayliss_Richard/Koma.sid	1	125	auto
MUSICIANS/B/Bayliss_Richard/Koma.sid	2	125	auto
MUSICIANS/B/Bayliss_Richard/Kraftwerk.sid	1	125	auto
MUSICIANS/B/Bayliss_Richard/Lagrangian_Point.sid	1	94	auto
MUSICIANS/B/Bayliss_Richard/Laid_Back.sid	1	124	auto
MUSICIANS/B/Bayliss_Richard/Lan_Remix.sid	1	151	auto
MUSICIANS/B/Bayliss_Richard/Lane_Crazy.sid	1	125	auto
MUSICIANS/B/Bayliss_Richard/Lane_Crazy.sid	2	125	auto
MUSICIANS/B/Bayliss_Richard/Lane_Crazy.sid	6	124	auto
MUSICIANS/B/Bayliss_Richard/Laser_Blaster.sid	1	151	auto
MUSICIANS/B/Bayliss_Richard/Laser_Legion.sid	1	124	auto
MUSICIANS/B/Bayliss_Richard/Laser_Light.sid	1	125	auto
MUSICIANS/B/Bayliss_Richard/Last_Amazon.sid	1	125	auto
MUSICIANS/B/Bayliss_Richard/Last_Amazon_2.sid	1	125	auto
MUSICIANS/B/Bayliss_Richard/Last_Amazon_2.sid	2	125	auto
MUSICIANS/B/Bayliss_Richard/Last_Amazon_2.sid	3	125	auto
MUSICIANS/B/Bayliss_Richard/Last_Frontier.sid	1	107	auto
MUSICIANS/B/Bayliss_Richard/Last_Ninja_Mix.sid	1	125	auto
MUSICIANS/B/Bayliss_Richard/Last_Order.sid	1	124	auto
MUSICIANS/B/Bayliss_Richard/Last_Xmas.sid	1	125	auto
MUSICIANS/B/Bayliss_Richard/Late_Xmas_2005.sid	1	124	auto
MUSICIANS/B/Bayliss_Richard/Launchpad.sid	1	151	auto
MUSICIANS/B/Bayliss_Richard/Law_Enforcer.sid	1	124	auto
MUSICIANS/B/Bayliss_Richard/Lazy_in_Bed.sid	1	125	auto
MUSICIANS/B/Bayliss_Richard/Leap_Frog_Jump.sid	1	150	auto
MUSICIANS/B/Bayliss_Richard/Leap_of_Action_Pinball_Sim.sid	1	125	auto
MUSICIANS/B/Bayliss_Richard/Lectro_64.sid	1	125	auto
MUSICIANS/B/Bayliss_Richard/Left_Back.sid	1	107	auto
MUSICIANS/B/Bayliss_Richard/Legion_of_the_Damned.sid	1	125	auto
MUSICIANS/B/Bayliss_Richard/Legion_of_the_Damned.sid	2	125	auto
MUSICIANS/B/Bayliss_Richard/Legion_of_the_Damned_2.sid	1	125	auto
MUSICIANS/B/Bayliss_Richard/Legion_of_the_Damned_2.sid	2	125	auto
MUSICIANS/B/Bayliss_Richard/Legion_of_the_Damned_3.sid	1	125	auto
MUSICIANS/B/Bayliss_Richard/Legion_of_the_Damned_3.sid	2	124	auto
MUSICIANS/B/Bayliss_Richard/Leon.sid	1	125	auto
MUSICIANS/B/Bayliss_Richard/Let_Me_Go_Home.sid	1	124	auto
MUSICIANS/B/Bayliss_Richard/Let_Me_Hear_You.sid	1	125	auto
MUSICIANS/B/Bayliss_Richard/Lets_Invade.sid	7	150	auto
MUSICIANS/B/Bayliss_Richard/Lets_Invade.sid	8	150	auto
MUSICIANS/B/Bayliss_Richard/Lets_Invade.sid	9	150	auto
MUSICIANS/B/Bayliss_Richard/Lets_Invade_3.sid	1	125	auto
MUSICIANS/B/Bayliss_Richard/Lets_Invade_3.sid	2	125	auto
MUSICIANS/B/Bayliss_Richard/Lets_Invade_3.sid	3	125	auto
MUSICIANS/B/Bayliss_Richard/Lets_Invade_3.sid	5	125	auto
MUSICIANS/B/Bayliss_Richard/Lets_Invade_II.sid	1	150	auto
MUSICIANS/B/Bayliss_Richard/Lets_Invade_II.sid	2	151	auto
MUSICIANS/B/Bayliss_Richard/Lets_Invade_II.sid	4	150	auto
MUSICIANS/B/Bayliss_Richard/Lets_Invade_II.sid	5	150	auto
MUSICIANS/B/Bayliss_Richard/Lets_Invade_II.sid	6	150	auto
MUSICIANS/B/Bayliss_Richard/Leviathan_Remix.sid	1	124	auto
MUSICIANS/B/Bayliss_Richard/Light.sid	1	124	auto
MUSICIANS/B/Bayliss_Richard/Lights_Out.sid	1	125	auto
MUSICIANS/B/Bayliss_Richard/Like_a_Moon.sid	1	94	auto
MUSICIANS/B/Bayliss_Richard/Little_Nippers_Deluxe.sid	1	124	auto
MUSICIANS/B/Bayliss_Richard/Little_Nippers_Deluxe.sid	2	125	auto
MUSICIANS/B/Bayliss_Richard/Little_Nippers_Deluxe.sid	6	94	auto
MUSICIANS/B/Bayliss_Richard/Little_Sara_Sister_1_1_2.sid	1	125	auto
MUSICIANS/B/Bayliss_Richard/Little_Sara_Sister_1_1_2.sid	2	94	auto
MUSICIANS/B/Bayliss_Richard/Little_Sara_Sister_1_1_2.sid	3	94	auto
MUSICIANS/B/Bayliss_Richard/Little_Sara_Sister_1_1_2.sid	4	94	auto
MUSICIANS/B/Bayliss_Richard/Little_Sara_Sister_1_1_2.sid	8	125	auto
MUSICIANS/B/Bayliss_Richard/Little_TV_Men_Remix.sid	1	124	auto
MUSICIANS/B/Bayliss_Richard/Loadertune.sid	1	125	auto
MUSICIANS/B/Bayliss_Richard/Lockdown.sid	1	125	auto
MUSICIANS/B/Bayliss_Richard/Lolita.sid	1	125	auto
MUSICIANS/B/Bayliss_Richard/Long_Weekend.sid	1	124	auto
MUSICIANS/B/Bayliss_Richard/Looping_Around.sid	1	124	auto
MUSICIANS/B/Bayliss_Richard/Lost_Again.sid	1	124	auto
MUSICIANS/B/Bayliss_Richard/Lost_Souls.sid	1	125	auto
MUSICIANS/B/Bayliss_Richard/Lost_in_the_Amazon.sid	1	125	auto
MUSICIANS/B/Bayliss_Richard/Lovely_Creatures.sid	1	125	auto
MUSICIANS/B/Bayliss_Richard/Lovely_Day.sid	1	125	auto
MUSICIANS/B/Bayliss_Richard/Loving_the_World_of_Fantasy.sid	1	125	auto
MUSICIANS/B/Bayliss_Richard/Lunar_City.sid	2	94	auto
MUSICIANS/B/Bayliss_Richard/Lunar_City.sid	7	125	auto
MUSICIANS/B/Bayliss_Richard/Lunch_97.sid	1	125	auto
MUSICIANS/B/Bayliss_Richard/Lunch_97.sid	2	125	auto
MUSICIANS/B/Bayliss_Richard/Lunch_97.sid	3	125	auto
MUSICIANS/B/Bayliss_Richard/Lunch_Game.sid	1	94	auto
MUSICIANS/B/Bayliss_Richard/Lunch_Time.sid	1	125	auto
MUSICIANS/B/Bayliss_Richard/Lunch_Title.sid	1	125	auto
MUSICIANS/B/Bayliss_Richard/Madness.sid	1	94	auto
MUSICIANS/B/Bayliss_Richard/Magical_Moment.sid	1	125	auto
MUSICIANS/B/Bayliss_Richard/Make_a_Move.sid	1	125	auto
MUSICIANS/B/Bayliss_Richard/Martial_Artists.sid	1	94	auto
MUSICIANS/B/Bayliss_Richard/Marys_Boy_Child.sid	1	123	auto
MUSICIANS/B/Bayliss_Richard/Master_of_Tiles.sid	1	125	auto
MUSICIANS/B/Bayliss_Richard/Matter_Transporter.sid	1	150	auto
MUSICIANS/B/Bayliss_Richard/Matter_Transporter_v2.sid	1	151	auto
MUSICIANS/B/Bayliss_Richard/Maze_Mania.sid	1	125	auto
MUSICIANS/B/Bayliss_Richard/Meaning_of_Life.sid	1	125	auto
MUSICIANS/B/Bayliss_Richard/Meet_the_Dead_v2.sid	1	124	auto
MUSICIANS/B/Bayliss_Richard/Mega_Bass.sid	1	124	auto
MUSICIANS/B/Bayliss_Richard/Mega_Disco.sid	1	124	auto
MUSICIANS/B/Bayliss_Richard/Mega_Strike_tune_1.sid	1	125	auto
MUSICIANS/B/Bayliss_Richard/Mega_Tank_Blasta.sid	1	125	auto
MUSICIANS/B/Bayliss_Richard/Mega_Tank_Blasta.sid	2	125	auto
MUSICIANS/B/Bayliss_Richard/Mega_Tank_Blasta.sid	5	125	auto
MUSICIANS/B/Bayliss_Richard/Mega_Tune.sid	1	125	auto
MUSICIANS/B/Bayliss_Richard/Melodic_Intro.sid	1	125	auto
MUSICIANS/B/Bayliss_Richard/Melodic_Trance.sid	1	151	auto
MUSICIANS/B/Bayliss_Richard/Meltdown.sid	1	125	auto
MUSICIANS/B/Bayliss_Richard/Mercenary_Warriors.sid	1	94	auto
MUSICIANS/B/Bayliss_Richard/Merge_64.sid	1	124	auto
MUSICIANS/B/Bayliss_Richard/Milky_Way.sid	1	125	auto
MUSICIANS/B/Bayliss_Richard/Millennium.sid	1	124	auto
MUSICIANS/B/Bayliss_Richard/Mind_Over_Antimatter.sid	1	124	auto
MUSICIANS/B/Bayliss_Richard/Mind_the_Slipway.sid	1	124	auto
MUSICIANS/B/Bayliss_Richard/Ministry_of_Noise.sid	1	143	auto
MUSICIANS/B/Bayliss_Richard/Minoan_War_Remix.sid	1	124	auto
MUSICIANS/B/Bayliss_Richard/Mirror.sid	1	125	auto
MUSICIANS/B/Bayliss_Richard/Missile_Blasta.sid	1	150	auto
MUSICIANS/B/Bayliss_Richard/Missile_Blasta_Remastered.sid	1	150	auto
MUSICIANS/B/Bayliss_Richard/Missile_Blasta_Remastered_V2.sid	1	150	auto
MUSICIANS/B/Bayliss_Richard/Missile_Blasta_Remastered_V2.sid	2	125	auto
MUSICIANS/B/Bayliss_Richard/Missile_Blasta_Remastered_V2.sid	4	124	auto
MUSICIANS/B/Bayliss_Richard/Missile_Busters_II.sid	1	125	auto
MUSICIANS/B/Bayliss_Richard/Missile_Busters_II_Special_Edition.sid	1	125	auto
MUSICIANS/B/Bayliss_Richard/Missile_Busters_II_Special_Edition.sid	3	125	auto
MUSICIANS/B/Bayliss_Richard/Mission_on_Mars.sid	2	125	auto
MUSICIANS/B/Bayliss_Richard/Mist_of_Darkness.sid	1	125	auto
MUSICIANS/B/Bayliss_Richard/Mister_Vain.sid	1	124	auto
MUSICIANS/B/Bayliss_Richard/Mix_Da_Groove.sid	1	125	auto
MUSICIANS/B/Bayliss_Richard/Mix_em_Up_64_Style.sid	1	124	auto
MUSICIANS/B/Bayliss_Richard/MoN_Style_and_Funkin.sid	1	125	auto
MUSICIANS/B/Bayliss_Richard/Moo-Lander_Remix.sid	1	151	auto
MUSICIANS/B/Bayliss_Richard/Moo-tilation.sid	1	125	auto
MUSICIANS/B/Bayliss_Richard/Moodswings.sid	1	125	auto
MUSICIANS/B/Bayliss_Richard/Moon_Madness-Episode_II.sid	1	124	auto
MUSICIANS/B/Bayliss_Richard/Moon_Madness.sid	1	124	auto
MUSICIANS/B/Bayliss_Richard/Moon_Strike.sid	1	125	auto
MUSICIANS/B/Bayliss_Richard/More_Gray.sid	1	125	auto
MUSICIANS/B/Bayliss_Richard/More_Please.sid	1	125	auto
MUSICIANS/B/Bayliss_Richard/More_and_More.sid	1	124	auto
MUSICIANS/B/Bayliss_Richard/Motorway_Crash.sid	1	125	auto
MUSICIANS/B/Bayliss_Richard/Music_43.sid	1	125	auto
MUSICIANS/B/Bayliss_Richard/Music_Match_2-The_Revenge.sid	2	125	auto
MUSICIANS/B/Bayliss_Richard/Music_Match_2-The_Revenge.sid	4	125	auto
MUSICIANS/B/Bayliss_Richard/Music_Match_3.sid	1	125	auto
MUSICIANS/B/Bayliss_Richard/Music_Match_3.sid	2	125	auto
MUSICIANS/B/Bayliss_Richard/Music_Match_3.sid	3	125	auto
MUSICIANS/B/Bayliss_Richard/Music_Match_title.sid	1	125	auto
MUSICIANS/B/Bayliss_Richard/Mutilator_V2.sid	1	124	auto
MUSICIANS/B/Bayliss_Richard/Mutilator_V2.sid	2	125	auto
MUSICIANS/B/Bayliss_Richard/My_Angels.sid	1	125	auto
MUSICIANS/B/Bayliss_Richard/My_First_Intro_Tune_Remix.sid	1	124	auto
MUSICIANS/B/Bayliss_Richard/My_Heart_Fades_Away.sid	1	124	auto
MUSICIANS/B/Bayliss_Richard/My_Intro.sid	1	125	auto
MUSICIANS/B/Bayliss_Richard/Mystery_Void.sid	1	124	auto
MUSICIANS/B/Bayliss_Richard/Naait_Raaider.sid	1	125	auto
MUSICIANS/B/Bayliss_Richard/Neptunes_Revenge.sid	1	125	auto
MUSICIANS/B/Bayliss_Richard/Nero.sid	1	125	auto
MUSICIANS/B/Bayliss_Richard/New_Way.sid	1	125	auto
MUSICIANS/B/Bayliss_Richard/Newsstand.sid	1	125	auto
MUSICIANS/B/Bayliss_Richard/Newsstand.sid	4	124	auto
MUSICIANS/B/Bayliss_Richard/Night_Raid.sid	1	125	auto
MUSICIANS/B/Bayliss_Richard/Night_of_the_Valkyrie.sid	1	124	auto
MUSICIANS/B/Bayliss_Richard/Ninja_Megamix_2.sid	1	125	auto
MUSICIANS/B/Bayliss_Richard/Ninjaesque_v3.sid	1	125	auto
MUSICIANS/B/Bayliss_Richard/No_Trouble.sid	1	124	auto
MUSICIANS/B/Bayliss_Richard/No_Way_Out.sid	1	150	auto
MUSICIANS/B/Bayliss_Richard/Noisy_Pillars_2015.sid	1	125	auto
MUSICIANS/B/Bayliss_Richard/Not_Future_Composer.sid	1	125	auto
MUSICIANS/B/Bayliss_Richard/Not_Future_Composer_v2.sid	1	125	auto
MUSICIANS/B/Bayliss_Richard/Not_My_Day-2017.sid	1	124	auto
MUSICIANS/B/Bayliss_Richard/Not_My_Day.sid	1	125	auto
MUSICIANS/B/Bayliss_Richard/Not_My_Day_v2.sid	1	125	auto
MUSICIANS/B/Bayliss_Richard/Novaload.sid	1	125	auto
MUSICIANS/B/Bayliss_Richard/Nowhereland.sid	1	125	auto
MUSICIANS/B/Bayliss_Richard/Noxus.sid	1	125	auto
MUSICIANS/B/Bayliss_Richard/Nuclear_Strike.sid	1	124	auto
MUSICIANS/B/Bayliss_Richard/Nuclear_Strike_Force.sid	1	125	auto
MUSICIANS/B/Bayliss_Richard/Nuclear_Strike_Force.sid	2	125	auto
MUSICIANS/B/Bayliss_Richard/Nuclear_Strike_Force_v1.sid	1	125	auto
MUSICIANS/B/Bayliss_Richard/Nucleo_448.sid	2	100	auto
MUSICIANS/B/Bayliss_Richard/Nyaaaah_11.sid	1	107	auto
MUSICIANS/B/Bayliss_Richard/Nyaaaah_15th_Anniversary.sid	1	125	auto
MUSICIANS/B/Bayliss_Richard/Nyaaaah_15th_Anniversary.sid	2	125	auto
MUSICIANS/B/Bayliss_Richard/Nyaaaah_15th_Anniversary.sid	3	125	auto
MUSICIANS/B/Bayliss_Richard/Nyaaaah_2000.sid	2	125	auto
MUSICIANS/B/Bayliss_Richard/Nyaaaah_5.sid	1	125	auto
MUSICIANS/B/Bayliss_Richard/Nyaaaah_5.sid	2	125	auto
MUSICIANS/B/Bayliss_Richard/Nyaaaah_7.sid	1	125	auto
MUSICIANS/B/Bayliss_Richard/Nyaaaah_9.sid	1	125	auto
MUSICIANS/B/Bayliss_Richard/Nyaaaah_9.sid	2	125	auto
MUSICIANS/B/Bayliss_Richard/Obladdi_Oblada.sid	1	124	auto
MUSICIANS/B/Bayliss_Richard/Obladdi_Oblada_Nonsense.sid	1	124	auto
MUSICIANS/B/Bayliss_Richard/Obsession_to_Polo_Mints.sid	1	124	auto
MUSICIANS/B/Bayliss_Richard/Ocean_Coloured_Dreams.sid	1	125	auto
MUSICIANS/B/Bayliss_Richard/Ocean_Loader_4_DMC_Version.sid	1	125	auto
MUSICIANS/B/Bayliss_Richard/Ocean_Loader_Remix.sid	1	125	auto
MUSICIANS/B/Bayliss_Richard/Ocean_Mix.sid	1	125	auto
MUSICIANS/B/Bayliss_Richard/Ocean_Shortie.sid	1	124	auto
MUSICIANS/B/Bayliss_Richard/Ocean_Shorty.sid	1	124	auto
MUSICIANS/B/Bayliss_Richard/Ocean_Unloaded.sid	1	125	auto
MUSICIANS/B/Bayliss_Richard/Oddysee.sid	1	125	auto
MUSICIANS/B/Bayliss_Richard/Ode_to_Koto.sid	1	125	auto
MUSICIANS/B/Bayliss_Richard/Ode_to_TLF.sid	1	125	auto
MUSICIANS/B/Bayliss_Richard/Oh_Mummy.sid	1	125	auto
MUSICIANS/B/Bayliss_Richard/Oldschool_Fun.sid	1	125	auto
MUSICIANS/B/Bayliss_Richard/Ole_Hose.sid	1	124	auto
MUSICIANS/B/Bayliss_Richard/On_Top.sid	1	125	auto
MUSICIANS/B/Bayliss_Richard/On_the_Farm.sid	1	124	auto
MUSICIANS/B/Bayliss_Richard/On_the_Farm.sid	2	125	auto
MUSICIANS/B/Bayliss_Richard/On_the_Farm.sid	3	125	auto
MUSICIANS/B/Bayliss_Richard/On_the_Farm_2.sid	1	125	auto
MUSICIANS/B/Bayliss_Richard/On_the_Farm_2.sid	8	124	auto
MUSICIANS/B/Bayliss_Richard/On_the_Farm_3.sid	1	124	auto
MUSICIANS/B/Bayliss_Richard/On_the_Farm_3.sid	6	125	auto
MUSICIANS/B/Bayliss_Richard/On_the_Farm_3.sid	7	125	auto
MUSICIANS/B/Bayliss_Richard/On_the_Farm_3_loader.sid	1	125	auto
MUSICIANS/B/Bayliss_Richard/One_Look.sid	1	125	auto
MUSICIANS/B/Bayliss_Richard/Online.sid	1	125	auto
MUSICIANS/B/Bayliss_Richard/Ooh_Aar_8-Bit_Sailor.sid	1	125	auto
MUSICIANS/B/Bayliss_Richard/Ooh_Ah.sid	1	125	auto
MUSICIANS/B/Bayliss_Richard/Open_Your_Mind.sid	1	125	auto
MUSICIANS/B/Bayliss_Richard/Operation_Metalstorm.sid	3	124	auto
MUSICIANS/B/Bayliss_Richard/Orchan_Lotr.sid	1	124	auto
MUSICIANS/B/Bayliss_Richard/Ouch.sid	1	125	auto
MUSICIANS/B/Bayliss_Richard/Ouch_2.sid	1	125	auto
MUSICIANS/B/Bayliss_Richard/Ouch_2.sid	2	125	auto
MUSICIANS/B/Bayliss_Richard/Out_of_Work_and_Making_Sids.sid	1	124	auto
MUSICIANS/B/Bayliss_Richard/Outer_Space.sid	1	125	auto
MUSICIANS/B/Bayliss_Richard/Overcast.sid	1	125	auto
MUSICIANS/B/Bayliss_Richard/Overlander_Tape_Loader-Disco_Edit.sid	1	125	auto
MUSICIANS/B/Bayliss_Richard/Oxygene.sid	1	125	auto
MUSICIANS/B/Bayliss_Richard/Oxygene_Part_6.sid	1	124	auto
MUSICIANS/B/Bayliss_Richard/Ozone-Numa_Numa.sid	1	124	auto
MUSICIANS/B/Bayliss_Richard/Pagoda_Warrior_2.sid	1	125	auto
MUSICIANS/B/Bayliss_Richard/Pagoda_Warrior_2.sid	2	124	auto
MUSICIANS/B/Bayliss_Richard/Pagoda_Warrior_2.sid	5	125	auto
MUSICIANS/B/Bayliss_Richard/Pagoda_Warrior_2.sid	6	125	auto
MUSICIANS/B/Bayliss_Richard/Panther_Remix.sid	1	125	auto
MUSICIANS/B/Bayliss_Richard/Para_Lander_DX.sid	1	125	auto
MUSICIANS/B/Bayliss_Richard/Para_Lander_DX.sid	2	125	auto
MUSICIANS/B/Bayliss_Richard/Paranormal.sid	1	125	auto
MUSICIANS/B/Bayliss_Richard/Party_2002.sid	1	125	auto
MUSICIANS/B/Bayliss_Richard/Party_Maxx.sid	1	124	auto
MUSICIANS/B/Bayliss_Richard/Party_on_the_64.sid	1	125	auto
MUSICIANS/B/Bayliss_Richard/Partyplot.sid	1	125	auto
MUSICIANS/B/Bayliss_Richard/Partyscene.sid	1	125	auto
MUSICIANS/B/Bayliss_Richard/Pathway_to_Heaven.sid	1	125	auto
MUSICIANS/B/Bayliss_Richard/Payback_Time.sid	1	124	auto
MUSICIANS/B/Bayliss_Richard/Peaceful_Steps.sid	1	125	auto
MUSICIANS/B/Bayliss_Richard/Pet_Shop_Boys_Cover_2.sid	1	125	auto
MUSICIANS/B/Bayliss_Richard/Phantazia.sid	1	125	auto
MUSICIANS/B/Bayliss_Richard/Piano_Work.sid	1	124	auto
MUSICIANS/B/Bayliss_Richard/Pipe_Pressure.sid	1	125	auto
MUSICIANS/B/Bayliss_Richard/Pipes_Remix.sid	1	125	auto
MUSICIANS/B/Bayliss_Richard/Pix-Mas.sid	1	107	auto
MUSICIANS/B/Bayliss_Richard/Pix-Mas.sid	2	125	auto
MUSICIANS/B/Bayliss_Richard/Pixel_Pix.sid	1	125	auto
MUSICIANS/B/Bayliss_Richard/Pixel_Pix.sid	2	124	auto
MUSICIANS/B/Bayliss_Richard/Plain_Juicy_Pop.sid	1	125	auto
MUSICIANS/B/Bayliss_Richard/Planet_Balls.sid	1	125	auto
MUSICIANS/B/Bayliss_Richard/Planet_Balls.sid	4	125	auto
MUSICIANS/B/Bayliss_Richard/Plasmatic.sid	1	125	auto
MUSICIANS/B/Bayliss_Richard/Plastic_Pop.sid	1	124	auto
MUSICIANS/B/Bayliss_Richard/Platform_Mania.sid	1	125	auto
MUSICIANS/B/Bayliss_Richard/Playboy.sid	1	125	auto
MUSICIANS/B/Bayliss_Richard/Player_Dies_at_the_End.sid	1	124	auto
MUSICIANS/B/Bayliss_Richard/Playground.sid	1	124	auto
MUSICIANS/B/Bayliss_Richard/Plippy-Ploppies_Theme.sid	1	124	auto
MUSICIANS/B/Bayliss_Richard/Poing_Ultra.sid	1	151	auto
MUSICIANS/B/Bayliss_Richard/Poing_Ultra.sid	2	75	auto
MUSICIANS/B/Bayliss_Richard/Poing_Ultra.sid	3	150	auto
MUSICIANS/B/Bayliss_Richard/Poison.sid	1	124	auto
MUSICIANS/B/Bayliss_Richard/Poltergeist_loader.sid	1	124	auto
MUSICIANS/B/Bayliss_Richard/Poltergeist_loader_v2.sid	1	125	auto
MUSICIANS/B/Bayliss_Richard/Poo_Poo.sid	1	125	auto
MUSICIANS/B/Bayliss_Richard/Pool_of_Fire.sid	1	125	auto
MUSICIANS/B/Bayliss_Richard/Popcorn_Remix.sid	1	125	auto
MUSICIANS/B/Bayliss_Richard/Portals_to_Space.sid	1	124	auto
MUSICIANS/B/Bayliss_Richard/Positive_Thoughts.sid	1	125	auto
MUSICIANS/B/Bayliss_Richard/Possession.sid	1	125	auto
MUSICIANS/B/Bayliss_Richard/Pour_le_merite.sid	1	125	auto
MUSICIANS/B/Bayliss_Richard/Pour_le_merite.sid	2	94	auto
MUSICIANS/B/Bayliss_Richard/Pour_le_merite.sid	3	125	auto
MUSICIANS/B/Bayliss_Richard/Power_Gate_preview.sid	1	125	auto
MUSICIANS/B/Bayliss_Richard/Power_On.sid	1	125	auto
MUSICIANS/B/Bayliss_Richard/Power_Rider.sid	1	125	auto
MUSICIANS/B/Bayliss_Richard/Power_of_Gravity.sid	1	125	auto
MUSICIANS/B/Bayliss_Richard/Precinct_20_Dead_Strange.sid	2	107	auto
MUSICIANS/B/Bayliss_Richard/Precinct_20_Dead_Strange.sid	3	63	auto
MUSICIANS/B/Bayliss_Richard/Press_Shift_plus_Run_Stop.sid	1	125	auto
MUSICIANS/B/Bayliss_Richard/Primal_Weapon.sid	1	125	auto
MUSICIANS/B/Bayliss_Richard/Promethean_Legacy.sid	1	124	auto
MUSICIANS/B/Bayliss_Richard/Pron_Trance.sid	1	125	auto
MUSICIANS/B/Bayliss_Richard/Psykogray.sid	1	125	auto
MUSICIANS/B/Bayliss_Richard/Purge_101.sid	1	125	auto
MUSICIANS/B/Bayliss_Richard/Purple.sid	1	125	auto
MUSICIANS/B/Bayliss_Richard/QLT_Intro_Remix.sid	1	124	auto
MUSICIANS/B/Bayliss_Richard/QLT_Remix_V2.sid	1	107	auto
MUSICIANS/B/Bayliss_Richard/QUOD_INIT_EXIT.sid	1	125	auto
MUSICIANS/B/Bayliss_Richard/QUOD_INIT_EXIT.sid	4	125	auto
MUSICIANS/B/Bayliss_Richard/QUOD_INIT_EXIT.sid	8	124	auto
MUSICIANS/B/Bayliss_Richard/Qazi_Pinball.sid	1	124	auto
MUSICIANS/B/Bayliss_Richard/Quad_Core.sid	1	125	auto
MUSICIANS/B/Bayliss_Richard/Quad_Core.sid	2	125	auto
MUSICIANS/B/Bayliss_Richard/Quad_Core.sid	3	124	auto
MUSICIANS/B/Bayliss_Richard/Quad_Core.sid	4	125	auto
MUSICIANS/B/Bayliss_Richard/Quantum.sid	1	125	auto
MUSICIANS/B/Bayliss_Richard/QuickFire.sid	1	125	auto
MUSICIANS/B/Bayliss_Richard/Quick_Intro.sid	1	125	auto
MUSICIANS/B/Bayliss_Richard/Quick_Tune.sid	1	125	auto
MUSICIANS/B/Bayliss_Richard/Quick_and_Funky.sid	1	125	auto
MUSICIANS/B/Bayliss_Richard/Raaaave.sid	1	125	auto
MUSICIANS/B/Bayliss_Richard/Race_n_Smash.sid	1	125	auto
MUSICIANS/B/Bayliss_Richard/Race_n_Smash.sid	2	150	auto
MUSICIANS/B/Bayliss_Richard/Racked_Off.sid	4	125	auto
MUSICIANS/B/Bayliss_Richard/Ragga_Reggae.sid	1	94	auto
MUSICIANS/B/Bayliss_Richard/Rainbows_of_Wisdom.sid	1	124	auto
MUSICIANS/B/Bayliss_Richard/Rainforest.sid	1	124	auto
MUSICIANS/B/Bayliss_Richard/Raster-Tronic.sid	1	125	auto
MUSICIANS/B/Bayliss_Richard/Raster-Tronic.sid	2	125	auto
MUSICIANS/B/Bayliss_Richard/RasterTime.sid	1	125	auto
MUSICIANS/B/Bayliss_Richard/Raster_Scanner.sid	1	125	auto
MUSICIANS/B/Bayliss_Richard/Ray_Fish.sid	1	125	auto
MUSICIANS/B/Bayliss_Richard/Ray_Fish.sid	2	125	auto
MUSICIANS/B/Bayliss_Richard/Ray_Fish_Deluxe.sid	1	125	auto
MUSICIANS/B/Bayliss_Richard/Ray_Fish_Deluxe.sid	2	125	auto
MUSICIANS/B/Bayliss_Richard/Ray_Fish_Deluxe.sid	3	125	auto
MUSICIANS/B/Bayliss_Richard/Ray_of_Sunshine.sid	1	125	auto
MUSICIANS/B/Bayliss_Richard/Real_Crap_Music.sid	1	125	auto
MUSICIANS/B/Bayliss_Richard/Real_Distraction.sid	1	125	auto
MUSICIANS/B/Bayliss_Richard/Real_Raver.sid	1	125	auto
MUSICIANS/B/Bayliss_Richard/Real_Speed_We_Need.sid	1	125	auto
MUSICIANS/B/Bayliss_Richard/Red_Sky.sid	1	125	auto
MUSICIANS/B/Bayliss_Richard/Reflections.sid	1	125	auto
MUSICIANS/B/Bayliss_Richard/Relaxing.sid	1	94	auto
MUSICIANS/B/Bayliss_Richard/Relaxing_Tune.sid	1	125	auto
MUSICIANS/B/Bayliss_Richard/Rememberance.sid	1	124	auto
MUSICIANS/B/Bayliss_Richard/Remind_Me.sid	1	125	auto
MUSICIANS/B/Bayliss_Richard/Renovation.sid	1	150	auto
MUSICIANS/B/Bayliss_Richard/Reserved.sid	1	125	auto
MUSICIANS/B/Bayliss_Richard/Reset_7_Intro.sid	1	124	auto
MUSICIANS/B/Bayliss_Richard/Retaliate_DX.sid	1	150	auto
MUSICIANS/B/Bayliss_Richard/Retaliate_DX.sid	3	151	auto
MUSICIANS/B/Bayliss_Richard/Retro_Tech.sid	1	125	auto
MUSICIANS/B/Bayliss_Richard/Retron-Phase_One.sid	1	125	auto
MUSICIANS/B/Bayliss_Richard/Retron-Phase_One.sid	2	125	auto
MUSICIANS/B/Bayliss_Richard/Retron-Phase_One.sid	4	125	auto
MUSICIANS/B/Bayliss_Richard/Return_of_the_1980s.sid	1	150	auto
MUSICIANS/B/Bayliss_Richard/Revenge.sid	1	125	auto
MUSICIANS/B/Bayliss_Richard/Revenge_of_the_Tomato.sid	1	125	auto
MUSICIANS/B/Bayliss_Richard/Revenge_of_the_Tomato.sid	2	124	auto
MUSICIANS/B/Bayliss_Richard/Revenge_of_the_Tomato.sid	3	125	auto
MUSICIANS/B/Bayliss_Richard/Revival.sid	1	125	auto
MUSICIANS/B/Bayliss_Richard/Rhythm_of_Ice.sid	1	125	auto
MUSICIANS/B/Bayliss_Richard/Richard_Bayliss_Megamix.sid	1	125	auto
MUSICIANS/B/Bayliss_Richard/Richard_Rocks.sid	1	125	auto
MUSICIANS/B/Bayliss_Richard/Ridin_Cowboy.sid	1	120	auto
MUSICIANS/B/Bayliss_Richard/River_Barrage.sid	1	125	auto
MUSICIANS/B/Bayliss_Richard/River_Barrage.sid	2	124	auto
MUSICIANS/B/Bayliss_Richard/River_Barrage.sid	3	125	auto
MUSICIANS/B/Bayliss_Richard/River_Barrage.sid	4	125	auto
MUSICIANS/B/Bayliss_Richard/River_Racers.sid	1	125	auto
MUSICIANS/B/Bayliss_Richard/River_Racers.sid	2	124	auto
MUSICIANS/B/Bayliss_Richard/River_Storm.sid	1	125	auto
MUSICIANS/B/Bayliss_Richard/River_of_Two_Banks.sid	1	123	auto
MUSICIANS/B/Bayliss_Richard/Road_Cop.sid	1	125	auto
MUSICIANS/B/Bayliss_Richard/Road_Police.sid	1	125	auto
MUSICIANS/B/Bayliss_Richard/Road_Rage.sid	1	125	auto
MUSICIANS/B/Bayliss_Richard/Robb_Hubbard_Tribute.sid	1	125	auto
MUSICIANS/B/Bayliss_Richard/Roboform-X_2.sid	1	124	auto
MUSICIANS/B/Bayliss_Richard/Roboform-X_2.sid	2	124	auto
MUSICIANS/B/Bayliss_Richard/Roboform-X_2_V1.sid	1	125	auto
MUSICIANS/B/Bayliss_Richard/Robot.sid	1	124	auto
MUSICIANS/B/Bayliss_Richard/Robotic_Power.sid	1	125	auto
MUSICIANS/B/Bayliss_Richard/Robotica.sid	1	124	auto
MUSICIANS/B/Bayliss_Richard/Rock_Bass.sid	1	125	auto
MUSICIANS/B/Bayliss_Richard/Rocket_Away_2.sid	1	151	auto
MUSICIANS/B/Bayliss_Richard/Rocket_Away_2.sid	2	125	auto
MUSICIANS/B/Bayliss_Richard/Rocket_Away_2.sid	3	125	auto
MUSICIANS/B/Bayliss_Richard/Rocket_Man_loader.sid	1	124	auto
MUSICIANS/B/Bayliss_Richard/Rocket_Smash_Ex_Load.sid	1	125	auto
MUSICIANS/B/Bayliss_Richard/Rocket_n_Roll.sid	1	94	auto
MUSICIANS/B/Bayliss_Richard/Rocket_n_Roll_ingame.sid	1	150	auto
MUSICIANS/B/Bayliss_Richard/Rockit.sid	1	125	auto
MUSICIANS/B/Bayliss_Richard/Rogue_Ninja.sid	1	125	auto
MUSICIANS/B/Bayliss_Richard/Rogue_Ninja.sid	2	125	auto
MUSICIANS/B/Bayliss_Richard/Rudolph_Jazz.sid	1	83	auto
MUSICIANS/B/Bayliss_Richard/Run_Demon_Run.sid	2	107	auto
MUSICIANS/B/Bayliss_Richard/Run_Demon_Run.sid	4	125	auto
MUSICIANS/B/Bayliss_Richard/Run_and_Gun.sid	1	125	auto
MUSICIANS/B/Bayliss_Richard/Russian_Toilette.sid	1	150	auto
MUSICIANS/B/Bayliss_Richard/SCB_Remix.sid	1	124	auto
MUSICIANS/B/Bayliss_Richard/SEUCK_Title_Maker_V2_0.sid	1	124	auto
MUSICIANS/B/Bayliss_Richard/SID_in_Motion.sid	1	125	auto
MUSICIANS/B/Bayliss_Richard/SWO_18_intro.sid	1	125	auto
MUSICIANS/B/Bayliss_Richard/SWO_33_intro.sid	1	125	auto
MUSICIANS/B/Bayliss_Richard/Salvation_Army.sid	1	125	auto
MUSICIANS/B/Bayliss_Richard/Salvation_Army.sid	2	150	auto
MUSICIANS/B/Bayliss_Richard/Sand_Dunes_in_Paradise.sid	1	125	auto
MUSICIANS/B/Bayliss_Richard/Sandstorm_Remix.sid	1	125	auto
MUSICIANS/B/Bayliss_Richard/Santas_Christmas_Delivery.sid	1	125	auto
MUSICIANS/B/Bayliss_Richard/Santas_Christmas_Delivery.sid	4	125	auto
MUSICIANS/B/Bayliss_Richard/Sarada_Doja.sid	2	124	auto
MUSICIANS/B/Bayliss_Richard/Sausages_and_Mash.sid	1	124	auto
MUSICIANS/B/Bayliss_Richard/Scene_Invasion.sid	1	125	auto
MUSICIANS/B/Bayliss_Richard/Scene_World_35_Intro.sid	1	124	auto
MUSICIANS/B/Bayliss_Richard/Sceptre.sid	1	125	auto
MUSICIANS/B/Bayliss_Richard/Scoff.sid	1	150	auto
MUSICIANS/B/Bayliss_Richard/Scorched_Like_an_Intro.sid	1	124	auto
MUSICIANS/B/Bayliss_Richard/Scream_If_You_Want_to_Go_Faster.sid	1	124	auto
MUSICIANS/B/Bayliss_Richard/Search_for_a_Star.sid	1	150	auto
MUSICIANS/B/Bayliss_Richard/Seas_of_Whirlpools.sid	1	125	auto
MUSICIANS/B/Bayliss_Richard/Second_Thoughts.sid	1	124	auto
MUSICIANS/B/Bayliss_Richard/Secret_Escapes.sid	1	125	auto
MUSICIANS/B/Bayliss_Richard/Sector_5.sid	1	125	auto
MUSICIANS/B/Bayliss_Richard/Sensation.sid	1	124	auto
MUSICIANS/B/Bayliss_Richard/Set_TV.sid	1	124	auto
MUSICIANS/B/Bayliss_Richard/Shade_of_Light.sid	1	125	auto
MUSICIANS/B/Bayliss_Richard/Shadow_over_Innsmouth.sid	1	125	auto
MUSICIANS/B/Bayliss_Richard/Shadows_of_the_Night.sid	1	125	auto
MUSICIANS/B/Bayliss_Richard/Sharks_Intro_Remix.sid	1	125	auto
MUSICIANS/B/Bayliss_Richard/Sharkz.sid	1	125	auto
MUSICIANS/B/Bayliss_Richard/Sharkz.sid	2	124	auto
MUSICIANS/B/Bayliss_Richard/Sharkz.sid	4	125	auto
MUSICIANS/B/Bayliss_Richard/Sharkz.sid	5	125	auto
MUSICIANS/B/Bayliss_Richard/Shblib_game.sid	1	94	auto
MUSICIANS/B/Bayliss_Richard/Shblib_title.sid	1	124	auto
MUSICIANS/B/Bayliss_Richard/Shblibomatic.sid	1	124	auto
MUSICIANS/B/Bayliss_Richard/Sheep_Out.sid	1	125	auto
MUSICIANS/B/Bayliss_Richard/Sheep_Vs_Fox.sid	1	150	auto
MUSICIANS/B/Bayliss_Richard/Sheep_Vs_Fox.sid	2	150	auto
MUSICIANS/B/Bayliss_Richard/Sheep_Vs_Fox_Deluxe.sid	1	151	auto
MUSICIANS/B/Bayliss_Richard/Sheep_Vs_Fox_Deluxe.sid	2	150	auto
MUSICIANS/B/Bayliss_Richard/Sheepoid.sid	2	125	auto
MUSICIANS/B/Bayliss_Richard/Sheepoid_DX.sid	1	125	auto
MUSICIANS/B/Bayliss_Richard/Sheepoid_DX.sid	2	150	auto
MUSICIANS/B/Bayliss_Richard/Shining_Down_on_Me.sid	1	124	auto
MUSICIANS/B/Bayliss_Richard/Shock_Raid.sid	1	125	auto
MUSICIANS/B/Bayliss_Richard/Shock_Raid.sid	2	125	auto
MUSICIANS/B/Bayliss_Richard/Shock_Raid.sid	4	124	auto
MUSICIANS/B/Bayliss_Richard/Shoot_em_Up.sid	1	124	auto
MUSICIANS/B/Bayliss_Richard/Short_Ska.sid	1	94	auto
MUSICIANS/B/Bayliss_Richard/Showdown.sid	1	125	auto
MUSICIANS/B/Bayliss_Richard/Sign_of_Love.sid	1	125	auto
MUSICIANS/B/Bayliss_Richard/Sign_of_Love_version_2.sid	1	124	auto
MUSICIANS/B/Bayliss_Richard/Silence_crapmix.sid	1	124	auto
MUSICIANS/B/Bayliss_Richard/Silent_Night.sid	1	94	auto
MUSICIANS/B/Bayliss_Richard/Sinister_Conflicts.sid	1	124	auto
MUSICIANS/B/Bayliss_Richard/Sitting_Target_2.sid	1	125	auto
MUSICIANS/B/Bayliss_Richard/Sitting_Target_2.sid	2	125	auto
MUSICIANS/B/Bayliss_Richard/Sky_Is_Falling.sid	1	125	auto
MUSICIANS/B/Bayliss_Richard/Sky_Is_Falling.sid	3	124	auto
MUSICIANS/B/Bayliss_Richard/Skybolt_2000.sid	1	125	auto
MUSICIANS/B/Bayliss_Richard/Skyline_Remix.sid	1	125	auto
MUSICIANS/B/Bayliss_Richard/Sleepwalker_Loader.sid	1	125	auto
MUSICIANS/B/Bayliss_Richard/Sliding_Brick_Frenzy.sid	1	125	auto
MUSICIANS/B/Bayliss_Richard/Slime_Deluxe.sid	1	151	auto
MUSICIANS/B/Bayliss_Richard/Slime_Deluxe.sid	2	151	auto
MUSICIANS/B/Bayliss_Richard/Slither_Pro.sid	1	150	auto
MUSICIANS/B/Bayliss_Richard/Slither_Pro.sid	2	150	auto
MUSICIANS/B/Bayliss_Richard/Slither_Pro.sid	4	150	auto
MUSICIANS/B/Bayliss_Richard/Slither_Pro.sid	5	125	auto
MUSICIANS/B/Bayliss_Richard/Slither_Pro.sid	6	124	auto
MUSICIANS/B/Bayliss_Richard/Slug_vs_Lettuce.sid	1	125	auto
MUSICIANS/B/Bayliss_Richard/Slug_vs_Lettuce.sid	2	150	auto
MUSICIANS/B/Bayliss_Richard/Slugs.sid	1	124	auto
MUSICIANS/B/Bayliss_Richard/Slugs.sid	3	125	auto
MUSICIANS/B/Bayliss_Richard/Slugs.sid	4	125	auto
MUSICIANS/B/Bayliss_Richard/Smashed_Beats.sid	1	125	auto
MUSICIANS/B/Bayliss_Richard/Snake_VS_Bomb.sid	1	125	auto
MUSICIANS/B/Bayliss_Richard/Snake_VS_Bomb.sid	2	124	auto
MUSICIANS/B/Bayliss_Richard/Snake_VS_Bomb.sid	3	151	auto
MUSICIANS/B/Bayliss_Richard/Snake_VS_Bomb.sid	7	125	auto
MUSICIANS/B/Bayliss_Richard/Snake_VS_Bomb_2-Canyon_Chaos.sid	1	125	auto
MUSICIANS/B/Bayliss_Richard/Snake_VS_Bomb_2-Canyon_Chaos.sid	2	151	auto
MUSICIANS/B/Bayliss_Richard/Snake_VS_Bomb_2-Canyon_Chaos.sid	5	125	auto
MUSICIANS/B/Bayliss_Richard/Snake_VS_Bomb_2-Canyon_Chaos.sid	8	150	auto
MUSICIANS/B/Bayliss_Richard/Snake_VS_Bomb_2-Canyon_Chaos.sid	9	125	auto
MUSICIANS/B/Bayliss_Richard/Snapshot.sid	1	124	auto
MUSICIANS/B/Bayliss_Richard/Snatch_Loader.sid	1	150	auto
MUSICIANS/B/Bayliss_Richard/Snatch_McBlagger.sid	1	100	auto
MUSICIANS/B/Bayliss_Richard/Snodges_Big_Day_Out.sid	1	125	auto
MUSICIANS/B/Bayliss_Richard/Snowball_Caper_2.sid	3	125	auto
MUSICIANS/B/Bayliss_Richard/So_Sad.sid	1	124	auto
MUSICIANS/B/Bayliss_Richard/Soggy_Pants.sid	1	151	auto
MUSICIANS/B/Bayliss_Richard/Solid_Gold.sid	1	125	auto
MUSICIANS/B/Bayliss_Richard/Space_Base_9.sid	1	125	auto
MUSICIANS/B/Bayliss_Richard/Space_Crap_Intro.sid	1	125	auto
MUSICIANS/B/Bayliss_Richard/Space_Crumpets.sid	1	125	auto
MUSICIANS/B/Bayliss_Richard/Space_Dance.sid	1	125	auto
MUSICIANS/B/Bayliss_Richard/Space_Disco.sid	1	125	auto
MUSICIANS/B/Bayliss_Richard/Space_Eggs.sid	1	124	auto
MUSICIANS/B/Bayliss_Richard/Space_Eggs.sid	2	125	auto
MUSICIANS/B/Bayliss_Richard/Space_Probe.sid	1	125	auto
MUSICIANS/B/Bayliss_Richard/Space_Techno.sid	1	125	auto
MUSICIANS/B/Bayliss_Richard/Space_Travel.sid	1	125	auto
MUSICIANS/B/Bayliss_Richard/Space_Trip.sid	1	125	auto
MUSICIANS/B/Bayliss_Richard/Spacestation.sid	1	125	auto
MUSICIANS/B/Bayliss_Richard/Spacey_Mix.sid	1	125	auto
MUSICIANS/B/Bayliss_Richard/Spearhead_Redux.sid	1	124	auto
MUSICIANS/B/Bayliss_Richard/Spearhead_Redux.sid	2	125	auto
MUSICIANS/B/Bayliss_Richard/Spearhead_Redux.sid	5	125	auto
MUSICIANS/B/Bayliss_Richard/Spectrum_Analyzer.sid	1	125	auto
MUSICIANS/B/Bayliss_Richard/Speed_It_Up.sid	1	143	auto
MUSICIANS/B/Bayliss_Richard/Speeding_Highway.sid	1	125	auto
MUSICIANS/B/Bayliss_Richard/Speedloader.sid	1	125	auto
MUSICIANS/B/Bayliss_Richard/Spider_Maze.sid	1	107	auto
MUSICIANS/B/Bayliss_Richard/Spider_Maze.sid	4	151	auto
MUSICIANS/B/Bayliss_Richard/Spider_Maze_2.sid	1	124	auto
MUSICIANS/B/Bayliss_Richard/Spider_Maze_2.sid	2	124	auto
MUSICIANS/B/Bayliss_Richard/Spider_Maze_2.sid	3	150	auto
MUSICIANS/B/Bayliss_Richard/Spider_Maze_2.sid	4	124	auto
MUSICIANS/B/Bayliss_Richard/Spiritual_World.sid	1	125	auto
MUSICIANS/B/Bayliss_Richard/Spittis_Search_v2.sid	1	125	auto
MUSICIANS/B/Bayliss_Richard/Spittis_Search_v2.sid	2	125	auto
MUSICIANS/B/Bayliss_Richard/Splidge_and_the_Snowmen.sid	1	125	auto
MUSICIANS/B/Bayliss_Richard/Split_Second.sid	1	124	auto
MUSICIANS/B/Bayliss_Richard/Split_Second_Enhanced.sid	1	124	auto
MUSICIANS/B/Bayliss_Richard/Split_Second_Enhanced.sid	2	124	auto
MUSICIANS/B/Bayliss_Richard/Split_Second_Enhanced.sid	3	124	auto
MUSICIANS/B/Bayliss_Richard/Split_Second_Enhanced.sid	4	125	auto
MUSICIANS/B/Bayliss_Richard/Spooky_Road.sid	1	124	auto
MUSICIANS/B/Bayliss_Richard/Spring_Mood.sid	1	125	auto
MUSICIANS/B/Bayliss_Richard/Spy_Kombat-Vox_Mission.sid	1	150	auto
MUSICIANS/B/Bayliss_Richard/Spyders_2_title.sid	1	151	auto
MUSICIANS/B/Bayliss_Richard/Spyders_C64-Chapter_1.sid	1	124	auto
MUSICIANS/B/Bayliss_Richard/Spyders_C64-Chapter_1.sid	2	150	auto
MUSICIANS/B/Bayliss_Richard/Square_Pit_64.sid	1	125	auto
MUSICIANS/B/Bayliss_Richard/Squibblies.sid	1	125	auto
MUSICIANS/B/Bayliss_Richard/Squibblies.sid	2	125	auto
MUSICIANS/B/Bayliss_Richard/Squibblies_2.sid	1	126	auto
MUSICIANS/B/Bayliss_Richard/Squibblies_2.sid	2	125	auto
MUSICIANS/B/Bayliss_Richard/Squibblies_3.sid	1	125	auto
MUSICIANS/B/Bayliss_Richard/Squibblies_3.sid	4	124	auto
MUSICIANS/B/Bayliss_Richard/Squibbly_Skwobs_Big_Day_Out.sid	1	125	auto
MUSICIANS/B/Bayliss_Richard/Star_Blazers_game.sid	1	125	auto
MUSICIANS/B/Bayliss_Richard/Star_Blazers_menu.sid	1	125	auto
MUSICIANS/B/Bayliss_Richard/Star_Frontiers.sid	1	123	auto
MUSICIANS/B/Bayliss_Richard/Star_Hawx.sid	1	124	auto
MUSICIANS/B/Bayliss_Richard/Star_Hawx.sid	2	125	auto
MUSICIANS/B/Bayliss_Richard/Star_Hawx.sid	3	125	auto
MUSICIANS/B/Bayliss_Richard/Star_Lifter_Remix.sid	1	125	auto
MUSICIANS/B/Bayliss_Richard/Star_Mig.sid	1	125	auto
MUSICIANS/B/Bayliss_Richard/Star_Phoenix.sid	1	125	auto
MUSICIANS/B/Bayliss_Richard/Star_Signal.sid	1	125	auto
MUSICIANS/B/Bayliss_Richard/Star_Toast.sid	1	124	auto
MUSICIANS/B/Bayliss_Richard/Star_Wars_Dance_Mix.sid	1	124	auto
MUSICIANS/B/Bayliss_Richard/Starfysh.sid	1	125	auto
MUSICIANS/B/Bayliss_Richard/Starfysh.sid	2	125	auto
MUSICIANS/B/Bayliss_Richard/Starfysh.sid	3	124	auto
MUSICIANS/B/Bayliss_Richard/Starfysh_Remix.sid	1	125	auto
MUSICIANS/B/Bayliss_Richard/Starfysh_Remix.sid	2	125	auto
MUSICIANS/B/Bayliss_Richard/Starfysh_Remix.sid	3	125	auto
MUSICIANS/B/Bayliss_Richard/Starfysh_Remix.sid	7	125	auto
MUSICIANS/B/Bayliss_Richard/Starfysh_Remix.sid	8	124	auto
MUSICIANS/B/Bayliss_Richard/Starfysh_Remix.sid	9	151	auto
MUSICIANS/B/Bayliss_Richard/Starfysh_Remix.sid	10	124	auto
MUSICIANS/B/Bayliss_Richard/Stargate_412.sid	1	125	auto
MUSICIANS/B/Bayliss_Richard/Stealth_4.sid	7	125	auto
MUSICIANS/B/Bayliss_Richard/Storm_Chase.sid	1	125	auto
MUSICIANS/B/Bayliss_Richard/Storm_Remix.sid	1	124	auto
MUSICIANS/B/Bayliss_Richard/Storm_Tribute.sid	1	124	auto
MUSICIANS/B/Bayliss_Richard/Stranded.sid	1	125	auto
MUSICIANS/B/Bayliss_Richard/Streets_of_Fury.sid	1	125	auto
MUSICIANS/B/Bayliss_Richard/Stress_Overload.sid	1	125	auto
MUSICIANS/B/Bayliss_Richard/Strike_Team_Alpha.sid	1	125	auto
MUSICIANS/B/Bayliss_Richard/Strike_Team_Alpha.sid	2	125	auto
MUSICIANS/B/Bayliss_Richard/Strike_Team_Alpha.sid	3	125	auto
MUSICIANS/B/Bayliss_Richard/Strike_Team_Delta.sid	1	125	auto
MUSICIANS/B/Bayliss_Richard/Strike_Team_Delta.sid	2	124	auto
MUSICIANS/B/Bayliss_Richard/Strike_Team_Delta.sid	3	125	auto
MUSICIANS/B/Bayliss_Richard/Strip_Darts.sid	1	94	auto
MUSICIANS/B/Bayliss_Richard/Strobestorm.sid	1	125	auto
MUSICIANS/B/Bayliss_Richard/Sub_Duel.sid	1	125	auto
MUSICIANS/B/Bayliss_Richard/Sub_Duel.sid	2	125	auto
MUSICIANS/B/Bayliss_Richard/Sub_Duel.sid	3	125	auto
MUSICIANS/B/Bayliss_Richard/Sub_Hunter_prototype.sid	1	125	auto
MUSICIANS/B/Bayliss_Richard/Sub_Hunter_tape_loader.sid	1	125	auto
MUSICIANS/B/Bayliss_Richard/Sub_Hunter_tape_loader_remix.sid	1	125	auto
MUSICIANS/B/Bayliss_Richard/Sub_Zero_Remix.sid	1	125	auto
MUSICIANS/B/Bayliss_Richard/Subhunter.sid	1	124	auto
MUSICIANS/B/Bayliss_Richard/Suburbia_DMC_Mix.sid	1	125	auto
MUSICIANS/B/Bayliss_Richard/Such_a_Wonderful_Dream.sid	1	125	auto
MUSICIANS/B/Bayliss_Richard/Such_a_Wonderful_Dream.sid	2	124	auto
MUSICIANS/B/Bayliss_Richard/Summer_Rain.sid	1	125	auto
MUSICIANS/B/Bayliss_Richard/Summer_Timebooze_2SID.sid	1	124	auto
MUSICIANS/B/Bayliss_Richard/Sun_in_My_Eyes.sid	1	151	auto
MUSICIANS/B/Bayliss_Richard/Super_Galaxys_Duel.sid	1	124	auto
MUSICIANS/B/Bayliss_Richard/Super_Galaxys_Duel.sid	2	125	auto
MUSICIANS/B/Bayliss_Richard/Super_Galaxys_preview_v1_1.sid	1	125	auto
MUSICIANS/B/Bayliss_Richard/Super_Pac_Twins.sid	3	124	auto
MUSICIANS/B/Bayliss_Richard/Super_Pac_Twins.sid	4	150	auto
MUSICIANS/B/Bayliss_Richard/Super_Pac_Twins.sid	5	125	auto
MUSICIANS/B/Bayliss_Richard/Super_Seven.sid	1	124	auto
MUSICIANS/B/Bayliss_Richard/Super_Seven.sid	2	125	auto
MUSICIANS/B/Bayliss_Richard/Super_Silverfish.sid	1	125	auto
MUSICIANS/B/Bayliss_Richard/Super_Silverfish.sid	2	125	auto
MUSICIANS/B/Bayliss_Richard/Super_TAU-Zeta_2_Redux.sid	1	124	auto
MUSICIANS/B/Bayliss_Richard/Super_TAU-Zeta_2_Redux.sid	2	124	auto
MUSICIANS/B/Bayliss_Richard/Super_TAU-Zeta_2_Redux.sid	5	125	auto
MUSICIANS/B/Bayliss_Richard/Super_Tau-Zeta.sid	2	125	auto
MUSICIANS/B/Bayliss_Richard/Super_Tau-Zeta.sid	4	124	auto
MUSICIANS/B/Bayliss_Richard/Super_Tau-Zeta.sid	5	124	auto
MUSICIANS/B/Bayliss_Richard/Super_Trance.sid	1	125	auto
MUSICIANS/B/Bayliss_Richard/Sweep_the_Floor.sid	1	124	auto
MUSICIANS/B/Bayliss_Richard/Switch_It.sid	1	125	auto
MUSICIANS/B/Bayliss_Richard/Sylphwyrm.sid	1	124	auto
MUSICIANS/B/Bayliss_Richard/Synthia_2-Revenge_of_the_ID.sid	1	125	auto
MUSICIANS/B/Bayliss_Richard/Synthia_2-Revenge_of_the_ID.sid	2	125	auto
MUSICIANS/B/Bayliss_Richard/Synthia_2-Revenge_of_the_ID.sid	3	124	auto
MUSICIANS/B/Bayliss_Richard/Synthia_in_the_Cyber_Crypt.sid	1	125	auto
MUSICIANS/B/Bayliss_Richard/Synthia_in_the_Cyber_Crypt.sid	2	124	auto
MUSICIANS/B/Bayliss_Richard/Synthia_in_the_Cyber_Crypt.sid	3	124	auto
MUSICIANS/B/Bayliss_Richard/Synthia_in_the_Cyber_Crypt.sid	4	125	auto
MUSICIANS/B/Bayliss_Richard/TND_Disco.sid	1	125	auto
MUSICIANS/B/Bayliss_Richard/TND_Intro_2004.sid	1	125	auto
MUSICIANS/B/Bayliss_Richard/TND_Intro_2009.sid	1	83	auto
MUSICIANS/B/Bayliss_Richard/TND_Intro_2017_v2.sid	1	125	auto
MUSICIANS/B/Bayliss_Richard/TND_Loader_2013.sid	1	124	auto
MUSICIANS/B/Bayliss_Richard/TND_Loader_2020.sid	1	125	auto
MUSICIANS/B/Bayliss_Richard/TND_Loader_V3.sid	1	124	auto
MUSICIANS/B/Bayliss_Richard/TND_Rave_Storm.sid	1	150	auto
MUSICIANS/B/Bayliss_Richard/T_N_D_Loader_2016-Remixed.sid	1	125	auto
MUSICIANS/B/Bayliss_Richard/Taipan.sid	1	125	auto
MUSICIANS/B/Bayliss_Richard/Taipan.sid	2	125	auto
MUSICIANS/B/Bayliss_Richard/Take_Me_Back_to_1982.sid	1	125	auto
MUSICIANS/B/Bayliss_Richard/Take_a_Break.sid	1	125	auto
MUSICIANS/B/Bayliss_Richard/Taking_It_Serious.sid	1	125	auto
MUSICIANS/B/Bayliss_Richard/Talking.sid	1	125	auto
MUSICIANS/B/Bayliss_Richard/Tank_Blasta.sid	1	124	auto
MUSICIANS/B/Bayliss_Richard/Tank_Blasta.sid	2	124	auto
MUSICIANS/B/Bayliss_Richard/Tanks_3000_Preview.sid	1	125	auto
MUSICIANS/B/Bayliss_Richard/Tanx.sid	1	125	auto
MUSICIANS/B/Bayliss_Richard/Tape_Loader_Power.sid	1	125	auto
MUSICIANS/B/Bayliss_Richard/Target-X_2.sid	1	125	auto
MUSICIANS/B/Bayliss_Richard/Target-X_2.sid	2	125	auto
MUSICIANS/B/Bayliss_Richard/Target_X.sid	1	124	auto
MUSICIANS/B/Bayliss_Richard/Tarkus_4K.sid	1	125	auto
MUSICIANS/B/Bayliss_Richard/Tarkus_V1.sid	1	124	auto
MUSICIANS/B/Bayliss_Richard/Tasered_in_the_Crotch.sid	1	124	auto
MUSICIANS/B/Bayliss_Richard/Tasered_in_the_Crotch.sid	2	124	auto
MUSICIANS/B/Bayliss_Richard/Tasered_in_the_Crotch.sid	6	125	auto
MUSICIANS/B/Bayliss_Richard/Taste_This_Beat.sid	1	125	auto
MUSICIANS/B/Bayliss_Richard/Tau-Zeta.sid	1	125	auto
MUSICIANS/B/Bayliss_Richard/Tau_Omega-Redux.sid	1	125	auto
MUSICIANS/B/Bayliss_Richard/Tau_Zero.sid	1	124	auto
MUSICIANS/B/Bayliss_Richard/Tau_Zero_Reloaded.sid	2	124	auto
MUSICIANS/B/Bayliss_Richard/Tau_Zero_Reloaded.sid	3	124	auto
MUSICIANS/B/Bayliss_Richard/Tau_Zero_Reloaded.sid	4	125	auto
MUSICIANS/B/Bayliss_Richard/Tea_Please.sid	1	125	auto
MUSICIANS/B/Bayliss_Richard/Tears.sid	1	125	auto
MUSICIANS/B/Bayliss_Richard/Tears_for_Fears.sid	1	125	auto
MUSICIANS/B/Bayliss_Richard/Tech_Melody.sid	1	125	auto
MUSICIANS/B/Bayliss_Richard/Technix.sid	1	124	auto
MUSICIANS/B/Bayliss_Richard/Techno-Matic.sid	1	125	auto
MUSICIANS/B/Bayliss_Richard/Techno_2.sid	1	125	auto
MUSICIANS/B/Bayliss_Richard/Techno_3.sid	1	125	auto
MUSICIANS/B/Bayliss_Richard/Techno_Heat.sid	1	125	auto
MUSICIANS/B/Bayliss_Richard/Techno_Mix.sid	1	125	auto
MUSICIANS/B/Bayliss_Richard/Teeth.sid	1	124	auto
MUSICIANS/B/Bayliss_Richard/Teeth.sid	2	124	auto
MUSICIANS/B/Bayliss_Richard/Tell_It_to_Your_Heart.sid	1	125	auto
MUSICIANS/B/Bayliss_Richard/Terminator.sid	1	125	auto
MUSICIANS/B/Bayliss_Richard/Text_Me_Tonight.sid	1	125	auto
MUSICIANS/B/Bayliss_Richard/Thank_You.sid	1	124	auto
MUSICIANS/B/Bayliss_Richard/Thanks_Syndrom.sid	1	125	auto
MUSICIANS/B/Bayliss_Richard/That_Annoying_Ring_Tone.sid	1	150	auto
MUSICIANS/B/Bayliss_Richard/This_Counts.sid	1	125	auto
MUSICIANS/B/Bayliss_Richard/This_Is_War.sid	1	124	auto
MUSICIANS/B/Bayliss_Richard/This_Is_War.sid	2	125	auto
MUSICIANS/B/Bayliss_Richard/This_Way_to_Heaven.sid	1	125	auto
MUSICIANS/B/Bayliss_Richard/This_Way_to_X2008.sid	1	124	auto
MUSICIANS/B/Bayliss_Richard/Thoughtless.sid	1	125	auto
MUSICIANS/B/Bayliss_Richard/Three_Points_to_Go.sid	1	125	auto
MUSICIANS/B/Bayliss_Richard/Through_Space.sid	1	125	auto
MUSICIANS/B/Bayliss_Richard/Thunder_Arena.sid	1	125	auto
MUSICIANS/B/Bayliss_Richard/Thunder_Bird.sid	1	124	auto
MUSICIANS/B/Bayliss_Richard/Thunderload-Extended_Mix.sid	1	125	auto
MUSICIANS/B/Bayliss_Richard/Thunderload_6.sid	1	125	auto
MUSICIANS/B/Bayliss_Richard/Thunderstorm.sid	1	125	auto
MUSICIANS/B/Bayliss_Richard/Tick_Tock_Time_Bomb.sid	1	151	auto
MUSICIANS/B/Bayliss_Richard/Time_Out.sid	1	125	auto
MUSICIANS/B/Bayliss_Richard/Time_Portal.sid	1	125	auto
MUSICIANS/B/Bayliss_Richard/Time_Takes_Its_Toll.sid	1	125	auto
MUSICIANS/B/Bayliss_Richard/To_the_Oldschool.sid	1	125	auto
MUSICIANS/B/Bayliss_Richard/Toilet_Paper_Stacker.sid	1	124	auto
MUSICIANS/B/Bayliss_Richard/Toilet_Paper_Stacker.sid	3	125	auto
MUSICIANS/B/Bayliss_Richard/Toilet_Paper_Stacker.sid	4	125	auto
MUSICIANS/B/Bayliss_Richard/Tokyos_Swingers.sid	1	125	auto
MUSICIANS/B/Bayliss_Richard/Tomb_of_Dracula.sid	1	125	auto
MUSICIANS/B/Bayliss_Richard/Tower_of_5_25_Disks.sid	1	125	auto
MUSICIANS/B/Bayliss_Richard/Toxic_2020_Edition.sid	1	107	auto
MUSICIANS/B/Bayliss_Richard/Toxic_2020_Edition.sid	2	107	auto
MUSICIANS/B/Bayliss_Richard/Track_This.sid	1	124	auto
MUSICIANS/B/Bayliss_Richard/Train_Ride.sid	1	150	auto
MUSICIANS/B/Bayliss_Richard/Trance_Sector.sid	2	150	auto
MUSICIANS/B/Bayliss_Richard/Trance_Sector.sid	3	151	auto
MUSICIANS/B/Bayliss_Richard/Trance_Sector.sid	5	151	auto
MUSICIANS/B/Bayliss_Richard/Trance_Sector.sid	6	150	auto
MUSICIANS/B/Bayliss_Richard/Trance_Sector.sid	11	151	auto
MUSICIANS/B/Bayliss_Richard/Trance_Sector.sid	14	150	auto
MUSICIANS/B/Bayliss_Richard/Trance_Sector_Loader_Remix_2SID.sid	1	151	auto
MUSICIANS/B/Bayliss_Richard/Trance_Sector_Ultimate.sid	1	150	auto
MUSICIANS/B/Bayliss_Richard/Trance_Sector_Ultimate.sid	2	150	auto
MUSICIANS/B/Bayliss_Richard/Trance_Sector_Ultimate.sid	3	151	auto
MUSICIANS/B/Bayliss_Richard/Trance_Sector_Ultimate.sid	8	150	auto
MUSICIANS/B/Bayliss_Richard/Trance_Sector_Ultimate.sid	11	150	auto
MUSICIANS/B/Bayliss_Richard/Trance_no_1.sid	1	125	auto
MUSICIANS/B/Bayliss_Richard/Tranced_Out.sid	1	125	auto
MUSICIANS/B/Bayliss_Richard/Trancetro.sid	1	151	auto
MUSICIANS/B/Bayliss_Richard/Tranquility.sid	1	125	auto
MUSICIANS/B/Bayliss_Richard/Trash_Course.sid	1	125	auto
MUSICIANS/B/Bayliss_Richard/Trash_Course.sid	2	125	auto
MUSICIANS/B/Bayliss_Richard/Trash_Course.sid	5	125	auto
MUSICIANS/B/Bayliss_Richard/Treason_and_Betrayal.sid	1	124	auto
MUSICIANS/B/Bayliss_Richard/Trekky.sid	1	125	auto
MUSICIANS/B/Bayliss_Richard/Trekky.sid	3	126	auto
MUSICIANS/B/Bayliss_Richard/Trip_to_Space.sid	1	125	auto
MUSICIANS/B/Bayliss_Richard/Trip_to_Triton.sid	1	125	auto
MUSICIANS/B/Bayliss_Richard/Trojahn.sid	1	124	auto
MUSICIANS/B/Bayliss_Richard/Trojahn.sid	2	125	auto
MUSICIANS/B/Bayliss_Richard/Trojahn.sid	5	107	auto
MUSICIANS/B/Bayliss_Richard/Tropic_Fun.sid	1	125	auto
MUSICIANS/B/Bayliss_Richard/Tropicana.sid	1	125	auto
MUSICIANS/B/Bayliss_Richard/Trusted_People.sid	1	125	auto
MUSICIANS/B/Bayliss_Richard/Tubes_n_Balls.sid	1	125	auto
MUSICIANS/B/Bayliss_Richard/Twice_Gone.sid	1	124	auto
MUSICIANS/B/Bayliss_Richard/Twice_the_Delight.sid	1	125	auto
MUSICIANS/B/Bayliss_Richard/Twinkle_Twinkle_Little_Starz.sid	1	125	auto
MUSICIANS/B/Bayliss_Richard/Typically.sid	1	150	auto
MUSICIANS/B/Bayliss_Richard/Ultimate_Dance-A-Load.sid	1	94	auto
MUSICIANS/B/Bayliss_Richard/Ultimate_Power.sid	1	125	auto
MUSICIANS/B/Bayliss_Richard/Ultra_Blazer_26.sid	1	125	auto
MUSICIANS/B/Bayliss_Richard/Ultra_Blazer_26.sid	2	124	auto
MUSICIANS/B/Bayliss_Richard/Ultra_Blazer_26.sid	3	125	auto
MUSICIANS/B/Bayliss_Richard/Ultra_Blazer_26.sid	4	125	auto
MUSICIANS/B/Bayliss_Richard/Ultra_Blazer_26.sid	6	125	auto
MUSICIANS/B/Bayliss_Richard/Umi_Colors.sid	1	125	auto
MUSICIANS/B/Bayliss_Richard/Umi_Colors.sid	2	124	auto
MUSICIANS/B/Bayliss_Richard/Un-responsive.sid	1	125	auto
MUSICIANS/B/Bayliss_Richard/Under_Arrest.sid	1	124	auto
MUSICIANS/B/Bayliss_Richard/Underwater_Theme_remix.sid	1	150	auto
MUSICIANS/B/Bayliss_Richard/Up_in_the_Air.sid	1	125	auto
MUSICIANS/B/Bayliss_Richard/Up_in_the_Air.sid	5	125	auto
MUSICIANS/B/Bayliss_Richard/Up_the_Wall.sid	1	125	auto
MUSICIANS/B/Bayliss_Richard/VIOS_2011-Special_Edition.sid	1	125	auto
MUSICIANS/B/Bayliss_Richard/VIOS_2011-Special_Edition.sid	2	125	auto
MUSICIANS/B/Bayliss_Richard/Valient_One.sid	1	125	auto
MUSICIANS/B/Bayliss_Richard/Valkyrie_2.sid	1	125	auto
MUSICIANS/B/Bayliss_Richard/Valkyrie_3.sid	1	125	auto
MUSICIANS/B/Bayliss_Richard/Valkyrie_3.sid	2	124	auto
MUSICIANS/B/Bayliss_Richard/Valkyrie_3_Enhanced.sid	1	124	auto
MUSICIANS/B/Bayliss_Richard/Valkyrie_3_Enhanced.sid	2	125	auto
MUSICIANS/B/Bayliss_Richard/Valkyrie_3_Enhanced.sid	3	124	auto
MUSICIANS/B/Bayliss_Richard/Valkyrie_3_Enhanced.sid	5	150	auto
MUSICIANS/B/Bayliss_Richard/Valkyrie_3_Enhanced.sid	6	124	auto
MUSICIANS/B/Bayliss_Richard/Vault.sid	1	125	auto
MUSICIANS/B/Bayliss_Richard/Venus_Fly_Trap.sid	1	125	auto
MUSICIANS/B/Bayliss_Richard/Vice_from_Miami.sid	1	125	auto
MUSICIANS/B/Bayliss_Richard/Virtual_Insanity.sid	1	125	auto
MUSICIANS/B/Bayliss_Richard/Visit_Our_Site.sid	1	124	auto
MUSICIANS/B/Bayliss_Richard/Vortex_Crystals.sid	1	125	auto
MUSICIANS/B/Bayliss_Richard/Vortex_Crystals.sid	2	125	auto
MUSICIANS/B/Bayliss_Richard/Vortex_Crystals_2017.sid	1	125	auto
MUSICIANS/B/Bayliss_Richard/Vortex_Crystals_2017.sid	2	94	auto
MUSICIANS/B/Bayliss_Richard/Vortex_Crystals_2017.sid	3	125	auto
MUSICIANS/B/Bayliss_Richard/Vortex_Crystals_2017.sid	4	125	auto
MUSICIANS/B/Bayliss_Richard/Vortex_Crystals_2017.sid	5	125	auto
MUSICIANS/B/Bayliss_Richard/W_O_T_Worlds.sid	1	125	auto
MUSICIANS/B/Bayliss_Richard/Wacky_Waste.sid	1	125	auto
MUSICIANS/B/Bayliss_Richard/Wake_Up_remix.sid	1	125	auto
MUSICIANS/B/Bayliss_Richard/Waking_Dead_Intro.sid	1	116	auto
MUSICIANS/B/Bayliss_Richard/Walk_of_Silence.sid	1	125	auto
MUSICIANS/B/Bayliss_Richard/Wall_of_Fire.sid	1	125	auto
MUSICIANS/B/Bayliss_Richard/Wanderer.sid	1	124	auto
MUSICIANS/B/Bayliss_Richard/War_Across_the_Galaxy.sid	1	125	auto
MUSICIANS/B/Bayliss_Richard/Washout.sid	2	124	auto
MUSICIANS/B/Bayliss_Richard/Waste_Disposal.sid	1	124	auto
MUSICIANS/B/Bayliss_Richard/Wasted_Techno.sid	1	125	auto
MUSICIANS/B/Bayliss_Richard/Wasting_Rastertime.sid	1	150	auto
MUSICIANS/B/Bayliss_Richard/Wasting_Time.sid	1	125	auto
MUSICIANS/B/Bayliss_Richard/Way_to_Get_There.sid	1	124	auto
MUSICIANS/B/Bayliss_Richard/Weights_and_Crates_Deluxe.sid	1	150	auto
MUSICIANS/B/Bayliss_Richard/Weights_and_Crates_Deluxe.sid	2	124	auto
MUSICIANS/B/Bayliss_Richard/Weights_and_Crates_Deluxe.sid	3	125	auto
MUSICIANS/B/Bayliss_Richard/Weights_and_Crates_Deluxe.sid	7	124	auto
MUSICIANS/B/Bayliss_Richard/Weights_and_Crates_Deluxe.sid	8	75	auto
MUSICIANS/B/Bayliss_Richard/Well_Racked_Off.sid	1	124	auto
MUSICIANS/B/Bayliss_Richard/Western_Mayhem.sid	1	150	auto
MUSICIANS/B/Bayliss_Richard/What_the.sid	1	125	auto
MUSICIANS/B/Bayliss_Richard/What_the_Hell_Is_This_Crap.sid	1	94	auto
MUSICIANS/B/Bayliss_Richard/Whats_Your_Game.sid	1	150	auto
MUSICIANS/B/Bayliss_Richard/Whoomp_There_It_Is.sid	1	125	auto
MUSICIANS/B/Bayliss_Richard/Whoomp_There_It_Is_remix.sid	1	125	auto
MUSICIANS/B/Bayliss_Richard/Wild_Wafers_Deluxe.sid	1	125	auto
MUSICIANS/B/Bayliss_Richard/Will_of_Justice.sid	1	125	auto
MUSICIANS/B/Bayliss_Richard/Wind-Slow.sid	1	125	auto
MUSICIANS/B/Bayliss_Richard/Windy-Fast.sid	1	124	auto
MUSICIANS/B/Bayliss_Richard/Winter_Wind.sid	1	125	auto
MUSICIANS/B/Bayliss_Richard/Wizards_and_Warlocks.sid	1	124	auto
MUSICIANS/B/Bayliss_Richard/Woolly_Jumper.sid	1	125	auto
MUSICIANS/B/Bayliss_Richard/Woolly_Jumper.sid	2	125	auto
MUSICIANS/B/Bayliss_Richard/Woolly_Jumper.sid	6	124	auto
MUSICIANS/B/Bayliss_Richard/Woolly_Jumper_Loader_v4.sid	1	125	auto
MUSICIANS/B/Bayliss_Richard/Woolly_Jumper_Special_Edition.sid	1	125	auto
MUSICIANS/B/Bayliss_Richard/Woolly_Jumper_Special_Edition.sid	2	125	auto
MUSICIANS/B/Bayliss_Richard/Woolly_Jumper_Special_Edition.sid	7	125	auto
MUSICIANS/B/Bayliss_Richard/Woolly_Jumper_Special_Edition.sid	8	124	auto
MUSICIANS/B/Bayliss_Richard/Woolly_Jumper_Special_Edition.sid	10	125	auto
MUSICIANS/B/Bayliss_Richard/Woolly_Jumper_Special_Edition.sid	12	124	auto
MUSICIANS/B/Bayliss_Richard/Woolly_Jumper_Special_Edition.sid	13	125	auto
MUSICIANS/B/Bayliss_Richard/World_of_Frustration.sid	1	125	auto
MUSICIANS/B/Bayliss_Richard/X-Force.sid	1	151	auto
MUSICIANS/B/Bayliss_Richard/X-Force.sid	3	150	auto
MUSICIANS/B/Bayliss_Richard/X-Force.sid	7	150	auto
MUSICIANS/B/Bayliss_Richard/X-Force_Sales_Version_Loader.sid	1	151	auto
MUSICIANS/B/Bayliss_Richard/X-Static.sid	1	143	auto
MUSICIANS/B/Bayliss_Richard/XXX_X-treme_Zorbing.sid	1	125	auto
MUSICIANS/B/Bayliss_Richard/XXX_X-treme_Zorbing.sid	2	151	auto
MUSICIANS/B/Bayliss_Richard/Xetris.sid	1	125	auto
MUSICIANS/B/Bayliss_Richard/Xetris.sid	2	125	auto
MUSICIANS/B/Bayliss_Richard/Xetris.sid	3	125	auto
MUSICIANS/B/Bayliss_Richard/Xetris.sid	4	125	auto
MUSICIANS/B/Bayliss_Richard/Xmas_Crazy.sid	1	124	auto
MUSICIANS/B/Bayliss_Richard/Xmas_Crazy.sid	2	125	auto
MUSICIANS/B/Bayliss_Richard/Xmas_Crazy.sid	4	125	auto
MUSICIANS/B/Bayliss_Richard/Xmas_Crazy.sid	6	125	auto
MUSICIANS/B/Bayliss_Richard/Xmas_Party.sid	1	125	auto
MUSICIANS/B/Bayliss_Richard/Yaks_Revenge.sid	1	125	auto
MUSICIANS/B/Bayliss_Richard/Yars_Revenge_2.sid	1	124	auto
MUSICIANS/B/Bayliss_Richard/Yars_Revenge_3.sid	1	125	auto
MUSICIANS/B/Bayliss_Richard/Yauzeras.sid	1	125	auto
MUSICIANS/B/Bayliss_Richard/Yauzeras.sid	2	125	auto
MUSICIANS/B/Bayliss_Richard/Ye_Knights_of_the_Coffee_Table.sid	1	94	auto
MUSICIANS/B/Bayliss_Richard/Yellow_Circle.sid	1	125	auto
MUSICIANS/B/Bayliss_Richard/Yet_Another_Airwolf_Remix.sid	1	83	auto
MUSICIANS/B/Bayliss_Richard/Yet_Another_Airwolf_Remix_2x.sid	1	83	auto
MUSICIANS/B/Bayliss_Richard/You_Be_Mine.sid	1	151	auto
MUSICIANS/B/Bayliss_Richard/You_Can_Know.sid	1	124	auto
MUSICIANS/B/Bayliss_Richard/You_Need_No_More_v2.sid	1	125	auto
MUSICIANS/B/Bayliss_Richard/You_Rock_the_Boat.sid	1	125	auto
MUSICIANS/B/Bayliss_Richard/Zap_Fight_2-Title_Remix.sid	1	151	auto
MUSICIANS/B/Bayliss_Richard/Zap_Fight_2.sid	6	150	auto
MUSICIANS/B/Bayliss_Richard/Zap_Zone.sid	1	125	auto
MUSICIANS/B/Bayliss_Richard/Zap_n_Load.sid	1	125	auto
MUSICIANS/B/Bayliss_Richard/Zapped_into_Oblivion.sid	1	150	auto
MUSICIANS/B/Bayliss_Richard/Zombies_Demopart.sid	1	125	auto
MUSICIANS/B/Bayliss_Richard/Zone_of_Torture.sid	1	125	auto
MUSICIANS/B/Bayliss_Richard/Zzapped_in_the_Butt-Deluxe.sid	1	125	auto
MUSICIANS/B/Bayliss_Richard/Zzapped_in_the_Butt-Deluxe.sid	2	124	auto
MUSICIANS/B/Bayliss_Richard/Zzapped_in_the_Butt-Deluxe.sid	3	125	auto
MUSICIANS/B/Beast/Discmonsters_Intro.sid	1	94	auto
MUSICIANS/B/Beat_Machine/Aciiiiiid.sid	1	125	auto
MUSICIANS/B/Beat_Machine/Check_This_Out.sid	1	125	auto
MUSICIANS/B/Beat_Machine/Chris/711_Intro.sid	1	125	auto
MUSICIANS/B/Beat_Machine/Chris/Airwolf_Strikes_Back.sid	1	125	auto
MUSICIANS/B/Beat_Machine/Chris/Airwolf_remix.sid	1	84	auto
MUSICIANS/B/Beat_Machine/Chris/Always_on_My_Mind.sid	1	125	auto
MUSICIANS/B/Beat_Machine/Chris/Art_Designer_tune_1.sid	1	125	auto
MUSICIANS/B/Beat_Machine/Chris/Avengers.sid	1	125	auto
MUSICIANS/B/Beat_Machine/Chris/Axel_F.sid	1	124	auto
MUSICIANS/B/Beat_Machine/Chris/Crest_Rules.sid	1	125	auto
MUSICIANS/B/Beat_Machine/Chris/Deneb.sid	1	125	auto
MUSICIANS/B/Beat_Machine/Chris/Deneb.sid	2	125	auto
MUSICIANS/B/Beat_Machine/Chris/Deneb.sid	3	125	auto
MUSICIANS/B/Beat_Machine/Chris/Digital-Mix.sid	1	125	auto
MUSICIANS/B/Beat_Machine/Chris/Du_Willst_Mich_Kuessen.sid	1	125	auto
MUSICIANS/B/Beat_Machine/Chris/Fantasia_Country.sid	1	125	auto
MUSICIANS/B/Beat_Machine/Chris/Forever_Together_remix.sid	1	124	auto
MUSICIANS/B/Beat_Machine/Chris/Future_Composer_v2_1.sid	1	125	auto
MUSICIANS/B/Beat_Machine/Chris/Give_Me_Hope_part_2.sid	1	125	auto
MUSICIANS/B/Beat_Machine/Chris/Great_Commandment.sid	1	125	auto
MUSICIANS/B/Beat_Machine/Chris/Hamburger_Royal.sid	1	83	auto
MUSICIANS/B/Beat_Machine/Chris/Human_Race.sid	1	125	auto
MUSICIANS/B/Beat_Machine/Chris/IHWY_part_4.sid	1	124	auto
MUSICIANS/B/Beat_Machine/Chris/I_Dont_Know.sid	1	125	auto
MUSICIANS/B/Beat_Machine/Chris/Ice_Cream.sid	1	125	auto
MUSICIANS/B/Beat_Machine/Chris/Intro_Designer_3_tune_4.sid	1	125	auto
MUSICIANS/B/Beat_Machine/Chris/Intro_Designer_3_tune_6.sid	1	125	auto
MUSICIANS/B/Beat_Machine/Chris/Intro_Designer_3_tune_7.sid	1	124	auto
MUSICIANS/B/Beat_Machine/Chris/Intro_Designer_3_tune_8.sid	1	125	auto
MUSICIANS/B/Beat_Machine/Chris/It_Is_Over.sid	1	124	auto
MUSICIANS/B/Beat_Machine/Chris/Its_a_Sin.sid	1	125	auto
MUSICIANS/B/Beat_Machine/Chris/Japanese_Girl.sid	1	125	auto
MUSICIANS/B/Beat_Machine/Chris/Jeanny.sid	1	124	auto
MUSICIANS/B/Beat_Machine/Chris/Joanna.sid	1	125	auto
MUSICIANS/B/Beat_Machine/Chris/Lets_Disco.sid	1	125	auto
MUSICIANS/B/Beat_Machine/Chris/Looking_for.sid	1	125	auto
MUSICIANS/B/Beat_Machine/Chris/Lost_in_Space.sid	1	125	auto
MUSICIANS/B/Beat_Machine/Chris/Love_Spy.sid	1	125	auto
MUSICIANS/B/Beat_Machine/Chris/Mac_Rib.sid	1	125	auto
MUSICIANS/B/Beat_Machine/Chris/Magic_Caves.sid	1	125	auto
MUSICIANS/B/Beat_Machine/Chris/Megablastic.sid	1	125	auto
MUSICIANS/B/Beat_Machine/Chris/Megablastic.sid	4	124	auto
MUSICIANS/B/Beat_Machine/Chris/No_Reality.sid	1	125	auto
MUSICIANS/B/Beat_Machine/Chris/One_Night.sid	1	124	auto
MUSICIANS/B/Beat_Machine/Chris/Outrun_II_Remix.sid	1	124	auto
MUSICIANS/B/Beat_Machine/Chris/Outrun_II_Remix_v2.sid	1	125	auto
MUSICIANS/B/Beat_Machine/Chris/Outrun_Remix.sid	1	124	auto
MUSICIANS/B/Beat_Machine/Chris/Preview_2.sid	1	124	auto
MUSICIANS/B/Beat_Machine/Chris/Preview_5.sid	1	125	auto
MUSICIANS/B/Beat_Machine/Chris/Preview_6.sid	1	124	auto
MUSICIANS/B/Beat_Machine/Chris/Preview_7.sid	1	125	auto
MUSICIANS/B/Beat_Machine/Chris/Preview_8.sid	1	125	auto
MUSICIANS/B/Beat_Machine/Chris/RTI_Intro.sid	1	151	auto
MUSICIANS/B/Beat_Machine/Chris/Revolution.sid	1	124	auto
MUSICIANS/B/Beat_Machine/Chris/Robot_Area.sid	1	125	auto
MUSICIANS/B/Beat_Machine/Chris/Rough_Theme.sid	1	125	auto
MUSICIANS/B/Beat_Machine/Chris/Skylark.sid	1	125	auto
MUSICIANS/B/Beat_Machine/Chris/Sometimes.sid	1	125	auto
MUSICIANS/B/Beat_Machine/Chris/Street_Skater.sid	1	125	auto
MUSICIANS/B/Beat_Machine/Chris/Street_Skater_v2.sid	2	125	auto
MUSICIANS/B/Beat_Machine/Chris/Suburbia.sid	1	125	auto
MUSICIANS/B/Beat_Machine/Chris/Suburbia_89_Mix.sid	1	125	auto
MUSICIANS/B/Beat_Machine/Chris/Take_on_Me.sid	1	123	auto
MUSICIANS/B/Beat_Machine/Chris/Underground.sid	1	75	auto
MUSICIANS/B/Beat_Machine/Chris/Underground.sid	3	150	auto
MUSICIANS/B/Beat_Machine/Chris/Wake_Up.sid	1	125	auto
MUSICIANS/B/Beat_Machine/Chris/Weird_Dream.sid	1	124	auto
MUSICIANS/B/Beat_Machine/Teamed_Up.sid	1	125	auto
MUSICIANS/B/Beat_Machine/Xayne/Again.sid	1	83	auto
MUSICIANS/B/Beat_Machine/Xayne/Another_GLGL.sid	1	125	auto
MUSICIANS/B/Beat_Machine/Xayne/Autumn.sid	1	83	auto
MUSICIANS/B/Beat_Machine/Xayne/Bo_Bo_Boom.sid	1	125	auto
MUSICIANS/B/Beat_Machine/Xayne/Bubble_Tale_Intro_3.sid	1	83	auto
MUSICIANS/B/Beat_Machine/Xayne/Bustin_Around.sid	1	125	auto
MUSICIANS/B/Beat_Machine/Xayne/Double_Trouble.sid	1	107	auto
MUSICIANS/B/Beat_Machine/Xayne/Double_Trouble.sid	2	125	auto
MUSICIANS/B/Beat_Machine/Xayne/Double_Trouble.sid	3	125	auto
MUSICIANS/B/Beat_Machine/Xayne/Double_Trouble.sid	4	124	auto
MUSICIANS/B/Beat_Machine/Xayne/Double_Trouble.sid	5	125	auto
MUSICIANS/B/Beat_Machine/Xayne/Dull_Jazz.sid	1	125	auto
MUSICIANS/B/Beat_Machine/Xayne/First_Shit_I_Did.sid	1	125	auto
MUSICIANS/B/Beat_Machine/Xayne/Freakin.sid	1	125	auto
MUSICIANS/B/Beat_Machine/Xayne/Friends.sid	1	124	auto
MUSICIANS/B/Beat_Machine/Xayne/Fright_Night.sid	1	125	auto
MUSICIANS/B/Beat_Machine/Xayne/Funky_Stuff.sid	1	125	auto
MUSICIANS/B/Beat_Machine/Xayne/Ghosts.sid	1	125	auto
MUSICIANS/B/Beat_Machine/Xayne/Going_Home.sid	1	94	auto
MUSICIANS/B/Beat_Machine/Xayne/Going_Home_v2.sid	1	94	auto
MUSICIANS/B/Beat_Machine/Xayne/Groove.sid	1	83	auto
MUSICIANS/B/Beat_Machine/Xayne/Groovin.sid	1	83	auto
MUSICIANS/B/Beat_Machine/Xayne/Happy_3.sid	1	125	auto
MUSICIANS/B/Beat_Machine/Xayne/Happy_Gulo.sid	1	125	auto
MUSICIANS/B/Beat_Machine/Xayne/Hipplig.sid	1	125	auto
MUSICIANS/B/Beat_Machine/Xayne/Hope_U_Like_This.sid	1	83	auto
MUSICIANS/B/Beat_Machine/Xayne/Hot_Ice.sid	1	83	auto
MUSICIANS/B/Beat_Machine/Xayne/In_Game_Toon.sid	1	125	auto
MUSICIANS/B/Beat_Machine/Xayne/JT_Remake.sid	1	125	auto
MUSICIANS/B/Beat_Machine/Xayne/Just_for_Intro.sid	1	125	auto
MUSICIANS/B/Beat_Machine/Xayne/Kinda_Funk.sid	1	125	auto
MUSICIANS/B/Beat_Machine/Xayne/Kinda_Funk_normal_bass.sid	1	125	auto
MUSICIANS/B/Beat_Machine/Xayne/Labyrinth.sid	3	125	auto
MUSICIANS/B/Beat_Machine/Xayne/Lady_Madonna.sid	1	125	auto
MUSICIANS/B/Beat_Machine/Xayne/Lame_Old_Tune.sid	1	125	auto
MUSICIANS/B/Beat_Machine/Xayne/Lame_Short_Mix.sid	1	124	auto
MUSICIANS/B/Beat_Machine/Xayne/Latino.sid	1	125	auto
MUSICIANS/B/Beat_Machine/Xayne/McMenu_Tune.sid	1	125	auto
MUSICIANS/B/Beat_Machine/Xayne/Naughty_Times.sid	1	125	auto
MUSICIANS/B/Beat_Machine/Xayne/Nice_Introtune.sid	1	125	auto
MUSICIANS/B/Beat_Machine/Xayne/Not_So_Bad.sid	1	125	auto
MUSICIANS/B/Beat_Machine/Xayne/Off-Newfilter.sid	1	125	auto
MUSICIANS/B/Beat_Machine/Xayne/Old-Older_Crap.sid	1	125	auto
MUSICIANS/B/Beat_Machine/Xayne/Piece_of_Cake.sid	1	124	auto
MUSICIANS/B/Beat_Machine/Xayne/Pre_and_Get_Groove.sid	1	125	auto
MUSICIANS/B/Beat_Machine/Xayne/Pre_and_Get_V2.sid	1	123	auto
MUSICIANS/B/Beat_Machine/Xayne/Psycho.sid	1	125	auto
MUSICIANS/B/Beat_Machine/Xayne/RHCP_Preview_and_Filter.sid	1	125	auto
MUSICIANS/B/Beat_Machine/Xayne/Ragdabiup.sid	1	100	auto
MUSICIANS/B/Beat_Machine/Xayne/Rastatime.sid	1	107	auto
MUSICIANS/B/Beat_Machine/Xayne/Red_Hot_Chilli_Pepper_Intro.sid	1	125	auto
MUSICIANS/B/Beat_Machine/Xayne/Remember.sid	1	124	auto
MUSICIANS/B/Beat_Machine/Xayne/Shorty_2.sid	1	107	auto
MUSICIANS/B/Beat_Machine/Xayne/Shorty_2_v2.sid	1	107	auto
MUSICIANS/B/Beat_Machine/Xayne/Shuffle.sid	1	107	auto
MUSICIANS/B/Beat_Machine/Xayne/Shuffle.sid	3	83	auto
MUSICIANS/B/Beat_Machine/Xayne/Slammer_AOTY.sid	1	124	auto
MUSICIANS/B/Beat_Machine/Xayne/Sliding_Skill.sid	1	107	auto
MUSICIANS/B/Beat_Machine/Xayne/Sliding_Skill.sid	2	125	auto
MUSICIANS/B/Beat_Machine/Xayne/Sliding_Skill.sid	4	125	auto
MUSICIANS/B/Beat_Machine/Xayne/Sliding_Skill.sid	5	124	auto
MUSICIANS/B/Beat_Machine/Xayne/Sliding_Skill.sid	6	125	auto
MUSICIANS/B/Beat_Machine/Xayne/Solexpress.sid	1	125	auto
MUSICIANS/B/Beat_Machine/Xayne/Solexpress_v1.sid	1	125	auto
MUSICIANS/B/Beat_Machine/Xayne/Spinnin_Violin.sid	1	125	auto
MUSICIANS/B/Beat_Machine/Xayne/Straaaange.sid	1	83	auto
MUSICIANS/B/Beat_Machine/Xayne/Strange_Feeling.sid	1	125	auto
MUSICIANS/B/Beat_Machine/Xayne/Summer.sid	1	125	auto
MUSICIANS/B/Beat_Machine/Xayne/TRC_Mega_Co-op.sid	1	124	auto
MUSICIANS/B/Beat_Machine/Xayne/To_Be_Improved.sid	1	125	auto
MUSICIANS/B/Beat_Machine/Xayne/Touch_of_Shit.sid	1	125	auto
MUSICIANS/B/Beat_Machine/Xayne/Touch_of_Shit_V2.sid	1	125	auto
MUSICIANS/B/Beat_Machine/Xayne/Tropical.sid	1	94	auto
MUSICIANS/B/Beat_Machine/Xayne/Vertigo_Remake.sid	1	100	auto
MUSICIANS/B/Beat_Machine/Xayne/Very_Old_Crap.sid	1	125	auto
MUSICIANS/B/Beat_Machine/Xayne/Well_GLGL-OK.sid	1	125	auto
MUSICIANS/B/Beat_Machine/Xayne/Whole_R-Mosfets.sid	1	125	auto
MUSICIANS/B/Beat_Machine/Xayne/X-Glusif.sid	1	125	auto
MUSICIANS/B/Beat_Machine/Xayne/Years_Ago.sid	1	125	auto
MUSICIANS/B/Beatbox/Blue_Monday.sid	1	126	auto
MUSICIANS/B/Beatbox/Evolution.sid	1	126	auto
MUSICIANS/B/Beatbox/Friday_the_13th_end.sid	1	126	auto
MUSICIANS/B/Beatbox/Nova_Hit.sid	1	120	auto
MUSICIANS/B/Beatbox/Orion.sid	1	88	auto
MUSICIANS/B/Beatbox/UB_40.sid	1	133	auto
MUSICIANS/B/Beathoven/For_the_Nature_EP.sid	1	125	auto
MUSICIANS/B/Beathoven/No_1_Test.sid	1	125	auto
MUSICIANS/B/Beathoven/Rock_n_Trance.sid	1	125	auto
MUSICIANS/B/Beathoven/Searching.sid	1	94	auto
MUSICIANS/B/Beathoven/Trancelusion.sid	1	125	auto
MUSICIANS/B/Beathoven/Unnamed.sid	1	125	auto
MUSICIANS/B/Beathoven/Water.sid	1	124	auto
MUSICIANS/B/Beben_Wally/Aaargh.sid	1	125	auto
MUSICIANS/B/Beben_Wally/Aaargh.sid	2	150	auto
MUSICIANS/B/Beben_Wally/Airborne.sid	1	124	auto
MUSICIANS/B/Beben_Wally/Face_It.sid	1	94	auto
MUSICIANS/B/Beben_Wally/Hammerfist.sid	1	75	auto
MUSICIANS/B/Beben_Wally/Hammerfist.sid	2	125	auto
MUSICIANS/B/Beben_Wally/Hammerfist.sid	3	151	auto
MUSICIANS/B/Beben_Wally/Hammerfist.sid	6	151	auto
MUSICIANS/B/Beben_Wally/Hammerfist.sid	7	151	auto
MUSICIANS/B/Beben_Wally/I-Xera.sid	1	150	auto
MUSICIANS/B/Beben_Wally/I-Xera.sid	2	94	auto
MUSICIANS/B/Beben_Wally/Inside_Outing.sid	1	151	auto
MUSICIANS/B/Beben_Wally/March_of_Time.sid	1	125	auto
MUSICIANS/B/Beben_Wally/Merry_Xmas.sid	1	100	auto
MUSICIANS/B/Beben_Wally/Moonlight_Sonata.sid	1	125	auto
MUSICIANS/B/Beben_Wally/Moonshadow.sid	1	94	auto
MUSICIANS/B/Beben_Wally/Moonshadow.sid	2	107	auto
MUSICIANS/B/Beben_Wally/Moonshadow.sid	3	108	auto
MUSICIANS/B/Beben_Wally/Moonshadow.sid	4	150	auto
MUSICIANS/B/Beben_Wally/Octapolis.sid	1	125	auto
MUSICIANS/B/Beben_Wally/Octapolis.sid	3	150	auto
MUSICIANS/B/Beben_Wally/Passing_Phases.sid	1	75	auto
MUSICIANS/B/Beben_Wally/Popped_Corn.sid	1	125	auto
MUSICIANS/B/Beben_Wally/RM_Sampler.sid	1	145	auto
MUSICIANS/B/Beben_Wally/R_I_S_K.sid	1	94	auto
MUSICIANS/B/Beben_Wally/R_I_S_K.sid	2	94	auto
MUSICIANS/B/Beben_Wally/R_I_S_K.sid	3	108	auto
MUSICIANS/B/Beben_Wally/Ransack.sid	1	150	auto
MUSICIANS/B/Beben_Wally/Roadwars.sid	1	150	auto
MUSICIANS/B/Beben_Wally/Scuba_Kidz.sid	1	125	auto
MUSICIANS/B/Beben_Wally/Shockwave.sid	1	125	auto
MUSICIANS/B/Beben_Wally/Shockwave.sid	2	125	auto
MUSICIANS/B/Beben_Wally/Shockwave.sid	9	94	auto
MUSICIANS/B/Beben_Wally/Skindeep.sid	1	75	auto
MUSICIANS/B/Beben_Wally/Starforce_Fighter.sid	1	125	auto
MUSICIANS/B/Beben_Wally/Starforce_Fighter.sid	2	150	auto
MUSICIANS/B/Beben_Wally/Starforce_Fighter.sid	4	151	auto
MUSICIANS/B/Beben_Wally/Starslayer.sid	1	94	auto
MUSICIANS/B/Beben_Wally/Starslayer.sid	3	150	auto
MUSICIANS/B/Beben_Wally/Summer_Olympiad.sid	1	125	auto
MUSICIANS/B/Beben_Wally/Summer_Olympiad.sid	2	94	auto
MUSICIANS/B/Beben_Wally/Summer_Olympiad.sid	3	125	auto
MUSICIANS/B/Beben_Wally/Summer_Olympiad.sid	4	125	auto
MUSICIANS/B/Beben_Wally/Summer_Olympiad.sid	7	94	auto
MUSICIANS/B/Beben_Wally/Superman-Man_of_Steel_V2.sid	1	123	auto
MUSICIANS/B/Beben_Wally/Superman-Man_of_Steel_V2.sid	2	125	auto
MUSICIANS/B/Beben_Wally/Superman-Man_of_Steel_V2.sid	3	125	auto
MUSICIANS/B/Beben_Wally/Tetris.sid	1	107	auto
MUSICIANS/B/Beben_Wally/Tigers_Eye.sid	1	107	auto
MUSICIANS/B/Beben_Wally/Viking.sid	1	150	auto
MUSICIANS/B/Beben_Wally/Winter_Events.sid	3	75	auto
MUSICIANS/B/Beben_Wally/Winter_Events.sid	5	150	auto
MUSICIANS/B/Beben_Wally/Winter_Events.sid	6	94	auto
MUSICIANS/B/Beben_Wally/Winter_Olympiad_88.sid	1	94	auto
MUSICIANS/B/Beben_Wally/Winter_Olympiad_88.sid	3	125	auto
MUSICIANS/B/Beben_Wally/Winter_Olympiad_88.sid	4	124	auto
MUSICIANS/B/Beben_Wally/Winter_Olympiad_88.sid	5	125	auto
MUSICIANS/B/Beben_Wally/Winter_Olympiad_88.sid	6	94	auto
MUSICIANS/B/Beben_Wally/Winter_Olympiad_88_preview.sid	1	94	auto
MUSICIANS/B/Beben_Wally/Winter_Olympiad_88_preview.sid	2	94	auto
MUSICIANS/B/Becher_Patrick/Aborada_Remix.sid	1	126	auto
MUSICIANS/B/Becher_Patrick/Alex_Kid_Remix.sid	1	126	auto
MUSICIANS/B/Becher_Patrick/Battle_Tiger_Title.sid	1	126	auto
MUSICIANS/B/Becher_Patrick/Breakout_Title.sid	1	126	auto
MUSICIANS/B/Becher_Patrick/Come_on_I.sid	1	126	auto
MUSICIANS/B/Becher_Patrick/Coming_Faster.sid	1	126	auto
MUSICIANS/B/Becher_Patrick/Coming_Faster_II.sid	1	128	auto
MUSICIANS/B/Becher_Patrick/Dance_with_Me.sid	1	96	auto
MUSICIANS/B/Becher_Patrick/Dancin_Remix_plus.sid	1	112	auto
MUSICIANS/B/Becher_Patrick/Dreaming_Jaley.sid	1	126	auto
MUSICIANS/B/Becher_Patrick/Fest.sid	1	126	auto
MUSICIANS/B/Becher_Patrick/Funny_Song.sid	1	126	auto
MUSICIANS/B/Becher_Patrick/Go_away_my_love.sid	1	133	auto
MUSICIANS/B/Becher_Patrick/Go_with_Me.sid	1	128	auto
MUSICIANS/B/Becher_Patrick/Hey_Baby_Bug.sid	1	141	auto
MUSICIANS/B/Becher_Patrick/Hey_you.sid	1	126	auto
MUSICIANS/B/Becher_Patrick/Hi_Freak.sid	1	126	auto
MUSICIANS/B/Becher_Patrick/Jeanny_remix.sid	1	131	auto
MUSICIANS/B/Becher_Patrick/Knock_Remix.sid	1	126	auto
MUSICIANS/B/Becher_Patrick/LTD_Limited.sid	1	126	auto
MUSICIANS/B/Becher_Patrick/Lambada_Remix.sid	1	133	auto
MUSICIANS/B/Becher_Patrick/Lets_Dance.sid	1	128	auto
MUSICIANS/B/Becher_Patrick/Lets_Dream_It.sid	1	133	auto
MUSICIANS/B/Becher_Patrick/Like_a_Dancer.sid	1	112	auto
MUSICIANS/B/Becher_Patrick/Little_Song.sid	1	116	auto
MUSICIANS/B/Becher_Patrick/Little_Song_2.sid	1	126	auto
MUSICIANS/B/Becher_Patrick/Little_Song_3.sid	1	117	auto
MUSICIANS/B/Becher_Patrick/Little_Song_4.sid	1	128	auto
MUSICIANS/B/Becher_Patrick/Little_Song_5.sid	1	126	auto
MUSICIANS/B/Becher_Patrick/Little_Song_6.sid	1	128	auto
MUSICIANS/B/Becher_Patrick/Meditationheart.sid	1	141	auto
MUSICIANS/B/Becher_Patrick/Moonfight_2.sid	1	128	auto
MUSICIANS/B/Becher_Patrick/Moonfight_plus.sid	1	95	auto
MUSICIANS/B/Becher_Patrick/Moskau.sid	1	128	auto
MUSICIANS/B/Becher_Patrick/Mozart_I.sid	1	90	auto
MUSICIANS/B/Becher_Patrick/Mr_Rap.sid	1	126	auto
MUSICIANS/B/Becher_Patrick/Mr_Rap_2.sid	1	128	auto
MUSICIANS/B/Becher_Patrick/Musicbox_Remix.sid	1	126	auto
MUSICIANS/B/Becher_Patrick/Musici.sid	1	126	auto
MUSICIANS/B/Becher_Patrick/Musician.sid	1	116	auto
MUSICIANS/B/Becher_Patrick/Musixans_2.sid	1	128	auto
MUSICIANS/B/Becher_Patrick/Nasty_Song_plus.sid	1	126	auto
MUSICIANS/B/Becher_Patrick/Nikita_Remix.sid	1	126	auto
MUSICIANS/B/Becher_Patrick/On_the_Road_now.sid	1	128	auto
MUSICIANS/B/Becher_Patrick/On_the_street_2.sid	1	127	auto
MUSICIANS/B/Becher_Patrick/Origan_1.sid	1	126	auto
MUSICIANS/B/Becher_Patrick/Origan_2.sid	1	126	auto
MUSICIANS/B/Becher_Patrick/Rocking_Girl.sid	1	126	auto
MUSICIANS/B/Becher_Patrick/Song.sid	1	142	auto
MUSICIANS/B/Becher_Patrick/Superfight.sid	1	128	auto
MUSICIANS/B/Becher_Patrick/Superfight_2.sid	1	124	auto
MUSICIANS/B/Becher_Patrick/Superfight_3.sid	1	126	auto
MUSICIANS/B/Becher_Patrick/Terrychin.sid	1	133	auto
MUSICIANS/B/Becher_Patrick/This_old_House_Remix.sid	1	126	auto
MUSICIANS/B/Becher_Patrick/Train_in_Love.sid	1	96	auto
MUSICIANS/B/Becher_Patrick/Vereinigung_Remix.sid	1	150	auto
MUSICIANS/B/Becher_Patrick/Walk.sid	1	117	auto
MUSICIANS/B/Becher_Patrick/Why_Are_You_Gone.sid	1	128	auto
MUSICIANS/B/Beggerow_Alan/After_the_Ball.sid	1	144	auto
MUSICIANS/B/Beggerow_Alan/Alexanders.sid	1	92	auto
MUSICIANS/B/Beggerow_Alan/Bamboo_Tree.sid	1	117	auto
MUSICIANS/B/Beggerow_Alan/Band_Played_On.sid	1	124	auto
MUSICIANS/B/Beggerow_Alan/Bill_Bailey.sid	1	106	auto
MUSICIANS/B/Beggerow_Alan/Chowder.sid	1	123	auto
MUSICIANS/B/Beggerow_Alan/Coax_Me.sid	1	125	auto
MUSICIANS/B/Beggerow_Alan/Computin_Blues.sid	1	118	auto
MUSICIANS/B/Beggerow_Alan/Dill_Pickles.sid	1	99	auto
MUSICIANS/B/Beggerow_Alan/Fenders_Cakewalk.sid	1	107	auto
MUSICIANS/B/Beggerow_Alan/Gloamin.sid	1	107	auto
MUSICIANS/B/Beggerow_Alan/Goodbye_My_Lady_Love.sid	1	96	auto
MUSICIANS/B/Beggerow_Alan/Hello_Ma_Baby.sid	1	92	auto
MUSICIANS/B/Beggerow_Alan/Hot_Time.sid	1	136	auto
MUSICIANS/B/Beggerow_Alan/I_Dont_Care.sid	1	136	auto
MUSICIANS/B/Beggerow_Alan/Ida_Sweet_as_Apple_Cider.sid	1	77	auto
MUSICIANS/B/Beggerow_Alan/In_the_Deep.sid	1	97	auto
MUSICIANS/B/Beggerow_Alan/Kid.sid	1	111	auto
MUSICIANS/B/Beggerow_Alan/Knees_Calamities.sid	1	96	auto
MUSICIANS/B/Beggerow_Alan/Lee.sid	1	124	auto
MUSICIANS/B/Beggerow_Alan/Loadstar_Rag.sid	1	102	auto
MUSICIANS/B/Beggerow_Alan/McGinty.sid	1	144	auto
MUSICIANS/B/Beggerow_Alan/Moon.sid	1	117	auto
MUSICIANS/B/Beggerow_Alan/Moonlight_Bay.sid	1	110	auto
MUSICIANS/B/Beggerow_Alan/Moth_and_Flame.sid	1	97	auto
MUSICIANS/B/Beggerow_Alan/My_Gal_Sal.sid	1	87	auto
MUSICIANS/B/Beggerow_Alan/Nip-N-Tucker_Two_Step.sid	1	97	auto
MUSICIANS/B/Beggerow_Alan/Old_Kentucky.sid	1	76	auto
MUSICIANS/B/Beggerow_Alan/Oldsmobile.sid	1	101	auto
MUSICIANS/B/Beggerow_Alan/Rosie_O_Grady.sid	1	136	auto
MUSICIANS/B/Beggerow_Alan/Silvery_Moon.sid	1	125	auto
MUSICIANS/B/Beggerow_Alan/Slapstick_Rag.sid	1	102	auto
MUSICIANS/B/Beggerow_Alan/St_Louis_Blues.sid	1	117	auto
MUSICIANS/B/Beggerow_Alan/Sun_Shines_Nellie.sid	1	123	auto
MUSICIANS/B/Beggerow_Alan/Ta-Ra-Ra.sid	1	118	auto
MUSICIANS/B/Beggerow_Alan/Tango.sid	1	136	auto
MUSICIANS/B/Beggerow_Alan/Whistler.sid	1	108	auto
MUSICIANS/B/Beggerow_Alan/Yankee_Doodle.sid	1	117	auto
MUSICIANS/B/Behdad_Arman/Airscape_Ride.sid	1	150	auto
MUSICIANS/B/Behdad_Arman/Antiriad_Until_We_Die.sid	1	150	auto
MUSICIANS/B/Behdad_Arman/Apocalypse.sid	1	125	auto
MUSICIANS/B/Behdad_Arman/Appetite_for_You_part_1.sid	1	125	auto
MUSICIANS/B/Behdad_Arman/Appetite_for_You_part_2.sid	1	124	auto
MUSICIANS/B/Behdad_Arman/Behind_the_Sun.sid	1	125	auto
MUSICIANS/B/Behdad_Arman/Bizarre_Emotions.sid	1	94	auto
MUSICIANS/B/Behdad_Arman/Bloody_Massacre_II.sid	1	83	auto
MUSICIANS/B/Behdad_Arman/Chaotic_Flow.sid	1	150	auto
MUSICIANS/B/Behdad_Arman/Christ_69_Electroclash_Deluxe.sid	1	94	auto
MUSICIANS/B/Behdad_Arman/Cleaning_Out_My_Closet.sid	1	151	auto
MUSICIANS/B/Behdad_Arman/Die_Fucking_Whore.sid	1	93	auto
MUSICIANS/B/Behdad_Arman/Doomsday.sid	1	75	auto
MUSICIANS/B/Behdad_Arman/Easy_Youth_Mystery.sid	1	100	auto
MUSICIANS/B/Behdad_Arman/Electric_Jesus.sid	1	125	auto
MUSICIANS/B/Behdad_Arman/Emotion_Overflow.sid	1	125	auto
MUSICIANS/B/Behdad_Arman/Entered_a_Tale.sid	1	94	auto
MUSICIANS/B/Behdad_Arman/Escape_2_Space_short_version.sid	1	94	auto
MUSICIANS/B/Behdad_Arman/Exemption.sid	1	151	auto
MUSICIANS/B/Behdad_Arman/Fallen_in_Love.sid	1	150	auto
MUSICIANS/B/Behdad_Arman/Final_Dance.sid	1	150	auto
MUSICIANS/B/Behdad_Arman/Fly.sid	1	150	auto
MUSICIANS/B/Behdad_Arman/Forever_7.sid	1	75	auto
MUSICIANS/B/Behdad_Arman/Forgiving.sid	1	125	auto
MUSICIANS/B/Behdad_Arman/Golden_Dreams.sid	1	125	auto
MUSICIANS/B/Behdad_Arman/Hand_of_God.sid	1	125	auto
MUSICIANS/B/Behdad_Arman/Heartbreak.sid	1	94	auto
MUSICIANS/B/Behdad_Arman/Impulse_Part_1.sid	1	124	auto
MUSICIANS/B/Behdad_Arman/Injured_Mind_Remix.sid	1	125	auto
MUSICIANS/B/Behdad_Arman/Intelligent.sid	1	125	auto
MUSICIANS/B/Behdad_Arman/Let_the_Beat_Control_Your_Body.sid	1	75	auto
MUSICIANS/B/Behdad_Arman/Lost_Empire_Part_1.sid	1	124	auto
MUSICIANS/B/Behdad_Arman/Love_My_Dancing.sid	1	150	auto
MUSICIANS/B/Behdad_Arman/Love_Parade.sid	1	150	auto
MUSICIANS/B/Behdad_Arman/Mediation.sid	1	125	auto
MUSICIANS/B/Behdad_Arman/Music-Factory.sid	1	125	auto
MUSICIANS/B/Behdad_Arman/Nightlife.sid	1	124	auto
MUSICIANS/B/Behdad_Arman/Oh_Nostalgia.sid	1	150	auto
MUSICIANS/B/Behdad_Arman/Open_Your_Eyes.sid	1	75	auto
MUSICIANS/B/Behdad_Arman/Party_Party.sid	1	150	auto
MUSICIANS/B/Behdad_Arman/Redemption_6_4.sid	1	150	auto
MUSICIANS/B/Behdad_Arman/Revenge.sid	1	125	auto
MUSICIANS/B/Behdad_Arman/Salomons_Chillhouse_DJ_Set.sid	1	124	auto
MUSICIANS/B/Behdad_Arman/Sleepless_Sorrow.sid	1	150	auto
MUSICIANS/B/Behdad_Arman/Sunshine.sid	1	125	auto
MUSICIANS/B/Behdad_Arman/Sweet_Alien.sid	1	150	auto
MUSICIANS/B/Behdad_Arman/Sweet_Fantasies.sid	1	150	auto
MUSICIANS/B/Behdad_Arman/Tech_House_Experience.sid	1	125	auto
MUSICIANS/B/Behdad_Arman/Trip2Hell_Part_II.sid	1	94	auto
MUSICIANS/B/Behdad_Arman/Turn_Disc.sid	1	151	auto
MUSICIANS/B/Behdad_Arman/Turrican.sid	1	94	auto
MUSICIANS/B/Behdad_Arman/Unsatisfied_Love.sid	1	125	auto
MUSICIANS/B/Behdad_Arman/Vingeroefening.sid	1	75	auto
MUSICIANS/B/Behdad_Arman/Wetsexfuck.sid	1	150	auto
MUSICIANS/B/Behdad_Arman/Worst_Compotune_Ever.sid	1	125	auto
MUSICIANS/B/Beliar/Deform.sid	1	125	auto
MUSICIANS/B/Beliar/Lost_Train.sid	1	111	auto
MUSICIANS/B/Beliar/Sad_but_True.sid	1	94	auto
MUSICIANS/B/Bellamy_Paul/Double_Dare.sid	1	94	auto
MUSICIANS/B/Bellamy_Paul/Fireman_Sam.sid	1	94	auto
MUSICIANS/B/Benedens_Oliver/Dear_Enemy.sid	1	124	auto
MUSICIANS/B/Benedens_Oliver/Ecstasy_of_Cheese.sid	1	124	auto
MUSICIANS/B/Benedens_Oliver/Little_Commando.sid	1	151	auto
MUSICIANS/B/Benedens_Oliver/Sandbag.sid	1	124	auto
MUSICIANS/B/Benedens_Oliver/Super_Marianne.sid	1	124	auto
MUSICIANS/B/Benedens_Oliver/Too_Many_Tick_Tocks.sid	1	125	auto
MUSICIANS/B/Benji/Acid_Runner.sid	1	125	auto
MUSICIANS/B/Benji/Benji_02.sid	1	125	auto
MUSICIANS/B/Benji/Droid.sid	1	125	auto
MUSICIANS/B/Benji/Russia.sid	1	125	auto
MUSICIANS/B/Benno/Dislike.sid	1	125	auto
MUSICIANS/B/Benno/Hang_Over_1.sid	1	125	auto
MUSICIANS/B/Benno/Hang_Over_2.sid	1	125	auto
MUSICIANS/B/Benno/Highway_1.sid	1	125	auto
MUSICIANS/B/Benno/Highway_2.sid	1	125	auto
MUSICIANS/B/Benno/Ignition.sid	1	125	auto
MUSICIANS/B/Benno/Intro_Zak.sid	1	125	auto
MUSICIANS/B/Benno/Moped.sid	1	124	auto
MUSICIANS/B/Benno/Mouseman.sid	1	125	auto
MUSICIANS/B/Benno/Nitro_10_intro.sid	1	125	auto
MUSICIANS/B/Benno/Rock_Up.sid	1	125	auto
MUSICIANS/B/Benno/Slow_Up.sid	1	107	auto
MUSICIANS/B/Benno/Snow_Tune.sid	1	125	auto
MUSICIANS/B/Benno/Steal_Away.sid	1	125	auto
MUSICIANS/B/Benno/Stunning.sid	1	125	auto
MUSICIANS/B/Benno/Wake_Up.sid	1	125	auto
MUSICIANS/B/Bergmann_Christoph/I_Hope_We_Have_a_Nice_Day.sid	1	113	auto
MUSICIANS/B/Bergmann_Christoph/Master_Blaster.sid	3	98	auto
MUSICIANS/B/Bergmann_Christoph/Street_Gang_intro.sid	1	122	auto
MUSICIANS/B/Bergmann_Christoph/Street_Gang_intro.sid	2	121	auto
MUSICIANS/B/Bergmann_Christoph/Street_Gang_intro.sid	4	121	auto
MUSICIANS/B/Bergmann_Christoph/Street_Gang_intro.sid	5	122	auto
MUSICIANS/B/Bergmann_Christoph/Street_Gang_intro.sid	6	126	auto
MUSICIANS/B/Bergmann_Christoph/Street_Gang_intro.sid	7	129	auto
MUSICIANS/B/Bergmann_Christoph/Street_Gang_intro.sid	8	129	auto
MUSICIANS/B/Bergmann_Christoph/Street_Gang_intro.sid	9	122	auto
MUSICIANS/B/Bergmann_Christoph/Ultimate_Sound_Wizard.sid	1	95	auto
MUSICIANS/B/Bergmann_Christoph/Zounds.sid	1	124	auto
MUSICIANS/B/Bergmann_Christoph/Zounds.sid	4	94	auto
MUSICIANS/B/Bergstrand_Peter/City_Waltz.sid	1	100	auto
MUSICIANS/B/Berry_Vic/Progression.sid	1	103	auto
MUSICIANS/B/Berry_Vic/Test_File.sid	1	109	auto
MUSICIANS/B/Berry_Vic/Triad.sid	1	109	auto
MUSICIANS/B/Beyond_Reproach/Frosty_the_Snowman_II.sid	2	125	auto
MUSICIANS/B/Beyond_Reproach/Frosty_the_Snowman_II.sid	3	107	auto
MUSICIANS/B/Beyond_Reproach/Frosty_the_Snowman_II.sid	4	83	auto
MUSICIANS/B/Beyond_Reproach/Loader_Tune.sid	1	151	auto
MUSICIANS/B/Beyond_Reproach/Sexy_Robot.sid	1	107	auto
MUSICIANS/B/Beyond_Reproach/Sexy_Robot.sid	2	107	auto
MUSICIANS/B/Beyond_Reproach/Sexy_Robot_2.sid	1	107	auto
MUSICIANS/B/Beyond_Reproach/Sexy_Robot_2.sid	2	100	auto
MUSICIANS/B/Beyond_Reproach/Sexy_Robot_3_Intro.sid	1	125	auto
MUSICIANS/B/Beyond_Reproach/Sexy_Robot_3_Intro.sid	2	125	auto
MUSICIANS/B/Beyond_Reproach/Super_Carling_the_Spider.sid	2	125	auto
MUSICIANS/B/Beyond_Reproach/Super_Carling_the_Spider.sid	5	124	auto
MUSICIANS/B/Beyond_Reproach/Super_Carling_the_Spider.sid	6	124	auto
MUSICIANS/B/Bialluch_Dirk/Helden.sid	1	125	auto
MUSICIANS/B/Bialluch_Dirk/Helden.sid	3	124	auto
MUSICIANS/B/Bialluch_Dirk/Helden.sid	4	124	auto
MUSICIANS/B/Bialluch_Dirk/Music_Samples_1.sid	1	128	auto
MUSICIANS/B/Bialluch_Dirk/Music_Samples_1.sid	2	126	auto
MUSICIANS/B/Bialluch_Dirk/Music_Samples_1.sid	3	126	auto
MUSICIANS/B/Bialluch_Dirk/Music_Samples_1.sid	4	126	auto
MUSICIANS/B/Bialluch_Dirk/Music_Samples_1.sid	5	126	auto
MUSICIANS/B/Bialluch_Dirk/Music_Samples_1.sid	6	126	auto
MUSICIANS/B/Bialluch_Dirk/Music_Samples_2.sid	1	126	auto
MUSICIANS/B/Bialluch_Dirk/Music_Samples_2.sid	2	126	auto
MUSICIANS/B/Bialluch_Dirk/Music_Samples_2.sid	3	126	auto
MUSICIANS/B/Bialluch_Dirk/Music_Samples_2.sid	4	126	auto
MUSICIANS/B/Bialluch_Dirk/Music_Samples_2.sid	5	128	auto
MUSICIANS/B/Bialluch_Dirk/Music_Samples_2.sid	6	128	auto
MUSICIANS/B/Bialluch_Dirk/Music_Samples_3.sid	1	128	auto
MUSICIANS/B/Bialluch_Dirk/Music_Samples_3.sid	2	126	auto
MUSICIANS/B/Bialluch_Dirk/Music_Samples_3.sid	3	126	auto
MUSICIANS/B/Bialluch_Dirk/Music_Samples_3.sid	4	126	auto
MUSICIANS/B/Bialluch_Dirk/Music_Samples_3.sid	5	126	auto
MUSICIANS/B/Bialluch_Dirk/Music_Samples_4.sid	1	126	auto
MUSICIANS/B/Bialluch_Dirk/Triton.sid	1	125	auto
MUSICIANS/B/Bialluch_Dirk/Triton.sid	5	125	auto
MUSICIANS/B/Bialluch_Dirk/Triton.sid	7	125	auto
MUSICIANS/B/Biasillo_Gary/Joe_Blade.sid	1	94	auto
MUSICIANS/B/Biasillo_Gary/Slayer.sid	2	124	auto
MUSICIANS/B/Biasillo_Gary/Steel.sid	3	125	auto
MUSICIANS/B/Biasillo_Gary/Target_Renegade.sid	1	125	auto
MUSICIANS/B/Biasillo_Gary/Target_Renegade.sid	3	125	auto
MUSICIANS/B/Biasillo_Gary/Target_Renegade.sid	5	125	auto
MUSICIANS/B/Big_Lumby/An_Attempt_Was_Made.sid	1	124	auto
MUSICIANS/B/Big_Lumby/This_Dudes_Blue_Too_Fock_You.sid	1	125	auto
MUSICIANS/B/Big_Lumby/Wow_Thats_Fiyhah_Braah.sid	1	124	auto
MUSICIANS/B/Biggs_Stephen/Blue_Max.sid	1	151	auto
MUSICIANS/B/Biggs_Stephen/Slamball.sid	1	150	auto
MUSICIANS/B/Biggs_Stephen/Three_Part_Invention_1.sid	1	86	auto
MUSICIANS/B/Biggs_Stephen/Three_Part_Invention_2.sid	1	100	auto
MUSICIANS/B/Biggs_Stephen/Three_Part_Invention_5.sid	1	92	auto
MUSICIANS/B/Biggs_Stephen/Two_Part_Invention_1.sid	1	90	auto
MUSICIANS/B/Biggs_Stephen/Two_Part_Invention_2.sid	1	100	auto
MUSICIANS/B/Biggs_Stephen/Two_Part_Invention_3.sid	1	99	auto
MUSICIANS/B/Bionic_Hands/Enophobia.sid	1	125	auto
MUSICIANS/B/Bionic_Hands/Lost_Hunter.sid	1	124	auto
MUSICIANS/B/Bionic_Hands/Return_from_Goya.sid	1	125	auto
MUSICIANS/B/Bionic_Hands/Southstrike.sid	1	125	auto
MUSICIANS/B/Birdrun/Boo.sid	1	124	auto
MUSICIANS/B/Birdrun/Boompah.sid	1	100	auto
MUSICIANS/B/Birdrun/Feeling_Blue.sid	1	100	auto
MUSICIANS/B/Birdrun/Requiem_for_a_Silly_Goose.sid	1	124	auto
MUSICIANS/B/Birdrun/Teh_Sin_Tax.sid	1	150	auto
MUSICIANS/B/Bitbreaker/Fick_Daul_und_wurstig.sid	1	125	auto
MUSICIANS/B/Bitbuster/Bitbuster_Music_Collection_1.sid	1	96	auto
MUSICIANS/B/Bitbuster/Love_Spy.sid	1	126	auto
MUSICIANS/B/Bitbuster/Spy_Hunter.sid	1	126	auto
MUSICIANS/B/Bitbuster/Where_Are_You.sid	1	117	auto
MUSICIANS/B/Bitch/Erberos.sid	1	83	auto
MUSICIANS/B/Bitch/TUM_Fisch_2_0.sid	1	124	auto
MUSICIANS/B/Bitch/Under_Construction_Invitation.sid	1	125	auto
MUSICIANS/B/Bizet/Alice.sid	1	125	auto
MUSICIANS/B/Bizet/Alice_in_Fashionland.sid	1	94	auto
MUSICIANS/B/Bizet/Fly_in_the_Sky.sid	1	125	auto
MUSICIANS/B/Bizet/High_Gravitation.sid	1	125	auto
MUSICIANS/B/Bizet/Hyper_Speed.sid	1	125	auto
MUSICIANS/B/Bizet/IRQ_217_House_Party_Mix.sid	1	150	auto
MUSICIANS/B/Bizet/King_of_Mountain.sid	1	75	auto
MUSICIANS/B/Bizet/Love_Me_Tender.sid	1	125	auto
MUSICIANS/B/Bizet/Notka_Music.sid	1	75	auto
MUSICIANS/B/Bizet/Out_of_Road.sid	1	125	auto
MUSICIANS/B/Bizet/Philosophy_of_Rave-Bonanza_Theme.sid	1	94	auto
MUSICIANS/B/Bizet/Rythm_Is_a_Dancer.sid	1	124	auto
MUSICIANS/B/Bizet/Warp_X_Theme.sid	1	124	auto
MUSICIANS/B/Bizet/Youll_See.sid	1	125	auto
MUSICIANS/B/Bizzmo/Bizmix_One.sid	1	124	auto
MUSICIANS/B/Bizzmo/Bizzmos_Magic.sid	1	126	auto
MUSICIANS/B/Bizzmo/Bizzmos_Music_no_1.sid	1	94	auto
MUSICIANS/B/Bizzmo/Dont_Panic_part_2.sid	1	124	auto
MUSICIANS/B/Bizzmo/Drivin.sid	1	125	auto
MUSICIANS/B/Bizzmo/Drivin.sid	2	125	auto
MUSICIANS/B/Bizzmo/Logging_On.sid	1	126	auto
MUSICIANS/B/Bizzmo/Riff_89.sid	1	125	auto
MUSICIANS/B/Bjerregaard_Johannes/Ace_II_remake.sid	1	151	auto
MUSICIANS/B/Bjerregaard_Johannes/Again_Its_JB.sid	1	94	auto
MUSICIANS/B/Bjerregaard_Johannes/Alf_TV_Theme.sid	1	125	auto
MUSICIANS/B/Bjerregaard_Johannes/Billie_Jean.sid	1	125	auto
MUSICIANS/B/Bjerregaard_Johannes/Blue_Monday_88.sid	1	125	auto
MUSICIANS/B/Bjerregaard_Johannes/Camel_Riders_Inc.sid	1	93	auto
MUSICIANS/B/Bjerregaard_Johannes/Cant_Stop.sid	1	107	auto
MUSICIANS/B/Bjerregaard_Johannes/Chase.sid	1	125	auto
MUSICIANS/B/Bjerregaard_Johannes/Crazy_Comets_remix.sid	1	125	auto
MUSICIANS/B/Bjerregaard_Johannes/DMC_Demo_IV_tune_1.sid	1	124	auto
MUSICIANS/B/Bjerregaard_Johannes/DMC_Demo_IV_tune_3.sid	1	125	auto
MUSICIANS/B/Bjerregaard_Johannes/Depeche_Mode_Songs.sid	2	124	auto
MUSICIANS/B/Bjerregaard_Johannes/Depeche_Mode_Songs.sid	3	124	auto
MUSICIANS/B/Bjerregaard_Johannes/Depeche_Mode_Songs.sid	4	86	auto
MUSICIANS/B/Bjerregaard_Johannes/Depeche_Mode_Songs.sid	5	94	auto
MUSICIANS/B/Bjerregaard_Johannes/Domino_Dancing.sid	1	107	auto
MUSICIANS/B/Bjerregaard_Johannes/Dreaming.sid	1	125	auto
MUSICIANS/B/Bjerregaard_Johannes/Dummy_II.sid	1	94	auto
MUSICIANS/B/Bjerregaard_Johannes/Eagles.sid	1	125	auto
MUSICIANS/B/Bjerregaard_Johannes/Eagles.sid	23	94	auto
MUSICIANS/B/Bjerregaard_Johannes/Fat_6.sid	1	125	auto
MUSICIANS/B/Bjerregaard_Johannes/Flimbos_Quest_main.sid	1	75	auto
MUSICIANS/B/Bjerregaard_Johannes/Flimbos_Quest_main.sid	3	125	auto
MUSICIANS/B/Bjerregaard_Johannes/Flimbos_Quest_main.sid	4	94	auto
MUSICIANS/B/Bjerregaard_Johannes/Flimbos_Quest_main.sid	5	94	auto
MUSICIANS/B/Bjerregaard_Johannes/Fourth_Dimension.sid	1	125	auto
MUSICIANS/B/Bjerregaard_Johannes/French_Frites.sid	1	100	auto
MUSICIANS/B/Bjerregaard_Johannes/Fruitbank.sid	1	125	auto
MUSICIANS/B/Bjerregaard_Johannes/Fruitbank.sid	7	125	auto
MUSICIANS/B/Bjerregaard_Johannes/Hit_the_Baze.sid	1	125	auto
MUSICIANS/B/Bjerregaard_Johannes/Johannes_Bjerregaard_01.sid	1	125	auto
MUSICIANS/B/Bjerregaard_Johannes/Kamikaze.sid	1	100	auto
MUSICIANS/B/Bjerregaard_Johannes/M_A_C_H.sid	1	123	auto
MUSICIANS/B/Bjerregaard_Johannes/Magnetic_Fields.sid	1	94	auto
MUSICIANS/B/Bjerregaard_Johannes/Mus86.sid	1	143	auto
MUSICIANS/B/Bjerregaard_Johannes/Music_Demo.sid	1	83	auto
MUSICIANS/B/Bjerregaard_Johannes/Myth_Demo.sid	1	125	auto
MUSICIANS/B/Bjerregaard_Johannes/Nightdawn.sid	1	125	auto
MUSICIANS/B/Bjerregaard_Johannes/Nightdawn.sid	2	124	auto
MUSICIANS/B/Bjerregaard_Johannes/Nightdawn.sid	3	125	auto
MUSICIANS/B/Bjerregaard_Johannes/Nightdawn.sid	4	125	auto
MUSICIANS/B/Bjerregaard_Johannes/Omega_Force_One.sid	1	94	auto
MUSICIANS/B/Bjerregaard_Johannes/Ragtime_Anno_87.sid	1	92	auto
MUSICIANS/B/Bjerregaard_Johannes/Rockbuster.sid	1	94	auto
MUSICIANS/B/Bjerregaard_Johannes/Rosanna.sid	1	83	auto
MUSICIANS/B/Bjerregaard_Johannes/Scandalous.sid	1	124	auto
MUSICIANS/B/Bjerregaard_Johannes/Shape.sid	1	150	auto
MUSICIANS/B/Bjerregaard_Johannes/Soap_Theme.sid	1	152	auto
MUSICIANS/B/Bjerregaard_Johannes/Spacegame_Music.sid	1	143	auto
MUSICIANS/B/Bjerregaard_Johannes/Special_Agent.sid	1	107	auto
MUSICIANS/B/Bjerregaard_Johannes/Spy_vs_Spy_III.sid	1	107	auto
MUSICIANS/B/Bjerregaard_Johannes/Stormlord.sid	1	63	auto
MUSICIANS/B/Bjerregaard_Johannes/Stormlord.sid	2	124	auto
MUSICIANS/B/Bjerregaard_Johannes/Stormlord.sid	3	125	auto
MUSICIANS/B/Bjerregaard_Johannes/Stormlord_V2.sid	1	125	auto
MUSICIANS/B/Bjerregaard_Johannes/Street_Cred_Boxing.sid	2	125	auto
MUSICIANS/B/Bjerregaard_Johannes/Sweet.sid	1	125	auto
MUSICIANS/B/Bjerregaard_Johannes/Test.sid	1	125	auto
MUSICIANS/B/Bjerregaard_Johannes/Thunder_Force.sid	1	83	auto
MUSICIANS/B/Bjerregaard_Johannes/Thunder_Force.sid	2	125	auto
MUSICIANS/B/Bjerregaard_Johannes/Thunder_Force.sid	3	125	auto
MUSICIANS/B/Bjerregaard_Johannes/Thunder_Force.sid	4	94	auto
MUSICIANS/B/Bjerregaard_Johannes/Tiger_Mission.sid	1	86	auto
MUSICIANS/B/Bjerregaard_Johannes/Tiger_Mission.sid	6	107	auto
MUSICIANS/B/Bjerregaard_Johannes/Tiny_Symphony.sid	1	125	auto
MUSICIANS/B/Bjerregaard_Johannes/Wanna_Get_Sick.sid	1	125	auto
MUSICIANS/B/Bjerregaard_Johannes/When_Will_I_Be_Famous.sid	1	125	auto
MUSICIANS/B/Bjerregaard_Johannes/Who_Is_Robb_Vol_1.sid	1	124	auto
MUSICIANS/B/Bjerregaard_Johannes/Zoom.sid	2	125	auto
MUSICIANS/B/Bjoernerud_Sebastian/Mission_Nada.sid	1	125	auto
MUSICIANS/B/Black/Bostich.sid	1	148	auto
MUSICIANS/B/Black/Rave_Mix.sid	1	143	auto
MUSICIANS/B/Black/Techno.sid	1	150	auto
MUSICIANS/B/Black/Work_Your_Phantom.sid	1	144	auto
MUSICIANS/B/BlackBeltJones/Danger_Mouse.sid	1	125	auto
MUSICIANS/B/BlackBeltJones/Hello_Kitty.sid	1	125	auto
MUSICIANS/B/BlackBeltJones/More_Humer_Than_Human.sid	1	125	auto
MUSICIANS/B/BlackBeltJones/Suppressed.sid	1	125	auto
MUSICIANS/B/Black_Dove/Black_Heaven.sid	1	150	auto
MUSICIANS/B/Black_Dove/Danger_II.sid	1	124	auto
MUSICIANS/B/Black_Dove/Dream.sid	1	125	auto
MUSICIANS/B/Black_Dove/Fly_to_Heaven.sid	1	94	auto
MUSICIANS/B/Black_Dove/Fly_to_Heaven_note.sid	1	125	auto
MUSICIANS/B/Black_Dove/Flying_Home.sid	1	150	auto
MUSICIANS/B/Black_Dove/Heavens_Gate.sid	1	150	auto
MUSICIANS/B/Black_Dove/KungFu-Dragon.sid	1	151	auto
MUSICIANS/B/Black_Dove/Recog-Nice.sid	1	94	auto
MUSICIANS/B/Black_Dove/Rest_in_Peace.sid	1	150	auto
MUSICIANS/B/Black_Dove/Speed.sid	1	150	auto
MUSICIANS/B/Black_Dove/Speed.sid	2	151	auto
MUSICIANS/B/Black_Dove/White_Circle.sid	1	125	auto
MUSICIANS/B/Black_Russell/MacGuffins_Curse_tune_01.sid	1	150	auto
MUSICIANS/B/Black_Russell/MacGuffins_Curse_tune_02.sid	1	125	auto
MUSICIANS/B/Black_Russell/MacGuffins_Curse_tune_03.sid	1	94	auto
MUSICIANS/B/Black_Russell/MacGuffins_Curse_tune_05.sid	1	100	auto
MUSICIANS/B/Black_Russell/MacGuffins_Curse_tune_06.sid	1	125	auto
MUSICIANS/B/Black_Russell/MacGuffins_Curse_tune_08.sid	1	94	auto
MUSICIANS/B/Black_Russell/MacGuffins_Curse_tune_09.sid	1	94	auto
MUSICIANS/B/Black_Russell/MacGuffins_Curse_tune_10.sid	1	100	auto
MUSICIANS/B/Black_Russell/MacGuffins_Curse_tune_11.sid	1	150	auto
MUSICIANS/B/Black_Russell/MacGuffins_Curse_tune_13.sid	1	83	auto
MUSICIANS/B/Black_Turk/Ken.sid	1	125	auto
MUSICIANS/B/Black_Turk/Mini_Raiden.sid	1	125	auto
MUSICIANS/B/Black_Turk/Mini_Raiden_Cover.sid	1	118	auto
MUSICIANS/B/Black_Turk/Ryu.sid	1	125	auto
MUSICIANS/B/Black_Turk/Snow_Bros_preview.sid	1	125	auto
MUSICIANS/B/Blackbug/Delirium_Zap.sid	1	126	auto
MUSICIANS/B/Blackbug/On_the_Rocks.sid	1	126	auto
MUSICIANS/B/Blackbug/ZZTop_Digit_1988_Edition.sid	1	124	auto
MUSICIANS/B/Blackice/Graffiti_end.sid	1	151	auto
MUSICIANS/B/Blackice/Graffiti_part_2.sid	1	112	auto
MUSICIANS/B/Blackice/Graffiti_part_3.sid	1	149	auto
MUSICIANS/B/Blackice/Purple_Haze_menu.sid	1	149	auto
MUSICIANS/B/Blackice/Spectrum_tune_3.sid	1	135	auto
MUSICIANS/B/Blackice/Spherical.sid	1	151	auto
MUSICIANS/B/Blackice/Technique_intro.sid	1	149	auto
MUSICIANS/B/Blackman/Amorphis.sid	1	82	auto
MUSICIANS/B/Blackman/Mortal.sid	1	150	auto
MUSICIANS/B/Blackman/Shake_Your_Bootie.sid	1	113	auto
MUSICIANS/B/Blade/Liberty.sid	1	90	auto
MUSICIANS/B/Blade/Melodic_Madness.sid	1	129	auto
MUSICIANS/B/Bleed_Into_One/3_Feet_Higher.sid	1	124	auto
MUSICIANS/B/Bleed_Into_One/Altern-8-IV.sid	1	125	auto
MUSICIANS/B/Bleed_Into_One/Bass-ic_Instinct.sid	1	94	auto
MUSICIANS/B/Bleed_Into_One/Da_dee_dee_doo.sid	1	125	auto
MUSICIANS/B/Bleed_Into_One/Das_Boot-Remix.sid	1	125	auto
MUSICIANS/B/Bleed_Into_One/Drop_the_Pilot.sid	1	125	auto
MUSICIANS/B/Bleed_Into_One/Drug_of_Nation.sid	1	125	auto
MUSICIANS/B/Bleed_Into_One/Extempore.sid	1	125	auto
MUSICIANS/B/Bleed_Into_One/Ice_on_Fire.sid	1	125	auto
MUSICIANS/B/Bleed_Into_One/Knick_Knack.sid	1	124	auto
MUSICIANS/B/Bleed_Into_One/Last_11.sid	1	125	auto
MUSICIANS/B/Bleed_Into_One/Law_of_Knotting.sid	1	125	auto
MUSICIANS/B/Bleed_Into_One/Lets_Drive.sid	1	125	auto
MUSICIANS/B/Bleed_Into_One/Michelangelo.sid	1	125	auto
MUSICIANS/B/Bleed_Into_One/Molecular_Cafe.sid	1	125	auto
MUSICIANS/B/Bleed_Into_One/Mood_of_Good.sid	1	124	auto
MUSICIANS/B/Bleed_Into_One/Rap_n_Roll.sid	1	125	auto
MUSICIANS/B/Bleed_Into_One/Raw_Like_Sushi.sid	1	125	auto
MUSICIANS/B/Bleed_Into_One/Reggae-The_Style.sid	1	125	auto
MUSICIANS/B/Bleed_Into_One/Second_Phase.sid	1	125	auto
MUSICIANS/B/Bleed_Into_One/Seven_Waves_Away.sid	1	125	auto
MUSICIANS/B/Bleed_Into_One/Shock_the_Monkey.sid	1	125	auto
MUSICIANS/B/Bleed_Into_One/Storm_of_Silence.sid	1	125	auto
MUSICIANS/B/Bleed_Into_One/Sumone_2_Sumbody.sid	1	125	auto
MUSICIANS/B/Bleed_Into_One/Thunder.sid	1	125	auto
MUSICIANS/B/Bleed_Into_One/Under_Cover.sid	1	125	auto
MUSICIANS/B/Blidon_Jens/A_Song_for_You_tune_0.sid	1	125	auto
MUSICIANS/B/Blidon_Jens/A_Song_for_You_tune_1.sid	1	124	auto
MUSICIANS/B/Blidon_Jens/A_Song_for_You_tune_2.sid	1	125	auto
MUSICIANS/B/Blidon_Jens/A_Song_for_You_tune_3.sid	1	124	auto
MUSICIANS/B/Blidon_Jens/A_Song_for_You_tune_4.sid	1	125	auto
MUSICIANS/B/Blidon_Jens/A_Song_for_You_tune_5.sid	1	125	auto
MUSICIANS/B/Blidon_Jens/A_Song_for_You_tune_6.sid	1	125	auto
MUSICIANS/B/Blidon_Jens/A_Song_for_You_tune_7.sid	1	125	auto
MUSICIANS/B/Blidon_Jens/A_Song_for_You_tune_8.sid	1	125	auto
MUSICIANS/B/Blidon_Jens/American_Express.sid	4	125	auto
MUSICIANS/B/Blidon_Jens/American_Express.sid	5	125	auto
MUSICIANS/B/Blidon_Jens/American_Express_Book.sid	1	125	auto
MUSICIANS/B/Blidon_Jens/American_Express_Book.sid	2	125	auto
MUSICIANS/B/Blidon_Jens/Babylon.sid	1	125	auto
MUSICIANS/B/Blidon_Jens/Babylon.sid	2	125	auto
MUSICIANS/B/Blidon_Jens/Babylon.sid	3	125	auto
MUSICIANS/B/Blidon_Jens/Babylon_Four.sid	1	125	auto
MUSICIANS/B/Blidon_Jens/Babylon_Four.sid	2	125	auto
MUSICIANS/B/Blidon_Jens/Birthday.sid	1	125	auto
MUSICIANS/B/Blidon_Jens/Counter_Force.sid	1	125	auto
MUSICIANS/B/Blidon_Jens/Counter_Force.sid	4	125	auto
MUSICIANS/B/Blidon_Jens/First_Time.sid	1	125	auto
MUSICIANS/B/Blidon_Jens/Game_On_1989_12.sid	1	125	auto
MUSICIANS/B/Blidon_Jens/Gravrace.sid	1	125	auto
MUSICIANS/B/Blidon_Jens/Its_Magic_end.sid	1	125	auto
MUSICIANS/B/Blidon_Jens/Its_Magic_intro.sid	1	124	auto
MUSICIANS/B/Blidon_Jens/Its_Magic_main.sid	1	125	auto
MUSICIANS/B/Blidon_Jens/Its_a_Sin.sid	1	125	auto
MUSICIANS/B/Blidon_Jens/Leonardo.sid	1	125	auto
MUSICIANS/B/Blidon_Jens/Leonardo.sid	2	124	auto
MUSICIANS/B/Blidon_Jens/Leonardo.sid	3	125	auto
MUSICIANS/B/Blidon_Jens/Leonardo.sid	4	125	auto
MUSICIANS/B/Blidon_Jens/MDG_Radwar_Party_Demo.sid	1	125	auto
MUSICIANS/B/Blidon_Jens/Magic_Disk_64_1989_08.sid	1	124	auto
MUSICIANS/B/Blidon_Jens/Magic_Writer_tune_01.sid	1	124	auto
MUSICIANS/B/Blidon_Jens/Magic_Writer_tune_02.sid	1	125	auto
MUSICIANS/B/Blidon_Jens/Magic_Writer_tune_04.sid	1	125	auto
MUSICIANS/B/Blidon_Jens/Magic_Writer_tune_05.sid	1	125	auto
MUSICIANS/B/Blidon_Jens/Magic_Writer_tune_06.sid	1	94	auto
MUSICIANS/B/Blidon_Jens/Magic_Writer_tune_07.sid	1	125	auto
MUSICIANS/B/Blidon_Jens/Magic_Writer_tune_08.sid	1	125	auto
MUSICIANS/B/Blidon_Jens/Magic_Writer_tune_09.sid	1	125	auto
MUSICIANS/B/Blidon_Jens/Metal_Force.sid	1	125	auto
MUSICIANS/B/Blidon_Jens/Metal_Force.sid	4	125	auto
MUSICIANS/B/Blom_Fredrik/Demotune.sid	1	125	auto
MUSICIANS/B/Blom_Fredrik/Mad_Moggy.sid	1	125	auto
MUSICIANS/B/Blom_Fredrik/Mad_Moggy.sid	2	125	auto
MUSICIANS/B/Blom_Fredrik/Mad_Moggy.sid	9	125	auto
MUSICIANS/B/Blom_Fredrik/Mad_Moggy.sid	11	124	auto
MUSICIANS/B/Blom_Fredrik/Mad_Moggy.sid	13	125	auto
MUSICIANS/B/Blom_Fredrik/Munchkin_64.sid	1	83	auto
MUSICIANS/B/Blom_Fredrik/Munchkin_64.sid	2	125	auto
MUSICIANS/B/Blom_Fredrik/Munchkin_64.sid	9	125	auto
MUSICIANS/B/Blom_Fredrik/Munchkin_64.sid	11	125	auto
MUSICIANS/B/Blom_Fredrik/Munchkin_64.sid	13	125	auto
MUSICIANS/B/Blom_Fredrik/Soundscape_Sample_1.sid	1	93	auto
MUSICIANS/B/Blues_Muz/Anal_Intruder_tune_10.sid	1	94	auto
MUSICIANS/B/Blues_Muz/Appelzine_1.sid	1	125	auto
MUSICIANS/B/Blues_Muz/Appelzine_2.sid	1	124	auto
MUSICIANS/B/Blues_Muz/Beyond_the_Gates_of_Dawn.sid	1	83	auto
MUSICIANS/B/Blues_Muz/Boger.sid	1	125	auto
MUSICIANS/B/Blues_Muz/Bombmania_II_preview_2.sid	2	125	auto
MUSICIANS/B/Blues_Muz/Bombmania_II_preview_2.sid	7	151	auto
MUSICIANS/B/Blues_Muz/Bombmania_II_preview_2.sid	10	150	auto
MUSICIANS/B/Blues_Muz/Bombmania_II_preview_2.sid	11	107	auto
MUSICIANS/B/Blues_Muz/Bombmania_II_preview_2.sid	13	123	auto
MUSICIANS/B/Blues_Muz/Bombmania_II_preview_2.sid	14	124	auto
MUSICIANS/B/Blues_Muz/Bombmania_II_preview_2.sid	15	150	auto
MUSICIANS/B/Blues_Muz/Bombmania_II_preview_2.sid	17	124	auto
MUSICIANS/B/Blues_Muz/Bud.sid	1	125	auto
MUSICIANS/B/Blues_Muz/Christmas_Shape.sid	1	125	auto
MUSICIANS/B/Blues_Muz/Classic_Delirium.sid	1	125	auto
MUSICIANS/B/Blues_Muz/Coffee_for_4.sid	1	125	auto
MUSICIANS/B/Blues_Muz/Cultura.sid	1	125	auto
MUSICIANS/B/Blues_Muz/Darkstorm.sid	1	125	auto
MUSICIANS/B/Blues_Muz/Discokeen.sid	1	125	auto
MUSICIANS/B/Blues_Muz/Diskos.sid	1	125	auto
MUSICIANS/B/Blues_Muz/Disqoue.sid	1	125	auto
MUSICIANS/B/Blues_Muz/Dring.sid	1	94	auto
MUSICIANS/B/Blues_Muz/Drisko.sid	1	125	auto
MUSICIANS/B/Blues_Muz/Drums_on_the_Run.sid	1	124	auto
MUSICIANS/B/Blues_Muz/Ending.sid	1	125	auto
MUSICIANS/B/Blues_Muz/Epahs.sid	1	125	auto
MUSICIANS/B/Blues_Muz/Foreigner.sid	1	125	auto
MUSICIANS/B/Blues_Muz/Future.sid	1	124	auto
MUSICIANS/B/Blues_Muz/Gallefoss_Glenn/64_Antheme.sid	1	151	auto
MUSICIANS/B/Blues_Muz/Gallefoss_Glenn/7k-Scrollerizer.sid	1	100	auto
MUSICIANS/B/Blues_Muz/Gallefoss_Glenn/8_Speed_Thingy_VE-8x.sid	1	125	auto
MUSICIANS/B/Blues_Muz/Gallefoss_Glenn/A_Look_to_the_East.sid	1	125	auto
MUSICIANS/B/Blues_Muz/Gallefoss_Glenn/Ablegoeyer.sid	1	125	auto
MUSICIANS/B/Blues_Muz/Gallefoss_Glenn/Abrakadabra_preview.sid	4	107	auto
MUSICIANS/B/Blues_Muz/Gallefoss_Glenn/Abrakadabra_preview.sid	6	137	auto
MUSICIANS/B/Blues_Muz/Gallefoss_Glenn/Acid_Jazz.sid	1	125	auto
MUSICIANS/B/Blues_Muz/Gallefoss_Glenn/Aerodynamic.sid	1	125	auto
MUSICIANS/B/Blues_Muz/Gallefoss_Glenn/Airwalk.sid	1	125	auto
MUSICIANS/B/Blues_Muz/Gallefoss_Glenn/Aldebaran.sid	2	125	auto
MUSICIANS/B/Blues_Muz/Gallefoss_Glenn/Alf_Theme.sid	1	125	auto
MUSICIANS/B/Blues_Muz/Gallefoss_Glenn/Alone_in_Space.sid	1	125	auto
MUSICIANS/B/Blues_Muz/Gallefoss_Glenn/Another_Beginning.sid	1	116	auto
MUSICIANS/B/Blues_Muz/Gallefoss_Glenn/Another_Day_in_Paradize.sid	1	94	auto
MUSICIANS/B/Blues_Muz/Gallefoss_Glenn/Apoc_Likes_Squares.sid	1	107	auto
MUSICIANS/B/Blues_Muz/Gallefoss_Glenn/Arabia.sid	1	150	auto
MUSICIANS/B/Blues_Muz/Gallefoss_Glenn/Arabical.sid	1	94	auto
MUSICIANS/B/Blues_Muz/Gallefoss_Glenn/Arcane.sid	1	150	auto
MUSICIANS/B/Blues_Muz/Gallefoss_Glenn/Arnhild.sid	1	100	auto
MUSICIANS/B/Blues_Muz/Gallefoss_Glenn/Atari_Bacardis.sid	1	151	auto
MUSICIANS/B/Blues_Muz/Gallefoss_Glenn/Axel_F.sid	1	107	auto
MUSICIANS/B/Blues_Muz/Gallefoss_Glenn/Ayla_Partyshaker.sid	1	130	auto
MUSICIANS/B/Blues_Muz/Gallefoss_Glenn/Bahbar.sid	1	125	auto
MUSICIANS/B/Blues_Muz/Gallefoss_Glenn/Banana.sid	1	124	auto
MUSICIANS/B/Blues_Muz/Gallefoss_Glenn/Barbers_Adagio_64.sid	1	125	auto
MUSICIANS/B/Blues_Muz/Gallefoss_Glenn/Basselusk.sid	1	83	auto
MUSICIANS/B/Blues_Muz/Gallefoss_Glenn/Bergen_Meeting_2004.sid	1	150	auto
MUSICIANS/B/Blues_Muz/Gallefoss_Glenn/Beverly_Kraven.sid	1	124	auto
MUSICIANS/B/Blues_Muz/Gallefoss_Glenn/Black_Hole_Sun_Digi.sid	1	107	auto
MUSICIANS/B/Blues_Muz/Gallefoss_Glenn/Blowfish.sid	1	100	auto
MUSICIANS/B/Blues_Muz/Gallefoss_Glenn/Blue.sid	1	151	auto
MUSICIANS/B/Blues_Muz/Gallefoss_Glenn/Boiled_Beans.sid	1	125	auto
MUSICIANS/B/Blues_Muz/Gallefoss_Glenn/Bouncing.sid	1	125	auto
MUSICIANS/B/Blues_Muz/Gallefoss_Glenn/Braveheart.sid	1	150	auto
MUSICIANS/B/Blues_Muz/Gallefoss_Glenn/Burpmania.sid	1	125	auto
MUSICIANS/B/Blues_Muz/Gallefoss_Glenn/Buttlern.sid	1	125	auto
MUSICIANS/B/Blues_Muz/Gallefoss_Glenn/Calmdown_II_another_one.sid	1	125	auto
MUSICIANS/B/Blues_Muz/Gallefoss_Glenn/Calmdown_Whats_this.sid	1	151	auto
MUSICIANS/B/Blues_Muz/Gallefoss_Glenn/Careless_Whisper.sid	1	83	auto
MUSICIANS/B/Blues_Muz/Gallefoss_Glenn/Cheese_Pop.sid	1	83	auto
MUSICIANS/B/Blues_Muz/Gallefoss_Glenn/Club_69.sid	1	151	auto
MUSICIANS/B/Blues_Muz/Gallefoss_Glenn/Commando.sid	1	125	auto
MUSICIANS/B/Blues_Muz/Gallefoss_Glenn/Commando_Arcade.sid	3	83	auto
MUSICIANS/B/Blues_Muz/Gallefoss_Glenn/Commercial_Countdown.sid	4	83	auto
MUSICIANS/B/Blues_Muz/Gallefoss_Glenn/Commies.sid	1	125	auto
MUSICIANS/B/Blues_Muz/Gallefoss_Glenn/Compleeto.sid	1	107	auto
MUSICIANS/B/Blues_Muz/Gallefoss_Glenn/Computare_Maximus_Dominanus.sid	1	125	auto
MUSICIANS/B/Blues_Muz/Gallefoss_Glenn/Congratulations_Medley.sid	1	94	auto
MUSICIANS/B/Blues_Muz/Gallefoss_Glenn/Crack_the_Frequency.sid	1	125	auto
MUSICIANS/B/Blues_Muz/Gallefoss_Glenn/Crizz_Crozz.sid	1	83	auto
MUSICIANS/B/Blues_Muz/Gallefoss_Glenn/Cruisin.sid	1	94	auto
MUSICIANS/B/Blues_Muz/Gallefoss_Glenn/Crystal_Gazer_tune_1.sid	1	150	auto
MUSICIANS/B/Blues_Muz/Gallefoss_Glenn/Crystal_Gazer_tune_2.sid	1	124	auto
MUSICIANS/B/Blues_Muz/Gallefoss_Glenn/Culture_Mix_1.sid	1	125	auto
MUSICIANS/B/Blues_Muz/Gallefoss_Glenn/Culture_Mix_2.sid	1	125	auto
MUSICIANS/B/Blues_Muz/Gallefoss_Glenn/Curse.sid	1	94	auto
MUSICIANS/B/Blues_Muz/Gallefoss_Glenn/Curved_Note.sid	1	125	auto
MUSICIANS/B/Blues_Muz/Gallefoss_Glenn/Curved_Salmon.sid	1	125	auto
MUSICIANS/B/Blues_Muz/Gallefoss_Glenn/DMC_Demo_remake.sid	1	125	auto
MUSICIANS/B/Blues_Muz/Gallefoss_Glenn/Dancing_in_the_Moonlight.sid	1	137	auto
MUSICIANS/B/Blues_Muz/Gallefoss_Glenn/Das_Boot.sid	1	125	auto
MUSICIANS/B/Blues_Muz/Gallefoss_Glenn/Day_of_the_Tentacle_DOTT.sid	1	151	auto
MUSICIANS/B/Blues_Muz/Gallefoss_Glenn/Death_of_the_Pulse_v1_0.sid	1	94	auto
MUSICIANS/B/Blues_Muz/Gallefoss_Glenn/Deelight.sid	1	125	auto
MUSICIANS/B/Blues_Muz/Gallefoss_Glenn/Delphines.sid	1	125	auto
MUSICIANS/B/Blues_Muz/Gallefoss_Glenn/Delta_Ingame.sid	1	83	auto
MUSICIANS/B/Blues_Muz/Gallefoss_Glenn/Delta_Slow.sid	1	100	auto
MUSICIANS/B/Blues_Muz/Gallefoss_Glenn/Denver.sid	1	125	auto
MUSICIANS/B/Blues_Muz/Gallefoss_Glenn/Derilicts.sid	1	125	auto
MUSICIANS/B/Blues_Muz/Gallefoss_Glenn/Destruction.sid	1	125	auto
MUSICIANS/B/Blues_Muz/Gallefoss_Glenn/Devotion.sid	1	125	auto
MUSICIANS/B/Blues_Muz/Gallefoss_Glenn/Dialects.sid	1	125	auto
MUSICIANS/B/Blues_Muz/Gallefoss_Glenn/Digging.sid	1	100	auto
MUSICIANS/B/Blues_Muz/Gallefoss_Glenn/Digital_Designs_Intro_2.sid	1	125	auto
MUSICIANS/B/Blues_Muz/Gallefoss_Glenn/Disco_Robotski.sid	1	124	auto
MUSICIANS/B/Blues_Muz/Gallefoss_Glenn/Domino_Dancing.sid	1	125	auto
MUSICIANS/B/Blues_Muz/Gallefoss_Glenn/Dont_Stop_Till_You_Get_Enough.sid	1	125	auto
MUSICIANS/B/Blues_Muz/Gallefoss_Glenn/Doors_of_Perception.sid	1	107	auto
MUSICIANS/B/Blues_Muz/Gallefoss_Glenn/Dorull.sid	1	125	auto
MUSICIANS/B/Blues_Muz/Gallefoss_Glenn/Dreadful.sid	1	74	auto
MUSICIANS/B/Blues_Muz/Gallefoss_Glenn/Dream.sid	1	125	auto
MUSICIANS/B/Blues_Muz/Gallefoss_Glenn/Dreamland.sid	1	125	auto
MUSICIANS/B/Blues_Muz/Gallefoss_Glenn/Eastbottom.sid	1	125	auto
MUSICIANS/B/Blues_Muz/Gallefoss_Glenn/Effect_Freak.sid	1	125	auto
MUSICIANS/B/Blues_Muz/Gallefoss_Glenn/Ekkosang.sid	1	125	auto
MUSICIANS/B/Blues_Muz/Gallefoss_Glenn/Electronic_Transfer.sid	1	83	auto
MUSICIANS/B/Blues_Muz/Gallefoss_Glenn/End.sid	1	125	auto
MUSICIANS/B/Blues_Muz/Gallefoss_Glenn/End_94.sid	1	125	auto
MUSICIANS/B/Blues_Muz/Gallefoss_Glenn/End_Music.sid	1	125	auto
MUSICIANS/B/Blues_Muz/Gallefoss_Glenn/Endromeda.sid	1	107	auto
MUSICIANS/B/Blues_Muz/Gallefoss_Glenn/Enigma_Elg_moose.sid	1	94	auto
MUSICIANS/B/Blues_Muz/Gallefoss_Glenn/Enjoy_the_Silence.sid	1	111	auto
MUSICIANS/B/Blues_Muz/Gallefoss_Glenn/Evil_Within.sid	1	124	auto
MUSICIANS/B/Blues_Muz/Gallefoss_Glenn/Extreme.sid	1	125	auto
MUSICIANS/B/Blues_Muz/Gallefoss_Glenn/Fading_Away.sid	1	125	auto
MUSICIANS/B/Blues_Muz/Gallefoss_Glenn/Faeries.sid	1	124	auto
MUSICIANS/B/Blues_Muz/Gallefoss_Glenn/Fast_Pussy.sid	1	94	auto
MUSICIANS/B/Blues_Muz/Gallefoss_Glenn/Fast_Tunes_for_Vision_2003.sid	1	94	auto
MUSICIANS/B/Blues_Muz/Gallefoss_Glenn/Fields_of_Goats.sid	1	94	auto
MUSICIANS/B/Blues_Muz/Gallefoss_Glenn/Filthy_Hit_VE-4x.sid	1	125	auto
MUSICIANS/B/Blues_Muz/Gallefoss_Glenn/Finish_Line.sid	1	125	auto
MUSICIANS/B/Blues_Muz/Gallefoss_Glenn/Fjellgeit_ode_to_Fearlight.sid	1	94	auto
MUSICIANS/B/Blues_Muz/Gallefoss_Glenn/Flames.sid	1	100	auto
MUSICIANS/B/Blues_Muz/Gallefoss_Glenn/Flavour.sid	1	125	auto
MUSICIANS/B/Blues_Muz/Gallefoss_Glenn/Flimbos.sid	1	124	auto
MUSICIANS/B/Blues_Muz/Gallefoss_Glenn/Flunk.sid	1	100	auto
MUSICIANS/B/Blues_Muz/Gallefoss_Glenn/Freckled_Sky.sid	1	130	auto
MUSICIANS/B/Blues_Muz/Gallefoss_Glenn/Funhouse.sid	1	125	auto
MUSICIANS/B/Blues_Muz/Gallefoss_Glenn/Funk_Facet.sid	1	125	auto
MUSICIANS/B/Blues_Muz/Gallefoss_Glenn/Funkriff.sid	1	125	auto
MUSICIANS/B/Blues_Muz/Gallefoss_Glenn/Funkriff_v2.sid	1	125	auto
MUSICIANS/B/Blues_Muz/Gallefoss_Glenn/GRG_in_Cyberspace.sid	1	136	auto
MUSICIANS/B/Blues_Muz/Gallefoss_Glenn/Galvanized.sid	1	125	auto
MUSICIANS/B/Blues_Muz/Gallefoss_Glenn/Garage_Party_Jam_2SID.sid	1	107	auto
MUSICIANS/B/Blues_Muz/Gallefoss_Glenn/Genesis_P.sid	1	125	auto
MUSICIANS/B/Blues_Muz/Gallefoss_Glenn/Get_hyped.sid	1	125	auto
MUSICIANS/B/Blues_Muz/Gallefoss_Glenn/Ghosts_n_Goblins_Arcade.sid	1	107	auto
MUSICIANS/B/Blues_Muz/Gallefoss_Glenn/Ghosts_n_Goblins_Arcade.sid	2	125	auto
MUSICIANS/B/Blues_Muz/Gallefoss_Glenn/Ghosts_n_Goblins_Arcade.sid	10	71	auto
MUSICIANS/B/Blues_Muz/Gallefoss_Glenn/Ghosts_n_Goblins_Arcade.sid	11	83	auto
MUSICIANS/B/Blues_Muz/Gallefoss_Glenn/Ghosts_n_Goblins_Arcade.sid	12	94	auto
MUSICIANS/B/Blues_Muz/Gallefoss_Glenn/Ghosts_n_Goblins_Arcade.sid	14	143	auto
MUSICIANS/B/Blues_Muz/Gallefoss_Glenn/Ghosts_n_Goblins_Arcade.sid	18	143	auto
MUSICIANS/B/Blues_Muz/Gallefoss_Glenn/Global_Warming_Lighter_Moment.sid	1	125	auto
MUSICIANS/B/Blues_Muz/Gallefoss_Glenn/Got_Da_Bluez.sid	1	84	auto
MUSICIANS/B/Blues_Muz/Gallefoss_Glenn/Gracious.sid	1	94	auto
MUSICIANS/B/Blues_Muz/Gallefoss_Glenn/Graut.sid	1	125	auto
MUSICIANS/B/Blues_Muz/Gallefoss_Glenn/Guaranteed.sid	1	125	auto
MUSICIANS/B/Blues_Muz/Gallefoss_Glenn/Happy_Birthday_Tg-Acme.sid	1	125	auto
MUSICIANS/B/Blues_Muz/Gallefoss_Glenn/Hardcore.sid	1	125	auto
MUSICIANS/B/Blues_Muz/Gallefoss_Glenn/Hava_Nagila.sid	1	124	auto
MUSICIANS/B/Blues_Muz/Gallefoss_Glenn/Heartbeat.sid	1	125	auto
MUSICIANS/B/Blues_Muz/Gallefoss_Glenn/Heartbit.sid	1	125	auto
MUSICIANS/B/Blues_Muz/Gallefoss_Glenn/Hickup.sid	1	116	auto
MUSICIANS/B/Blues_Muz/Gallefoss_Glenn/High_Pressure.sid	1	125	auto
MUSICIANS/B/Blues_Muz/Gallefoss_Glenn/Hithouse.sid	1	125	auto
MUSICIANS/B/Blues_Muz/Gallefoss_Glenn/Hockey_Mania.sid	1	125	auto
MUSICIANS/B/Blues_Muz/Gallefoss_Glenn/Hockey_Mania.sid	2	107	auto
MUSICIANS/B/Blues_Muz/Gallefoss_Glenn/Holy_Josh.sid	1	125	auto
MUSICIANS/B/Blues_Muz/Gallefoss_Glenn/Homebrew_Channel.sid	1	107	auto
MUSICIANS/B/Blues_Muz/Gallefoss_Glenn/House_Fantasy.sid	1	125	auto
MUSICIANS/B/Blues_Muz/Gallefoss_Glenn/Huffa_Meg.sid	1	124	auto
MUSICIANS/B/Blues_Muz/Gallefoss_Glenn/Hyperbased.sid	1	125	auto
MUSICIANS/B/Blues_Muz/Gallefoss_Glenn/Hyperdrift.sid	1	107	auto
MUSICIANS/B/Blues_Muz/Gallefoss_Glenn/Hyperfool.sid	1	125	auto
MUSICIANS/B/Blues_Muz/Gallefoss_Glenn/Imperial_March.sid	1	125	auto
MUSICIANS/B/Blues_Muz/Gallefoss_Glenn/Impossible_Mission_Theme.sid	1	75	auto
MUSICIANS/B/Blues_Muz/Gallefoss_Glenn/Infra_Red.sid	1	125	auto
MUSICIANS/B/Blues_Muz/Gallefoss_Glenn/Interlude.sid	1	125	auto
MUSICIANS/B/Blues_Muz/Gallefoss_Glenn/Intro.sid	1	124	auto
MUSICIANS/B/Blues_Muz/Gallefoss_Glenn/Intro_Aktig.sid	1	125	auto
MUSICIANS/B/Blues_Muz/Gallefoss_Glenn/Intro_Zax.sid	1	125	auto
MUSICIANS/B/Blues_Muz/Gallefoss_Glenn/Intro_Zax_II.sid	1	125	auto
MUSICIANS/B/Blues_Muz/Gallefoss_Glenn/JB_Groove_I.sid	1	125	auto
MUSICIANS/B/Blues_Muz/Gallefoss_Glenn/JB_Groove_II.sid	1	150	auto
MUSICIANS/B/Blues_Muz/Gallefoss_Glenn/JS_Beta_Song.sid	1	93	auto
MUSICIANS/B/Blues_Muz/Gallefoss_Glenn/JS_Fanfare.sid	1	125	auto
MUSICIANS/B/Blues_Muz/Gallefoss_Glenn/Jazz_My_Azz.sid	1	125	auto
MUSICIANS/B/Blues_Muz/Gallefoss_Glenn/Jazzmjux.sid	1	84	auto
MUSICIANS/B/Blues_Muz/Gallefoss_Glenn/Jessie_Jazz.sid	1	150	auto
MUSICIANS/B/Blues_Muz/Gallefoss_Glenn/Jim_Slim.sid	3	94	auto
MUSICIANS/B/Blues_Muz/Gallefoss_Glenn/Jim_Slim.sid	5	136	auto
MUSICIANS/B/Blues_Muz/Gallefoss_Glenn/Jim_Slim.sid	8	107	auto
MUSICIANS/B/Blues_Muz/Gallefoss_Glenn/Jim_Slim.sid	9	125	auto
MUSICIANS/B/Blues_Muz/Gallefoss_Glenn/Jim_Slim.sid	10	150	auto
MUSICIANS/B/Blues_Muz/Gallefoss_Glenn/Jim_Slim.sid	11	75	auto
MUSICIANS/B/Blues_Muz/Gallefoss_Glenn/Jim_Slim.sid	13	125	auto
MUSICIANS/B/Blues_Muz/Gallefoss_Glenn/Jim_Slim.sid	16	75	auto
MUSICIANS/B/Blues_Muz/Gallefoss_Glenn/Jim_Slim.sid	17	107	auto
MUSICIANS/B/Blues_Muz/Gallefoss_Glenn/Jim_Slim.sid	18	125	auto
MUSICIANS/B/Blues_Muz/Gallefoss_Glenn/Jim_Slim.sid	19	94	auto
MUSICIANS/B/Blues_Muz/Gallefoss_Glenn/Jim_Slim.sid	21	94	auto
MUSICIANS/B/Blues_Muz/Gallefoss_Glenn/Jim_Slim.sid	22	107	auto
MUSICIANS/B/Blues_Muz/Gallefoss_Glenn/Jim_Slim_Groove.sid	1	94	auto
MUSICIANS/B/Blues_Muz/Gallefoss_Glenn/Joikaboller.sid	1	125	auto
MUSICIANS/B/Blues_Muz/Gallefoss_Glenn/Juba-Jazz.sid	1	125	auto
MUSICIANS/B/Blues_Muz/Gallefoss_Glenn/Kald_Kaffe.sid	1	125	auto
MUSICIANS/B/Blues_Muz/Gallefoss_Glenn/Karamell.sid	1	125	auto
MUSICIANS/B/Blues_Muz/Gallefoss_Glenn/Kirby.sid	1	125	auto
MUSICIANS/B/Blues_Muz/Gallefoss_Glenn/Kleptoekko.sid	7	124	auto
MUSICIANS/B/Blues_Muz/Gallefoss_Glenn/Lame.sid	1	125	auto
MUSICIANS/B/Blues_Muz/Gallefoss_Glenn/Lederhosen.sid	1	94	auto
MUSICIANS/B/Blues_Muz/Gallefoss_Glenn/Lesbians.sid	1	125	auto
MUSICIANS/B/Blues_Muz/Gallefoss_Glenn/Let_There_Be_Noise.sid	1	124	auto
MUSICIANS/B/Blues_Muz/Gallefoss_Glenn/Lethal_Weapon.sid	1	94	auto
MUSICIANS/B/Blues_Muz/Gallefoss_Glenn/Lightforce.sid	1	107	auto
MUSICIANS/B/Blues_Muz/Gallefoss_Glenn/Little_Bee.sid	1	125	auto
MUSICIANS/B/Blues_Muz/Gallefoss_Glenn/Long_Ting.sid	1	150	auto
MUSICIANS/B/Blues_Muz/Gallefoss_Glenn/Love_Fileosophy_2SID.sid	1	125	auto
MUSICIANS/B/Blues_Muz/Gallefoss_Glenn/Magic_Moment.sid	1	111	auto
MUSICIANS/B/Blues_Muz/Gallefoss_Glenn/Magical_SID_Shower.sid	1	125	auto
MUSICIANS/B/Blues_Muz/Gallefoss_Glenn/Max_Mix_1.sid	1	125	auto
MUSICIANS/B/Blues_Muz/Gallefoss_Glenn/Menthol.sid	1	125	auto
MUSICIANS/B/Blues_Muz/Gallefoss_Glenn/Micro_Mix.sid	1	125	auto
MUSICIANS/B/Blues_Muz/Gallefoss_Glenn/Microwave.sid	1	125	auto
MUSICIANS/B/Blues_Muz/Gallefoss_Glenn/Milkshake.sid	1	125	auto
MUSICIANS/B/Blues_Muz/Gallefoss_Glenn/Mini_Poelse.sid	1	124	auto
MUSICIANS/B/Blues_Muz/Gallefoss_Glenn/Model.sid	1	125	auto
MUSICIANS/B/Blues_Muz/Gallefoss_Glenn/Monday.sid	1	125	auto
MUSICIANS/B/Blues_Muz/Gallefoss_Glenn/Moonraker.sid	1	125	auto
MUSICIANS/B/Blues_Muz/Gallefoss_Glenn/Morte_Subita.sid	1	125	auto
MUSICIANS/B/Blues_Muz/Gallefoss_Glenn/Mountain_March.sid	1	100	auto
MUSICIANS/B/Blues_Muz/Gallefoss_Glenn/Mozell.sid	1	125	auto
MUSICIANS/B/Blues_Muz/Gallefoss_Glenn/Mummy.sid	1	94	auto
MUSICIANS/B/Blues_Muz/Gallefoss_Glenn/N0s_Intro_84.sid	1	83	auto
MUSICIANS/B/Blues_Muz/Gallefoss_Glenn/N0s_TapeCart_Intro.sid	1	107	auto
MUSICIANS/B/Blues_Muz/Gallefoss_Glenn/Napalm.sid	1	125	auto
MUSICIANS/B/Blues_Muz/Gallefoss_Glenn/Nasty_Hombre.sid	1	125	auto
MUSICIANS/B/Blues_Muz/Gallefoss_Glenn/Nephritis.sid	1	125	auto
MUSICIANS/B/Blues_Muz/Gallefoss_Glenn/Neurotica.sid	1	125	auto
MUSICIANS/B/Blues_Muz/Gallefoss_Glenn/Neurotica_short.sid	1	125	auto
MUSICIANS/B/Blues_Muz/Gallefoss_Glenn/Neverending_Story.sid	1	125	auto
MUSICIANS/B/Blues_Muz/Gallefoss_Glenn/Nightjazz.sid	1	125	auto
MUSICIANS/B/Blues_Muz/Gallefoss_Glenn/NineOneOne.sid	1	115	auto
MUSICIANS/B/Blues_Muz/Gallefoss_Glenn/Ninja_IV.sid	1	125	auto
MUSICIANS/B/Blues_Muz/Gallefoss_Glenn/Nitro_Dot.sid	1	111	auto
MUSICIANS/B/Blues_Muz/Gallefoss_Glenn/No_Rush.sid	1	125	auto
MUSICIANS/B/Blues_Muz/Gallefoss_Glenn/Noice.sid	1	124	auto
MUSICIANS/B/Blues_Muz/Gallefoss_Glenn/Nomen_Nescio.sid	1	152	auto
MUSICIANS/B/Blues_Muz/Gallefoss_Glenn/Norvegia_thats_a_cheese.sid	1	125	auto
MUSICIANS/B/Blues_Muz/Gallefoss_Glenn/Norway_rulls.sid	1	150	auto
MUSICIANS/B/Blues_Muz/Gallefoss_Glenn/Ode_to_Bugg.sid	1	150	auto
MUSICIANS/B/Blues_Muz/Gallefoss_Glenn/Oh_Boy_VE-2x.sid	1	94	auto
MUSICIANS/B/Blues_Muz/Gallefoss_Glenn/Oldie.sid	1	124	auto
MUSICIANS/B/Blues_Muz/Gallefoss_Glenn/Onkie_Donkie.sid	1	125	auto
MUSICIANS/B/Blues_Muz/Gallefoss_Glenn/Opening.sid	1	100	auto
MUSICIANS/B/Blues_Muz/Gallefoss_Glenn/Oswaldo.sid	1	124	auto
MUSICIANS/B/Blues_Muz/Gallefoss_Glenn/Other_Day.sid	1	88	auto
MUSICIANS/B/Blues_Muz/Gallefoss_Glenn/Outrun.sid	1	125	auto
MUSICIANS/B/Blues_Muz/Gallefoss_Glenn/Overlord.sid	1	116	auto
MUSICIANS/B/Blues_Muz/Gallefoss_Glenn/Painful.sid	1	125	auto
MUSICIANS/B/Blues_Muz/Gallefoss_Glenn/Pepita.sid	1	100	auto
MUSICIANS/B/Blues_Muz/Gallefoss_Glenn/Pervers.sid	1	125	auto
MUSICIANS/B/Blues_Muz/Gallefoss_Glenn/Phneumatic.sid	1	150	auto
MUSICIANS/B/Blues_Muz/Gallefoss_Glenn/Ping_Reply_from_Outter_Space.sid	1	125	auto
MUSICIANS/B/Blues_Muz/Gallefoss_Glenn/Pjatt.sid	1	94	auto
MUSICIANS/B/Blues_Muz/Gallefoss_Glenn/Pling_Plong.sid	1	136	auto
MUSICIANS/B/Blues_Muz/Gallefoss_Glenn/Popcorn.sid	1	125	auto
MUSICIANS/B/Blues_Muz/Gallefoss_Glenn/Praiser.sid	1	125	auto
MUSICIANS/B/Blues_Muz/Gallefoss_Glenn/Prehistoric_Tale.sid	1	94	auto
MUSICIANS/B/Blues_Muz/Gallefoss_Glenn/Prelude.sid	1	125	auto
MUSICIANS/B/Blues_Muz/Gallefoss_Glenn/Premature.sid	1	125	auto
MUSICIANS/B/Blues_Muz/Gallefoss_Glenn/Preview_Zax.sid	1	83	auto
MUSICIANS/B/Blues_Muz/Gallefoss_Glenn/Product.sid	1	137	auto
MUSICIANS/B/Blues_Muz/Gallefoss_Glenn/Promises.sid	1	124	auto
MUSICIANS/B/Blues_Muz/Gallefoss_Glenn/Psychic.sid	1	125	auto
MUSICIANS/B/Blues_Muz/Gallefoss_Glenn/Psycho_II.sid	1	124	auto
MUSICIANS/B/Blues_Muz/Gallefoss_Glenn/Psycho_IV.sid	1	125	auto
MUSICIANS/B/Blues_Muz/Gallefoss_Glenn/Pulstro.sid	1	94	auto
MUSICIANS/B/Blues_Muz/Gallefoss_Glenn/Pultost_VE-4x.sid	1	125	auto
MUSICIANS/B/Blues_Muz/Gallefoss_Glenn/Punkfunk.sid	1	125	auto
MUSICIANS/B/Blues_Muz/Gallefoss_Glenn/Pust.sid	1	125	auto
MUSICIANS/B/Blues_Muz/Gallefoss_Glenn/Quaternion.sid	1	94	auto
MUSICIANS/B/Blues_Muz/Gallefoss_Glenn/Radbrekk_I.sid	1	94	auto
MUSICIANS/B/Blues_Muz/Gallefoss_Glenn/Rapture.sid	1	125	auto
MUSICIANS/B/Blues_Muz/Gallefoss_Glenn/Rar_Takt.sid	1	108	auto
MUSICIANS/B/Blues_Muz/Gallefoss_Glenn/Raw_and_Mean.sid	1	125	auto
MUSICIANS/B/Blues_Muz/Gallefoss_Glenn/Razor_Jingle.sid	1	125	auto
MUSICIANS/B/Blues_Muz/Gallefoss_Glenn/Reaxion_Extended_Remix.sid	1	111	auto
MUSICIANS/B/Blues_Muz/Gallefoss_Glenn/Reaxion_Extended_Remix.sid	2	111	auto
MUSICIANS/B/Blues_Muz/Gallefoss_Glenn/Reaxion_extended.sid	1	107	auto
MUSICIANS/B/Blues_Muz/Gallefoss_Glenn/Reaxion_extended.sid	2	94	auto
MUSICIANS/B/Blues_Muz/Gallefoss_Glenn/Reaxion_extended.sid	3	125	auto
MUSICIANS/B/Blues_Muz/Gallefoss_Glenn/Rectum.sid	1	125	auto
MUSICIANS/B/Blues_Muz/Gallefoss_Glenn/Redneck_Jones.sid	1	137	auto
MUSICIANS/B/Blues_Muz/Gallefoss_Glenn/Reggie.sid	1	86	auto
MUSICIANS/B/Blues_Muz/Gallefoss_Glenn/Remote.sid	1	124	auto
MUSICIANS/B/Blues_Muz/Gallefoss_Glenn/Rhyme.sid	1	125	auto
MUSICIANS/B/Blues_Muz/Gallefoss_Glenn/Rough_Boy.sid	1	150	auto
MUSICIANS/B/Blues_Muz/Gallefoss_Glenn/Rumbah.sid	1	125	auto
MUSICIANS/B/Blues_Muz/Gallefoss_Glenn/Russians.sid	1	125	auto
MUSICIANS/B/Blues_Muz/Gallefoss_Glenn/SCS_TRC_Intro_Music.sid	1	94	auto
MUSICIANS/B/Blues_Muz/Gallefoss_Glenn/Sacrebleu.sid	1	125	auto
MUSICIANS/B/Blues_Muz/Gallefoss_Glenn/Sad_Song.sid	1	75	auto
MUSICIANS/B/Blues_Muz/Gallefoss_Glenn/Scene_plus_III.sid	1	100	auto
MUSICIANS/B/Blues_Muz/Gallefoss_Glenn/Scimitars.sid	1	115	auto
MUSICIANS/B/Blues_Muz/Gallefoss_Glenn/Screaming.sid	1	94	auto
MUSICIANS/B/Blues_Muz/Gallefoss_Glenn/Selfies_from_the_Ex.sid	1	125	auto
MUSICIANS/B/Blues_Muz/Gallefoss_Glenn/Shantaes_Burning_Town.sid	1	125	auto
MUSICIANS/B/Blues_Muz/Gallefoss_Glenn/Sharkie.sid	1	125	auto
MUSICIANS/B/Blues_Muz/Gallefoss_Glenn/Shocking.sid	1	125	auto
MUSICIANS/B/Blues_Muz/Gallefoss_Glenn/Short_Deel.sid	1	125	auto
MUSICIANS/B/Blues_Muz/Gallefoss_Glenn/Short_One.sid	1	125	auto
MUSICIANS/B/Blues_Muz/Gallefoss_Glenn/Sidastic.sid	1	150	auto
MUSICIANS/B/Blues_Muz/Gallefoss_Glenn/Slabekko.sid	1	107	auto
MUSICIANS/B/Blues_Muz/Gallefoss_Glenn/Slamtime.sid	1	83	auto
MUSICIANS/B/Blues_Muz/Gallefoss_Glenn/Slow_and_Cheesy_2SID.sid	1	94	auto
MUSICIANS/B/Blues_Muz/Gallefoss_Glenn/Slowjazz.sid	1	125	auto
MUSICIANS/B/Blues_Muz/Gallefoss_Glenn/Slowmotion.sid	1	125	auto
MUSICIANS/B/Blues_Muz/Gallefoss_Glenn/Smiley.sid	1	125	auto
MUSICIANS/B/Blues_Muz/Gallefoss_Glenn/Snip_Snap.sid	1	125	auto
MUSICIANS/B/Blues_Muz/Gallefoss_Glenn/Snufs.sid	1	125	auto
MUSICIANS/B/Blues_Muz/Gallefoss_Glenn/Solar_Plexus.sid	1	83	auto
MUSICIANS/B/Blues_Muz/Gallefoss_Glenn/Sorrows.sid	1	125	auto
MUSICIANS/B/Blues_Muz/Gallefoss_Glenn/Space_Suit.sid	1	123	auto
MUSICIANS/B/Blues_Muz/Gallefoss_Glenn/Spellbound.sid	1	94	auto
MUSICIANS/B/Blues_Muz/Gallefoss_Glenn/Stableraster.sid	1	107	auto
MUSICIANS/B/Blues_Muz/Gallefoss_Glenn/Stairway_1.sid	1	144	auto
MUSICIANS/B/Blues_Muz/Gallefoss_Glenn/Stairway_2.sid	1	143	auto
MUSICIANS/B/Blues_Muz/Gallefoss_Glenn/Still_Alive.sid	1	125	auto
MUSICIANS/B/Blues_Muz/Gallefoss_Glenn/Strangers.sid	1	107	auto
MUSICIANS/B/Blues_Muz/Gallefoss_Glenn/Strangle.sid	1	125	auto
MUSICIANS/B/Blues_Muz/Gallefoss_Glenn/Suburbia.sid	1	125	auto
MUSICIANS/B/Blues_Muz/Gallefoss_Glenn/Sugarhill.sid	1	107	auto
MUSICIANS/B/Blues_Muz/Gallefoss_Glenn/Super_Galaxy_preview.sid	1	151	auto
MUSICIANS/B/Blues_Muz/Gallefoss_Glenn/Super_Galaxy_preview.sid	2	75	auto
MUSICIANS/B/Blues_Muz/Gallefoss_Glenn/Supremacy.sid	1	136	auto
MUSICIANS/B/Blues_Muz/Gallefoss_Glenn/Survival.sid	1	125	auto
MUSICIANS/B/Blues_Muz/Gallefoss_Glenn/Sveitser_Ost.sid	1	125	auto
MUSICIANS/B/Blues_Muz/Gallefoss_Glenn/Sweet_JB.sid	1	124	auto
MUSICIANS/B/Blues_Muz/Gallefoss_Glenn/Syk_Sang.sid	1	150	auto
MUSICIANS/B/Blues_Muz/Gallefoss_Glenn/Syncomatic.sid	1	124	auto
MUSICIANS/B/Blues_Muz/Gallefoss_Glenn/Synthfunk.sid	1	124	auto
MUSICIANS/B/Blues_Muz/Gallefoss_Glenn/T-Shirt.sid	1	125	auto
MUSICIANS/B/Blues_Muz/Gallefoss_Glenn/Tango.sid	1	125	auto
MUSICIANS/B/Blues_Muz/Gallefoss_Glenn/Tango_Ballet.sid	1	83	auto
MUSICIANS/B/Blues_Muz/Gallefoss_Glenn/Tanks_3000.sid	1	125	auto
MUSICIANS/B/Blues_Muz/Gallefoss_Glenn/Tanks_3000.sid	5	125	auto
MUSICIANS/B/Blues_Muz/Gallefoss_Glenn/Tanks_3000.sid	6	125	auto
MUSICIANS/B/Blues_Muz/Gallefoss_Glenn/Tanks_3000.sid	9	125	auto
MUSICIANS/B/Blues_Muz/Gallefoss_Glenn/Tanks_3000.sid	11	125	auto
MUSICIANS/B/Blues_Muz/Gallefoss_Glenn/Tanks_3000.sid	12	125	auto
MUSICIANS/B/Blues_Muz/Gallefoss_Glenn/Tanks_3000.sid	13	125	auto
MUSICIANS/B/Blues_Muz/Gallefoss_Glenn/Tarmslyng.sid	1	125	auto
MUSICIANS/B/Blues_Muz/Gallefoss_Glenn/Tarsang.sid	1	83	auto
MUSICIANS/B/Blues_Muz/Gallefoss_Glenn/Techno.sid	1	126	auto
MUSICIANS/B/Blues_Muz/Gallefoss_Glenn/Techno_Chaos.sid	1	125	auto
MUSICIANS/B/Blues_Muz/Gallefoss_Glenn/Techno_Rave.sid	1	125	auto
MUSICIANS/B/Blues_Muz/Gallefoss_Glenn/Teddy_Bear.sid	1	125	auto
MUSICIANS/B/Blues_Muz/Gallefoss_Glenn/Ten_Seconds.sid	1	94	auto
MUSICIANS/B/Blues_Muz/Gallefoss_Glenn/Terpentin.sid	1	125	auto
MUSICIANS/B/Blues_Muz/Gallefoss_Glenn/Test-trip.sid	1	125	auto
MUSICIANS/B/Blues_Muz/Gallefoss_Glenn/Tight_Jeans.sid	1	125	auto
MUSICIANS/B/Blues_Muz/Gallefoss_Glenn/Timbuktu.sid	1	125	auto
MUSICIANS/B/Blues_Muz/Gallefoss_Glenn/Tissemann.sid	1	94	auto
MUSICIANS/B/Blues_Muz/Gallefoss_Glenn/Title_Needed.sid	1	94	auto
MUSICIANS/B/Blues_Muz/Gallefoss_Glenn/Toto.sid	1	125	auto
MUSICIANS/B/Blues_Muz/Gallefoss_Glenn/Tranedans.sid	1	115	auto
MUSICIANS/B/Blues_Muz/Gallefoss_Glenn/Trist.sid	1	75	auto
MUSICIANS/B/Blues_Muz/Gallefoss_Glenn/Trooper.sid	1	150	auto
MUSICIANS/B/Blues_Muz/Gallefoss_Glenn/Tycoon_2.sid	1	125	auto
MUSICIANS/B/Blues_Muz/Gallefoss_Glenn/Underwear_VE-4x.sid	1	125	auto
MUSICIANS/B/Blues_Muz/Gallefoss_Glenn/Velomatrix.sid	1	125	auto
MUSICIANS/B/Blues_Muz/Gallefoss_Glenn/Vicious_Circles.sid	1	107	auto
MUSICIANS/B/Blues_Muz/Gallefoss_Glenn/Virtual.sid	1	94	auto
MUSICIANS/B/Blues_Muz/Gallefoss_Glenn/Vozza_Jazz.sid	1	100	auto
MUSICIANS/B/Blues_Muz/Gallefoss_Glenn/Warbeat.sid	1	125	auto
MUSICIANS/B/Blues_Muz/Gallefoss_Glenn/Wash_and_Go.sid	1	126	auto
MUSICIANS/B/Blues_Muz/Gallefoss_Glenn/Weirdo.sid	1	94	auto
MUSICIANS/B/Blues_Muz/Gallefoss_Glenn/What_Is_Love.sid	1	137	auto
MUSICIANS/B/Blues_Muz/Gallefoss_Glenn/Worktunes/Armascary_6.sid	1	150	auto
MUSICIANS/B/Blues_Muz/Gallefoss_Glenn/Worktunes/Bejazz_2.sid	1	83	auto
MUSICIANS/B/Blues_Muz/Gallefoss_Glenn/Worktunes/Calm_4.sid	1	94	auto
MUSICIANS/B/Blues_Muz/Gallefoss_Glenn/Worktunes/Calmout_8.sid	1	94	auto
MUSICIANS/B/Blues_Muz/Gallefoss_Glenn/Worktunes/Dreamwave.sid	1	125	auto
MUSICIANS/B/Blues_Muz/Gallefoss_Glenn/Worktunes/Flikk.sid	1	124	auto
MUSICIANS/B/Blues_Muz/Gallefoss_Glenn/Worktunes/Hmm.sid	1	125	auto
MUSICIANS/B/Blues_Muz/Gallefoss_Glenn/Worktunes/Jobb.sid	1	125	auto
MUSICIANS/B/Blues_Muz/Gallefoss_Glenn/Worktunes/Jodlevann_4.sid	1	125	auto
MUSICIANS/B/Blues_Muz/Gallefoss_Glenn/Worktunes/Jul_2.sid	1	125	auto
MUSICIANS/B/Blues_Muz/Gallefoss_Glenn/Worktunes/Mindit.sid	1	125	auto
MUSICIANS/B/Blues_Muz/Gallefoss_Glenn/Worktunes/No_middle.sid	1	94	auto
MUSICIANS/B/Blues_Muz/Gallefoss_Glenn/Worktunes/Phonecall.sid	1	125	auto
MUSICIANS/B/Blues_Muz/Gallefoss_Glenn/Worktunes/Sacrefice_2.sid	1	94	auto
MUSICIANS/B/Blues_Muz/Gallefoss_Glenn/Worktunes/Shitty.sid	1	125	auto
MUSICIANS/B/Blues_Muz/Gallefoss_Glenn/Worktunes/Slax.sid	1	124	auto
MUSICIANS/B/Blues_Muz/Gallefoss_Glenn/Worktunes/Trikk.sid	1	125	auto
MUSICIANS/B/Blues_Muz/Gallefoss_Glenn/Worktunes/Tull.sid	1	125	auto
MUSICIANS/B/Blues_Muz/Gallefoss_Glenn/Worktunes/Xecute_2.sid	1	125	auto
MUSICIANS/B/Blues_Muz/Gallefoss_Glenn/Xard.sid	1	125	auto
MUSICIANS/B/Blues_Muz/Gallefoss_Glenn/Yeah.sid	1	124	auto
MUSICIANS/B/Blues_Muz/Gallefoss_Glenn/Yeah_Royal_Arte_version.sid	1	124	auto
MUSICIANS/B/Blues_Muz/Gallefoss_Glenn/Yesterday.sid	1	94	auto
MUSICIANS/B/Blues_Muz/Gallefoss_Glenn/Z12.sid	1	94	auto
MUSICIANS/B/Blues_Muz/Gallefoss_Glenn/Zexest.sid	1	124	auto
MUSICIANS/B/Blues_Muz/Gallefoss_Glenn/Zoids_remix.sid	1	125	auto
MUSICIANS/B/Blues_Muz/Gallisk.sid	1	125	auto
MUSICIANS/B/Blues_Muz/Game_Music.sid	1	125	auto
MUSICIANS/B/Blues_Muz/Game_Music.sid	3	124	auto
MUSICIANS/B/Blues_Muz/Gitarius.sid	1	125	auto
MUSICIANS/B/Blues_Muz/Gollar.sid	1	124	auto
MUSICIANS/B/Blues_Muz/Gone.sid	1	100	auto
MUSICIANS/B/Blues_Muz/Gravefunk.sid	1	125	auto
MUSICIANS/B/Blues_Muz/Grim_and_Groovy.sid	1	125	auto
MUSICIANS/B/Blues_Muz/Handel.sid	1	124	auto
MUSICIANS/B/Blues_Muz/Hiba_Haba.sid	1	125	auto
MUSICIANS/B/Blues_Muz/Hiphop.sid	1	125	auto
MUSICIANS/B/Blues_Muz/Houze.sid	1	83	auto
MUSICIANS/B/Blues_Muz/Huus.sid	1	125	auto
MUSICIANS/B/Blues_Muz/JCH-Dreams.sid	1	125	auto
MUSICIANS/B/Blues_Muz/Jensman.sid	1	94	auto
MUSICIANS/B/Blues_Muz/Jydefunk.sid	1	125	auto
MUSICIANS/B/Blues_Muz/Keyboard.sid	1	125	auto
MUSICIANS/B/Blues_Muz/Las_Vegas.sid	1	125	auto
MUSICIANS/B/Blues_Muz/Lassohore.sid	1	125	auto
MUSICIANS/B/Blues_Muz/Level_2.sid	1	125	auto
MUSICIANS/B/Blues_Muz/Lingo.sid	1	125	auto
MUSICIANS/B/Blues_Muz/Lounge.sid	1	83	auto
MUSICIANS/B/Blues_Muz/Lovely.sid	1	124	auto
MUSICIANS/B/Blues_Muz/Lunatic.sid	1	125	auto
MUSICIANS/B/Blues_Muz/Lystig.sid	1	83	auto
MUSICIANS/B/Blues_Muz/Macros.sid	1	94	auto
MUSICIANS/B/Blues_Muz/Makaroni.sid	1	124	auto
MUSICIANS/B/Blues_Muz/Maniax_2.sid	1	94	auto
MUSICIANS/B/Blues_Muz/Menu.sid	1	83	auto
MUSICIANS/B/Blues_Muz/Mixed_Mezz.sid	1	125	auto
MUSICIANS/B/Blues_Muz/Moisture.sid	1	100	auto
MUSICIANS/B/Blues_Muz/Moody.sid	1	125	auto
MUSICIANS/B/Blues_Muz/Mr_Worm.sid	1	125	auto
MUSICIANS/B/Blues_Muz/Mystery.sid	1	124	auto
MUSICIANS/B/Blues_Muz/Nameless.sid	1	125	auto
MUSICIANS/B/Blues_Muz/Nibbleman.sid	1	124	auto
MUSICIANS/B/Blues_Muz/Nibbleman_plus.sid	1	125	auto
MUSICIANS/B/Blues_Muz/Nordboe_Kjell/1001_Ride.sid	1	94	auto
MUSICIANS/B/Blues_Muz/Nordboe_Kjell/A_Change_For.sid	1	107	auto
MUSICIANS/B/Blues_Muz/Nordboe_Kjell/A_Family.sid	1	125	auto
MUSICIANS/B/Blues_Muz/Nordboe_Kjell/A_Length.sid	1	125	auto
MUSICIANS/B/Blues_Muz/Nordboe_Kjell/A_Letter.sid	1	94	auto
MUSICIANS/B/Blues_Muz/Nordboe_Kjell/A_New_Life.sid	1	107	auto
MUSICIANS/B/Blues_Muz/Nordboe_Kjell/A_New_Life.sid	5	125	auto
MUSICIANS/B/Blues_Muz/Nordboe_Kjell/A_New_Life.sid	6	125	auto
MUSICIANS/B/Blues_Muz/Nordboe_Kjell/A_New_Life.sid	7	150	auto
MUSICIANS/B/Blues_Muz/Nordboe_Kjell/A_New_Life.sid	8	125	auto
MUSICIANS/B/Blues_Muz/Nordboe_Kjell/A_New_Life.sid	9	125	auto
MUSICIANS/B/Blues_Muz/Nordboe_Kjell/A_New_Life.sid	10	125	auto
MUSICIANS/B/Blues_Muz/Nordboe_Kjell/A_New_Life.sid	11	83	auto
MUSICIANS/B/Blues_Muz/Nordboe_Kjell/A_New_Life.sid	12	125	auto
MUSICIANS/B/Blues_Muz/Nordboe_Kjell/A_New_Life.sid	13	125	auto
MUSICIANS/B/Blues_Muz/Nordboe_Kjell/A_New_Life.sid	14	94	auto
MUSICIANS/B/Blues_Muz/Nordboe_Kjell/A_New_Life.sid	16	150	auto
MUSICIANS/B/Blues_Muz/Nordboe_Kjell/A_New_Life.sid	18	124	auto
MUSICIANS/B/Blues_Muz/Nordboe_Kjell/A_New_Life.sid	19	107	auto
MUSICIANS/B/Blues_Muz/Nordboe_Kjell/A_Place.sid	1	83	auto
MUSICIANS/B/Blues_Muz/Nordboe_Kjell/A_Sunny_Day.sid	1	124	auto
MUSICIANS/B/Blues_Muz/Nordboe_Kjell/A_Trip_to_the_Sea.sid	1	124	auto
MUSICIANS/B/Blues_Muz/Nordboe_Kjell/After_Real.sid	1	93	auto
MUSICIANS/B/Blues_Muz/Nordboe_Kjell/Against_My_Enemy.sid	1	124	auto
MUSICIANS/B/Blues_Muz/Nordboe_Kjell/All_the_Time.sid	1	124	auto
MUSICIANS/B/Blues_Muz/Nordboe_Kjell/Along_the_Night.sid	1	125	auto
MUSICIANS/B/Blues_Muz/Nordboe_Kjell/Always_Existing.sid	1	100	auto
MUSICIANS/B/Blues_Muz/Nordboe_Kjell/And_Broke_My_Arm.sid	1	94	auto
MUSICIANS/B/Blues_Muz/Nordboe_Kjell/Another_Chance.sid	1	94	auto
MUSICIANS/B/Blues_Muz/Nordboe_Kjell/Around_and_Back.sid	1	125	auto
MUSICIANS/B/Blues_Muz/Nordboe_Kjell/Ass.sid	1	125	auto
MUSICIANS/B/Blues_Muz/Nordboe_Kjell/Atom_Guitar.sid	1	125	auto
MUSICIANS/B/Blues_Muz/Nordboe_Kjell/Attack.sid	1	125	auto
MUSICIANS/B/Blues_Muz/Nordboe_Kjell/Av_Kjott_Og_Blod.sid	1	83	auto
MUSICIANS/B/Blues_Muz/Nordboe_Kjell/Battle_Field.sid	1	125	auto
MUSICIANS/B/Blues_Muz/Nordboe_Kjell/Best.sid	1	125	auto
MUSICIANS/B/Blues_Muz/Nordboe_Kjell/Beyond.sid	1	124	auto
MUSICIANS/B/Blues_Muz/Nordboe_Kjell/Blasted.sid	1	125	auto
MUSICIANS/B/Blues_Muz/Nordboe_Kjell/Bleeding_to_Die.sid	1	150	auto
MUSICIANS/B/Blues_Muz/Nordboe_Kjell/Blue_Again.sid	1	100	auto
MUSICIANS/B/Blues_Muz/Nordboe_Kjell/Born_Alive_Dead_note.sid	1	150	auto
MUSICIANS/B/Blues_Muz/Nordboe_Kjell/Brainlove.sid	1	125	auto
MUSICIANS/B/Blues_Muz/Nordboe_Kjell/Burnt_Bridges.sid	1	94	auto
MUSICIANS/B/Blues_Muz/Nordboe_Kjell/Business.sid	1	107	auto
MUSICIANS/B/Blues_Muz/Nordboe_Kjell/By_the_Time.sid	1	94	auto
MUSICIANS/B/Blues_Muz/Nordboe_Kjell/Cakes_Taste_Good.sid	1	111	auto
MUSICIANS/B/Blues_Muz/Nordboe_Kjell/Cant_Eat_It.sid	1	94	auto
MUSICIANS/B/Blues_Muz/Nordboe_Kjell/Carpiano.sid	1	125	auto
MUSICIANS/B/Blues_Muz/Nordboe_Kjell/Carry_My_Weight.sid	1	150	auto
MUSICIANS/B/Blues_Muz/Nordboe_Kjell/Catparty.sid	1	94	auto
MUSICIANS/B/Blues_Muz/Nordboe_Kjell/Child.sid	1	151	auto
MUSICIANS/B/Blues_Muz/Nordboe_Kjell/Children.sid	1	100	auto
MUSICIANS/B/Blues_Muz/Nordboe_Kjell/Commodore.sid	1	125	auto
MUSICIANS/B/Blues_Muz/Nordboe_Kjell/Courage.sid	1	125	auto
MUSICIANS/B/Blues_Muz/Nordboe_Kjell/Cousy_Cafe.sid	1	84	auto
MUSICIANS/B/Blues_Muz/Nordboe_Kjell/Crazy.sid	1	124	auto
MUSICIANS/B/Blues_Muz/Nordboe_Kjell/Crunch.sid	1	150	auto
MUSICIANS/B/Blues_Muz/Nordboe_Kjell/Dark_Force.sid	1	75	auto
MUSICIANS/B/Blues_Muz/Nordboe_Kjell/Destiny.sid	1	94	auto
MUSICIANS/B/Blues_Muz/Nordboe_Kjell/Devils_in_my_house.sid	1	94	auto
MUSICIANS/B/Blues_Muz/Nordboe_Kjell/Differ.sid	1	83	auto
MUSICIANS/B/Blues_Muz/Nordboe_Kjell/Disco_Diva.sid	1	125	auto
MUSICIANS/B/Blues_Muz/Nordboe_Kjell/Drifting_Away.sid	1	125	auto
MUSICIANS/B/Blues_Muz/Nordboe_Kjell/Drive.sid	1	125	auto
MUSICIANS/B/Blues_Muz/Nordboe_Kjell/Dunk_Bang_Kraesj.sid	1	124	auto
MUSICIANS/B/Blues_Muz/Nordboe_Kjell/Ejektor_Wave.sid	1	125	auto
MUSICIANS/B/Blues_Muz/Nordboe_Kjell/Entering.sid	1	107	auto
MUSICIANS/B/Blues_Muz/Nordboe_Kjell/Everything_Will_Get_Fine.sid	1	125	auto
MUSICIANS/B/Blues_Muz/Nordboe_Kjell/Evil_Circle.sid	1	94	auto
MUSICIANS/B/Blues_Muz/Nordboe_Kjell/Exhausted.sid	1	125	auto
MUSICIANS/B/Blues_Muz/Nordboe_Kjell/Fantastic.sid	1	125	auto
MUSICIANS/B/Blues_Muz/Nordboe_Kjell/Fantasy_Shapes.sid	1	94	auto
MUSICIANS/B/Blues_Muz/Nordboe_Kjell/Fantasy_World.sid	1	150	auto
MUSICIANS/B/Blues_Muz/Nordboe_Kjell/Feeling_Empty_Inside.sid	1	125	auto
MUSICIANS/B/Blues_Muz/Nordboe_Kjell/Fight_March.sid	1	151	auto
MUSICIANS/B/Blues_Muz/Nordboe_Kjell/For_You.sid	1	84	auto
MUSICIANS/B/Blues_Muz/Nordboe_Kjell/For_a_Change.sid	1	107	auto
MUSICIANS/B/Blues_Muz/Nordboe_Kjell/Free.sid	1	125	auto
MUSICIANS/B/Blues_Muz/Nordboe_Kjell/Friend.sid	1	125	auto
MUSICIANS/B/Blues_Muz/Nordboe_Kjell/Frihetsrock.sid	1	107	auto
MUSICIANS/B/Blues_Muz/Nordboe_Kjell/From_Our_Hearts.sid	1	125	auto
MUSICIANS/B/Blues_Muz/Nordboe_Kjell/Future.sid	1	107	auto
MUSICIANS/B/Blues_Muz/Nordboe_Kjell/Galleon.sid	1	125	auto
MUSICIANS/B/Blues_Muz/Nordboe_Kjell/General.sid	1	125	auto
MUSICIANS/B/Blues_Muz/Nordboe_Kjell/Genuine_Madness.sid	1	83	auto
MUSICIANS/B/Blues_Muz/Nordboe_Kjell/Ghost_Escapes_Body.sid	4	94	auto
MUSICIANS/B/Blues_Muz/Nordboe_Kjell/Ghost_Escapes_Body.sid	9	107	auto
MUSICIANS/B/Blues_Muz/Nordboe_Kjell/Ghost_Escapes_Body.sid	11	150	auto
MUSICIANS/B/Blues_Muz/Nordboe_Kjell/Ghost_Escapes_Body.sid	12	100	auto
MUSICIANS/B/Blues_Muz/Nordboe_Kjell/Ghost_Escapes_Body.sid	13	125	auto
MUSICIANS/B/Blues_Muz/Nordboe_Kjell/Ghost_Escapes_Body.sid	16	125	auto
MUSICIANS/B/Blues_Muz/Nordboe_Kjell/Goes.sid	1	126	auto
MUSICIANS/B/Blues_Muz/Nordboe_Kjell/Good_Night.sid	1	94	auto
MUSICIANS/B/Blues_Muz/Nordboe_Kjell/Grip_on_a_Thought.sid	1	150	auto
MUSICIANS/B/Blues_Muz/Nordboe_Kjell/Guilty_Souls.sid	1	107	auto
MUSICIANS/B/Blues_Muz/Nordboe_Kjell/Happiness_Room.sid	1	125	auto
MUSICIANS/B/Blues_Muz/Nordboe_Kjell/Happy_Days.sid	1	150	auto
MUSICIANS/B/Blues_Muz/Nordboe_Kjell/Happy_Together.sid	1	124	auto
MUSICIANS/B/Blues_Muz/Nordboe_Kjell/Hard_Times.sid	1	94	auto
MUSICIANS/B/Blues_Muz/Nordboe_Kjell/Harder.sid	1	94	auto
MUSICIANS/B/Blues_Muz/Nordboe_Kjell/Heartsoul.sid	1	125	auto
MUSICIANS/B/Blues_Muz/Nordboe_Kjell/Heat.sid	1	151	auto
MUSICIANS/B/Blues_Muz/Nordboe_Kjell/Heidi.sid	1	125	auto
MUSICIANS/B/Blues_Muz/Nordboe_Kjell/Here_I_Come.sid	1	124	auto
MUSICIANS/B/Blues_Muz/Nordboe_Kjell/Hiding_My_Face.sid	1	100	auto
MUSICIANS/B/Blues_Muz/Nordboe_Kjell/High.sid	1	125	auto
MUSICIANS/B/Blues_Muz/Nordboe_Kjell/His_Voice.sid	1	125	auto
MUSICIANS/B/Blues_Muz/Nordboe_Kjell/Holding_Her.sid	1	100	auto
MUSICIANS/B/Blues_Muz/Nordboe_Kjell/Holding_a_Hand.sid	1	94	auto
MUSICIANS/B/Blues_Muz/Nordboe_Kjell/Honey_Soup.sid	1	151	auto
MUSICIANS/B/Blues_Muz/Nordboe_Kjell/Hurry_Before_End.sid	1	75	auto
MUSICIANS/B/Blues_Muz/Nordboe_Kjell/Hurry_someone_needs_help.sid	1	124	auto
MUSICIANS/B/Blues_Muz/Nordboe_Kjell/I_Hate_You.sid	1	94	auto
MUSICIANS/B/Blues_Muz/Nordboe_Kjell/I_Resolve.sid	1	94	auto
MUSICIANS/B/Blues_Muz/Nordboe_Kjell/I_Wave_Goodbye.sid	1	125	auto
MUSICIANS/B/Blues_Muz/Nordboe_Kjell/Im_Fonkey.sid	1	94	auto
MUSICIANS/B/Blues_Muz/Nordboe_Kjell/In_a_Funky_Place.sid	1	125	auto
MUSICIANS/B/Blues_Muz/Nordboe_Kjell/Innocent.sid	1	125	auto
MUSICIANS/B/Blues_Muz/Nordboe_Kjell/Insight.sid	1	124	auto
MUSICIANS/B/Blues_Muz/Nordboe_Kjell/Is.sid	1	150	auto
MUSICIANS/B/Blues_Muz/Nordboe_Kjell/It.sid	1	124	auto
MUSICIANS/B/Blues_Muz/Nordboe_Kjell/Its_Fun_Time.sid	1	125	auto
MUSICIANS/B/Blues_Muz/Nordboe_Kjell/Jalla_the_Spider.sid	1	125	auto
MUSICIANS/B/Blues_Muz/Nordboe_Kjell/Jallas_Quest.sid	1	107	auto
MUSICIANS/B/Blues_Muz/Nordboe_Kjell/Joy_in_Repetition.sid	1	83	auto
MUSICIANS/B/Blues_Muz/Nordboe_Kjell/Kjells_Fantasi.sid	1	150	auto
MUSICIANS/B/Blues_Muz/Nordboe_Kjell/Lapskaus.sid	1	100	auto
MUSICIANS/B/Blues_Muz/Nordboe_Kjell/Larger_than_Life.sid	1	107	auto
MUSICIANS/B/Blues_Muz/Nordboe_Kjell/Larger_than_Life.sid	2	83	auto
MUSICIANS/B/Blues_Muz/Nordboe_Kjell/Larger_than_Life.sid	3	83	auto
MUSICIANS/B/Blues_Muz/Nordboe_Kjell/Larger_than_Life.sid	5	151	auto
MUSICIANS/B/Blues_Muz/Nordboe_Kjell/Larger_than_Life.sid	6	125	auto
MUSICIANS/B/Blues_Muz/Nordboe_Kjell/Larger_than_Life.sid	8	107	auto
MUSICIANS/B/Blues_Muz/Nordboe_Kjell/Larger_than_Life.sid	10	107	auto
MUSICIANS/B/Blues_Muz/Nordboe_Kjell/Larger_than_Life.sid	11	125	auto
MUSICIANS/B/Blues_Muz/Nordboe_Kjell/Larger_than_Life.sid	13	143	auto
MUSICIANS/B/Blues_Muz/Nordboe_Kjell/Larger_than_Life.sid	14	125	auto
MUSICIANS/B/Blues_Muz/Nordboe_Kjell/Larger_than_Life.sid	16	83	auto
MUSICIANS/B/Blues_Muz/Nordboe_Kjell/Last_Flight.sid	1	75	auto
MUSICIANS/B/Blues_Muz/Nordboe_Kjell/Leaving_No_Doubt.sid	1	125	auto
MUSICIANS/B/Blues_Muz/Nordboe_Kjell/Left_Lane.sid	1	151	auto
MUSICIANS/B/Blues_Muz/Nordboe_Kjell/Liberating.sid	1	151	auto
MUSICIANS/B/Blues_Muz/Nordboe_Kjell/Life.sid	1	100	auto
MUSICIANS/B/Blues_Muz/Nordboe_Kjell/Like_a_Player.sid	1	124	auto
MUSICIANS/B/Blues_Muz/Nordboe_Kjell/Little_Big_Man.sid	1	125	auto
MUSICIANS/B/Blues_Muz/Nordboe_Kjell/Live_from_Hell.sid	1	100	auto
MUSICIANS/B/Blues_Muz/Nordboe_Kjell/Looking_at_Myself_Im_sick.sid	1	125	auto
MUSICIANS/B/Blues_Muz/Nordboe_Kjell/Love_Declaration.sid	1	125	auto
MUSICIANS/B/Blues_Muz/Nordboe_Kjell/Lovely_Hair.sid	1	125	auto
MUSICIANS/B/Blues_Muz/Nordboe_Kjell/Lunatic.sid	1	125	auto
MUSICIANS/B/Blues_Muz/Nordboe_Kjell/Mad_About_It.sid	1	100	auto
MUSICIANS/B/Blues_Muz/Nordboe_Kjell/Mad_Mans_Dream.sid	2	150	auto
MUSICIANS/B/Blues_Muz/Nordboe_Kjell/Mad_Mans_Dream.sid	3	124	auto
MUSICIANS/B/Blues_Muz/Nordboe_Kjell/Mad_Mans_Dream.sid	5	125	auto
MUSICIANS/B/Blues_Muz/Nordboe_Kjell/Mad_Mans_Dream.sid	6	150	auto
MUSICIANS/B/Blues_Muz/Nordboe_Kjell/Mad_Mans_Dream.sid	7	125	auto
MUSICIANS/B/Blues_Muz/Nordboe_Kjell/Mad_Mans_Dream.sid	8	125	auto
MUSICIANS/B/Blues_Muz/Nordboe_Kjell/Mad_Mans_Dream.sid	9	107	auto
MUSICIANS/B/Blues_Muz/Nordboe_Kjell/Mad_Mans_Dream.sid	10	151	auto
MUSICIANS/B/Blues_Muz/Nordboe_Kjell/Mad_Mans_Dream.sid	12	125	auto
MUSICIANS/B/Blues_Muz/Nordboe_Kjell/Mad_Mans_Dream.sid	13	100	auto
MUSICIANS/B/Blues_Muz/Nordboe_Kjell/Mad_Mans_Dream.sid	14	124	auto
MUSICIANS/B/Blues_Muz/Nordboe_Kjell/Mad_Mans_Dream.sid	15	125	auto
MUSICIANS/B/Blues_Muz/Nordboe_Kjell/Mad_Mans_Dream.sid	16	125	auto
MUSICIANS/B/Blues_Muz/Nordboe_Kjell/Mad_Mans_Dream.sid	17	100	auto
MUSICIANS/B/Blues_Muz/Nordboe_Kjell/Mad_Mans_Dream.sid	19	151	auto
MUSICIANS/B/Blues_Muz/Nordboe_Kjell/Mad_Mans_Dream.sid	20	124	auto
MUSICIANS/B/Blues_Muz/Nordboe_Kjell/Mad_Mans_Dream.sid	22	125	auto
MUSICIANS/B/Blues_Muz/Nordboe_Kjell/Mad_Mans_Dream.sid	24	75	auto
MUSICIANS/B/Blues_Muz/Nordboe_Kjell/Mad_Mans_Dream.sid	25	125	auto
MUSICIANS/B/Blues_Muz/Nordboe_Kjell/Mad_Mans_Dream.sid	26	143	auto
MUSICIANS/B/Blues_Muz/Nordboe_Kjell/Man_of_Failure.sid	1	124	auto
MUSICIANS/B/Blues_Muz/Nordboe_Kjell/Man_without_Wife.sid	1	107	auto
MUSICIANS/B/Blues_Muz/Nordboe_Kjell/Many_Good_Ones.sid	1	150	auto
MUSICIANS/B/Blues_Muz/Nordboe_Kjell/Masses.sid	1	125	auto
MUSICIANS/B/Blues_Muz/Nordboe_Kjell/Master_of_the_Universe.sid	1	75	auto
MUSICIANS/B/Blues_Muz/Nordboe_Kjell/Med_Livet_Som_Innsats.sid	1	150	auto
MUSICIANS/B/Blues_Muz/Nordboe_Kjell/Meg_Vil_Ingen_Ha.sid	1	107	auto
MUSICIANS/B/Blues_Muz/Nordboe_Kjell/Melts_the_Cold.sid	1	124	auto
MUSICIANS/B/Blues_Muz/Nordboe_Kjell/Mercy.sid	1	124	auto
MUSICIANS/B/Blues_Muz/Nordboe_Kjell/Min_Engel_Er.sid	1	125	auto
MUSICIANS/B/Blues_Muz/Nordboe_Kjell/Mind_Escape.sid	1	151	auto
MUSICIANS/B/Blues_Muz/Nordboe_Kjell/Mono.sid	1	125	auto
MUSICIANS/B/Blues_Muz/Nordboe_Kjell/More_Than_Ever.sid	1	124	auto
MUSICIANS/B/Blues_Muz/Nordboe_Kjell/Morning_Sun.sid	1	124	auto
MUSICIANS/B/Blues_Muz/Nordboe_Kjell/Move_On.sid	1	125	auto
MUSICIANS/B/Blues_Muz/Nordboe_Kjell/Mum_and_Dad.sid	1	124	auto
MUSICIANS/B/Blues_Muz/Nordboe_Kjell/Mutant.sid	1	123	auto
MUSICIANS/B/Blues_Muz/Nordboe_Kjell/My_Prince.sid	1	83	auto
MUSICIANS/B/Blues_Muz/Nordboe_Kjell/Mysterious_Dance.sid	1	94	auto
MUSICIANS/B/Blues_Muz/Nordboe_Kjell/Naked_and_Lost.sid	1	125	auto
MUSICIANS/B/Blues_Muz/Nordboe_Kjell/Nervous_and_Scared.sid	1	75	auto
MUSICIANS/B/Blues_Muz/Nordboe_Kjell/Never_Die.sid	1	83	auto
MUSICIANS/B/Blues_Muz/Nordboe_Kjell/No.sid	1	125	auto
MUSICIANS/B/Blues_Muz/Nordboe_Kjell/No_Breaks.sid	1	107	auto
MUSICIANS/B/Blues_Muz/Nordboe_Kjell/No_Low_Ideals.sid	1	75	auto
MUSICIANS/B/Blues_Muz/Nordboe_Kjell/No_Name.sid	1	125	auto
MUSICIANS/B/Blues_Muz/Nordboe_Kjell/No_One_Thats_Me.sid	1	125	auto
MUSICIANS/B/Blues_Muz/Nordboe_Kjell/Nobody_Is_Best.sid	1	94	auto
MUSICIANS/B/Blues_Muz/Nordboe_Kjell/Nor_Art_or_You.sid	1	124	auto
MUSICIANS/B/Blues_Muz/Nordboe_Kjell/Not_without_My_C64.sid	1	124	auto
MUSICIANS/B/Blues_Muz/Nordboe_Kjell/Nowhere_to_Go.sid	1	125	auto
MUSICIANS/B/Blues_Muz/Nordboe_Kjell/Ole.sid	1	125	auto
MUSICIANS/B/Blues_Muz/Nordboe_Kjell/Our_Bodies.sid	1	124	auto
MUSICIANS/B/Blues_Muz/Nordboe_Kjell/Out_of_Nothing.sid	1	151	auto
MUSICIANS/B/Blues_Muz/Nordboe_Kjell/Paperlaw.sid	1	125	auto
MUSICIANS/B/Blues_Muz/Nordboe_Kjell/Pause.sid	1	125	auto
MUSICIANS/B/Blues_Muz/Nordboe_Kjell/Pianotech.sid	1	150	auto
MUSICIANS/B/Blues_Muz/Nordboe_Kjell/Play_with_Me.sid	1	125	auto
MUSICIANS/B/Blues_Muz/Nordboe_Kjell/Please.sid	1	94	auto
MUSICIANS/B/Blues_Muz/Nordboe_Kjell/Promise.sid	1	126	auto
MUSICIANS/B/Blues_Muz/Nordboe_Kjell/Pulling_Back.sid	1	107	auto
MUSICIANS/B/Blues_Muz/Nordboe_Kjell/Raped.sid	1	125	auto
MUSICIANS/B/Blues_Muz/Nordboe_Kjell/Realizer.sid	1	83	auto
MUSICIANS/B/Blues_Muz/Nordboe_Kjell/Reconcile.sid	1	107	auto
MUSICIANS/B/Blues_Muz/Nordboe_Kjell/Revenge_of.sid	1	125	auto
MUSICIANS/B/Blues_Muz/Nordboe_Kjell/Revolt.sid	1	125	auto
MUSICIANS/B/Blues_Muz/Nordboe_Kjell/Road_to_Jell.sid	1	124	auto
MUSICIANS/B/Blues_Muz/Nordboe_Kjell/Rock_or_Die.sid	1	107	auto
MUSICIANS/B/Blues_Muz/Nordboe_Kjell/Rocket.sid	1	94	auto
MUSICIANS/B/Blues_Muz/Nordboe_Kjell/Rockhard.sid	1	107	auto
MUSICIANS/B/Blues_Muz/Nordboe_Kjell/Role_and_Rool.sid	1	125	auto
MUSICIANS/B/Blues_Muz/Nordboe_Kjell/Rope_of_Plastic.sid	1	150	auto
MUSICIANS/B/Blues_Muz/Nordboe_Kjell/Rosen_Min.sid	1	125	auto
MUSICIANS/B/Blues_Muz/Nordboe_Kjell/Ruler_Controls.sid	1	150	auto
MUSICIANS/B/Blues_Muz/Nordboe_Kjell/Rypejakt.sid	1	124	auto
MUSICIANS/B/Blues_Muz/Nordboe_Kjell/Sad_Rainy_Day.sid	1	94	auto
MUSICIANS/B/Blues_Muz/Nordboe_Kjell/Scene.sid	1	125	auto
MUSICIANS/B/Blues_Muz/Nordboe_Kjell/Sealed.sid	1	100	auto
MUSICIANS/B/Blues_Muz/Nordboe_Kjell/Searching.sid	1	94	auto
MUSICIANS/B/Blues_Muz/Nordboe_Kjell/Seek_Individual.sid	1	125	auto
MUSICIANS/B/Blues_Muz/Nordboe_Kjell/She_Got_It_All.sid	1	125	auto
MUSICIANS/B/Blues_Muz/Nordboe_Kjell/Shoot_to_Kill.sid	1	94	auto
MUSICIANS/B/Blues_Muz/Nordboe_Kjell/Show_Me.sid	1	125	auto
MUSICIANS/B/Blues_Muz/Nordboe_Kjell/Sjoemannsvalsen.sid	1	75	auto
MUSICIANS/B/Blues_Muz/Nordboe_Kjell/Skyline.sid	1	94	auto
MUSICIANS/B/Blues_Muz/Nordboe_Kjell/Slow_Reactions.sid	1	83	auto
MUSICIANS/B/Blues_Muz/Nordboe_Kjell/Small_Path.sid	1	150	auto
MUSICIANS/B/Blues_Muz/Nordboe_Kjell/Snapper.sid	1	94	auto
MUSICIANS/B/Blues_Muz/Nordboe_Kjell/Snille_Astrid.sid	1	94	auto
MUSICIANS/B/Blues_Muz/Nordboe_Kjell/So_Nice.sid	1	100	auto
MUSICIANS/B/Blues_Muz/Nordboe_Kjell/Song_of_Life.sid	1	125	auto
MUSICIANS/B/Blues_Muz/Nordboe_Kjell/Soulman.sid	1	94	auto
MUSICIANS/B/Blues_Muz/Nordboe_Kjell/Sound_Trial.sid	1	124	auto
MUSICIANS/B/Blues_Muz/Nordboe_Kjell/Spy_Spied_Me.sid	1	150	auto
MUSICIANS/B/Blues_Muz/Nordboe_Kjell/Starting_an_End.sid	1	94	auto
MUSICIANS/B/Blues_Muz/Nordboe_Kjell/Starving_Eyes.sid	1	124	auto
MUSICIANS/B/Blues_Muz/Nordboe_Kjell/Station.sid	1	125	auto
MUSICIANS/B/Blues_Muz/Nordboe_Kjell/Steps_of_Forgiveness.sid	1	125	auto
MUSICIANS/B/Blues_Muz/Nordboe_Kjell/Still_Searching.sid	1	125	auto
MUSICIANS/B/Blues_Muz/Nordboe_Kjell/Stonerock.sid	1	125	auto
MUSICIANS/B/Blues_Muz/Nordboe_Kjell/Strange_Sweet_Little_Linn.sid	1	125	auto
MUSICIANS/B/Blues_Muz/Nordboe_Kjell/Stroke.sid	1	125	auto
MUSICIANS/B/Blues_Muz/Nordboe_Kjell/Success.sid	1	125	auto
MUSICIANS/B/Blues_Muz/Nordboe_Kjell/Suicide.sid	1	94	auto
MUSICIANS/B/Blues_Muz/Nordboe_Kjell/Sun.sid	1	124	auto
MUSICIANS/B/Blues_Muz/Nordboe_Kjell/Survive.sid	1	83	auto
MUSICIANS/B/Blues_Muz/Nordboe_Kjell/TSR.sid	1	83	auto
MUSICIANS/B/Blues_Muz/Nordboe_Kjell/Talking.sid	1	125	auto
MUSICIANS/B/Blues_Muz/Nordboe_Kjell/Temptation.sid	1	126	auto
MUSICIANS/B/Blues_Muz/Nordboe_Kjell/Thats_MY_Girl.sid	1	124	auto
MUSICIANS/B/Blues_Muz/Nordboe_Kjell/There_Are_Only.sid	1	100	auto
MUSICIANS/B/Blues_Muz/Nordboe_Kjell/Think_It_Over.sid	1	94	auto
MUSICIANS/B/Blues_Muz/Nordboe_Kjell/This_Chair.sid	1	125	auto
MUSICIANS/B/Blues_Muz/Nordboe_Kjell/This_Is_A.sid	1	125	auto
MUSICIANS/B/Blues_Muz/Nordboe_Kjell/This_Is_What_I_Can.sid	1	83	auto
MUSICIANS/B/Blues_Muz/Nordboe_Kjell/Through_Confessions.sid	1	125	auto
MUSICIANS/B/Blues_Muz/Nordboe_Kjell/Throw_It.sid	1	125	auto
MUSICIANS/B/Blues_Muz/Nordboe_Kjell/To_Paradise.sid	1	100	auto
MUSICIANS/B/Blues_Muz/Nordboe_Kjell/Today_Tomorrow.sid	1	125	auto
MUSICIANS/B/Blues_Muz/Nordboe_Kjell/Touches_of_Magic.sid	1	107	auto
MUSICIANS/B/Blues_Muz/Nordboe_Kjell/Transparent_Life.sid	1	94	auto
MUSICIANS/B/Blues_Muz/Nordboe_Kjell/Trash.sid	1	76	auto
MUSICIANS/B/Blues_Muz/Nordboe_Kjell/Trust_in_a_Belief.sid	1	83	auto
MUSICIANS/B/Blues_Muz/Nordboe_Kjell/Ultimate.sid	1	124	auto
MUSICIANS/B/Blues_Muz/Nordboe_Kjell/Understanding.sid	1	125	auto
MUSICIANS/B/Blues_Muz/Nordboe_Kjell/Unity_1.sid	1	125	auto
MUSICIANS/B/Blues_Muz/Nordboe_Kjell/Unknown_Land.sid	1	107	auto
MUSICIANS/B/Blues_Muz/Nordboe_Kjell/Unlike_All_Others.sid	1	151	auto
MUSICIANS/B/Blues_Muz/Nordboe_Kjell/Unlimited_Mind.sid	1	125	auto
MUSICIANS/B/Blues_Muz/Nordboe_Kjell/Use_My_Fire.sid	1	125	auto
MUSICIANS/B/Blues_Muz/Nordboe_Kjell/Vaseline.sid	1	125	auto
MUSICIANS/B/Blues_Muz/Nordboe_Kjell/Very_Simple.sid	1	125	auto
MUSICIANS/B/Blues_Muz/Nordboe_Kjell/Victim.sid	1	108	auto
MUSICIANS/B/Blues_Muz/Nordboe_Kjell/Waiting_for_My_Turn.sid	1	100	auto
MUSICIANS/B/Blues_Muz/Nordboe_Kjell/Want_Dont_Want.sid	1	123	auto
MUSICIANS/B/Blues_Muz/Nordboe_Kjell/We_Can_Make.sid	1	94	auto
MUSICIANS/B/Blues_Muz/Nordboe_Kjell/We_Will_Remain.sid	1	150	auto
MUSICIANS/B/Blues_Muz/Nordboe_Kjell/Western_Party.sid	1	151	auto
MUSICIANS/B/Blues_Muz/Nordboe_Kjell/What_I_Can_Is_This.sid	1	126	auto
MUSICIANS/B/Blues_Muz/Nordboe_Kjell/What_Money_Cant_Buy.sid	1	94	auto
MUSICIANS/B/Blues_Muz/Nordboe_Kjell/What_We_Did.sid	1	107	auto
MUSICIANS/B/Blues_Muz/Nordboe_Kjell/What_a_Chance.sid	1	107	auto
MUSICIANS/B/Blues_Muz/Nordboe_Kjell/When_Its_Over.sid	1	125	auto
MUSICIANS/B/Blues_Muz/Nordboe_Kjell/Where_Are_You.sid	1	107	auto
MUSICIANS/B/Blues_Muz/Nordboe_Kjell/Why.sid	1	125	auto
MUSICIANS/B/Blues_Muz/Nordboe_Kjell/Will.sid	1	107	auto
MUSICIANS/B/Blues_Muz/Nordboe_Kjell/Winning_Again.sid	1	100	auto
MUSICIANS/B/Blues_Muz/Nordboe_Kjell/Wishing_You_Well.sid	1	150	auto
MUSICIANS/B/Blues_Muz/Nordboe_Kjell/Wrap.sid	1	125	auto
MUSICIANS/B/Blues_Muz/Nordboe_Kjell/XC.sid	1	94	auto
MUSICIANS/B/Blues_Muz/Nothing_Else_Matters.sid	1	151	auto
MUSICIANS/B/Blues_Muz/Numero_Uno.sid	1	100	auto
MUSICIANS/B/Blues_Muz/Obvious.sid	1	125	auto
MUSICIANS/B/Blues_Muz/Oppkok.sid	1	125	auto
MUSICIANS/B/Blues_Muz/Overdose.sid	1	94	auto
MUSICIANS/B/Blues_Muz/Party.sid	1	83	auto
MUSICIANS/B/Blues_Muz/Passport.sid	1	125	auto
MUSICIANS/B/Blues_Muz/Plastic.sid	1	83	auto
MUSICIANS/B/Blues_Muz/Pretzel_1_old_version.sid	1	125	auto
MUSICIANS/B/Blues_Muz/Que_tune_4.sid	1	125	auto
MUSICIANS/B/Blues_Muz/Reel_Fishing_preview.sid	1	107	auto
MUSICIANS/B/Blues_Muz/Reel_Fishing_preview.sid	2	107	auto
MUSICIANS/B/Blues_Muz/Reel_Fishing_preview.sid	3	94	auto
MUSICIANS/B/Blues_Muz/Reel_Fishing_preview.sid	4	100	auto
MUSICIANS/B/Blues_Muz/Reel_Fishing_preview.sid	5	125	auto
MUSICIANS/B/Blues_Muz/Reel_Fishing_preview.sid	6	107	auto
MUSICIANS/B/Blues_Muz/Reel_Fishing_preview.sid	7	124	auto
MUSICIANS/B/Blues_Muz/Reel_Fishing_preview.sid	8	100	auto
MUSICIANS/B/Blues_Muz/Reel_Fishing_preview.sid	9	125	auto
MUSICIANS/B/Blues_Muz/Reel_Fishing_preview.sid	11	125	auto
MUSICIANS/B/Blues_Muz/Reel_Fishing_preview.sid	12	83	auto
MUSICIANS/B/Blues_Muz/Return.sid	1	94	auto
MUSICIANS/B/Blues_Muz/Roestoeen_Kristian/14_Years_Later.sid	1	100	auto
MUSICIANS/B/Blues_Muz/Roestoeen_Kristian/3-way_Input.sid	1	125	auto
MUSICIANS/B/Blues_Muz/Roestoeen_Kristian/Animal_II_tune_08.sid	1	125	auto
MUSICIANS/B/Blues_Muz/Roestoeen_Kristian/Babaland.sid	1	125	auto
MUSICIANS/B/Blues_Muz/Roestoeen_Kristian/Backseat.sid	1	125	auto
MUSICIANS/B/Blues_Muz/Roestoeen_Kristian/Bambam.sid	1	94	auto
MUSICIANS/B/Blues_Muz/Roestoeen_Kristian/Bassmania.sid	1	125	auto
MUSICIANS/B/Blues_Muz/Roestoeen_Kristian/Bearskin.sid	1	125	auto
MUSICIANS/B/Blues_Muz/Roestoeen_Kristian/Beyond_1.sid	1	125	auto
MUSICIANS/B/Blues_Muz/Roestoeen_Kristian/Beyond_2.sid	1	125	auto
MUSICIANS/B/Blues_Muz/Roestoeen_Kristian/Big_P.sid	1	125	auto
MUSICIANS/B/Blues_Muz/Roestoeen_Kristian/Blankett.sid	1	125	auto
MUSICIANS/B/Blues_Muz/Roestoeen_Kristian/Boring.sid	1	94	auto
MUSICIANS/B/Blues_Muz/Roestoeen_Kristian/Brand_New.sid	1	124	auto
MUSICIANS/B/Blues_Muz/Roestoeen_Kristian/Budget.sid	1	125	auto
MUSICIANS/B/Blues_Muz/Roestoeen_Kristian/Calm.sid	1	75	auto
MUSICIANS/B/Blues_Muz/Roestoeen_Kristian/Collect.sid	1	100	auto
MUSICIANS/B/Blues_Muz/Roestoeen_Kristian/Comodio.sid	1	125	auto
MUSICIANS/B/Blues_Muz/Roestoeen_Kristian/Contrast.sid	1	94	auto
MUSICIANS/B/Blues_Muz/Roestoeen_Kristian/Coral.sid	1	125	auto
MUSICIANS/B/Blues_Muz/Roestoeen_Kristian/Crackers_Quest.sid	1	125	auto
MUSICIANS/B/Blues_Muz/Roestoeen_Kristian/Crackle.sid	1	93	auto
MUSICIANS/B/Blues_Muz/Roestoeen_Kristian/Craptune.sid	1	125	auto
MUSICIANS/B/Blues_Muz/Roestoeen_Kristian/Dadada.sid	1	94	auto
MUSICIANS/B/Blues_Muz/Roestoeen_Kristian/Deadend.sid	1	150	auto
MUSICIANS/B/Blues_Muz/Roestoeen_Kristian/Deer.sid	1	150	auto
MUSICIANS/B/Blues_Muz/Roestoeen_Kristian/Dilldall.sid	1	125	auto
MUSICIANS/B/Blues_Muz/Roestoeen_Kristian/Dip-Switch.sid	1	93	auto
MUSICIANS/B/Blues_Muz/Roestoeen_Kristian/Ecco.sid	1	150	auto
MUSICIANS/B/Blues_Muz/Roestoeen_Kristian/End_of.sid	1	124	auto
MUSICIANS/B/Blues_Muz/Roestoeen_Kristian/Fanfare.sid	1	125	auto
MUSICIANS/B/Blues_Muz/Roestoeen_Kristian/Ferdig_3.sid	1	125	auto
MUSICIANS/B/Blues_Muz/Roestoeen_Kristian/Ferdig_5.sid	1	100	auto
MUSICIANS/B/Blues_Muz/Roestoeen_Kristian/Ferdig_6.sid	1	124	auto
MUSICIANS/B/Blues_Muz/Roestoeen_Kristian/Ferdig_8.sid	1	125	auto
MUSICIANS/B/Blues_Muz/Roestoeen_Kristian/Ferro.sid	1	94	auto
MUSICIANS/B/Blues_Muz/Roestoeen_Kristian/Flimbo.sid	1	125	auto
MUSICIANS/B/Blues_Muz/Roestoeen_Kristian/Floored.sid	1	125	auto
MUSICIANS/B/Blues_Muz/Roestoeen_Kristian/Floored_uncut_version.sid	1	125	auto
MUSICIANS/B/Blues_Muz/Roestoeen_Kristian/Friar.sid	1	125	auto
MUSICIANS/B/Blues_Muz/Roestoeen_Kristian/Function.sid	1	94	auto
MUSICIANS/B/Blues_Muz/Roestoeen_Kristian/Game_Over.sid	1	125	auto
MUSICIANS/B/Blues_Muz/Roestoeen_Kristian/Garbage.sid	1	125	auto
MUSICIANS/B/Blues_Muz/Roestoeen_Kristian/Get_Ready.sid	1	125	auto
MUSICIANS/B/Blues_Muz/Roestoeen_Kristian/Ginger.sid	1	125	auto
MUSICIANS/B/Blues_Muz/Roestoeen_Kristian/Gliding.sid	1	94	auto
MUSICIANS/B/Blues_Muz/Roestoeen_Kristian/Gliding_v1.sid	1	94	auto
MUSICIANS/B/Blues_Muz/Roestoeen_Kristian/Graperiders.sid	1	111	auto
MUSICIANS/B/Blues_Muz/Roestoeen_Kristian/Happy_End.sid	1	111	auto
MUSICIANS/B/Blues_Muz/Roestoeen_Kristian/High_Core.sid	1	125	auto
MUSICIANS/B/Blues_Muz/Roestoeen_Kristian/Hmmm.sid	1	94	auto
MUSICIANS/B/Blues_Muz/Roestoeen_Kristian/Hole.sid	1	100	auto
MUSICIANS/B/Blues_Muz/Roestoeen_Kristian/Honk_my_Horn.sid	1	83	auto
MUSICIANS/B/Blues_Muz/Roestoeen_Kristian/Hurtiruta.sid	1	125	auto
MUSICIANS/B/Blues_Muz/Roestoeen_Kristian/Ibanez.sid	1	124	auto
MUSICIANS/B/Blues_Muz/Roestoeen_Kristian/Jazzolin.sid	1	83	auto
MUSICIANS/B/Blues_Muz/Roestoeen_Kristian/Jubel.sid	1	125	auto
MUSICIANS/B/Blues_Muz/Roestoeen_Kristian/Kimbo.sid	1	125	auto
MUSICIANS/B/Blues_Muz/Roestoeen_Kristian/Klogge.sid	1	125	auto
MUSICIANS/B/Blues_Muz/Roestoeen_Kristian/Kulepenn.sid	1	94	auto
MUSICIANS/B/Blues_Muz/Roestoeen_Kristian/La_Bour.sid	1	125	auto
MUSICIANS/B/Blues_Muz/Roestoeen_Kristian/Lost_Lust.sid	1	100	auto
MUSICIANS/B/Blues_Muz/Roestoeen_Kristian/Loverboy.sid	1	94	auto
MUSICIANS/B/Blues_Muz/Roestoeen_Kristian/Magic.sid	1	125	auto
MUSICIANS/B/Blues_Muz/Roestoeen_Kristian/Marine.sid	1	125	auto
MUSICIANS/B/Blues_Muz/Roestoeen_Kristian/Mooo.sid	1	83	auto
MUSICIANS/B/Blues_Muz/Roestoeen_Kristian/Moron.sid	1	125	auto
MUSICIANS/B/Blues_Muz/Roestoeen_Kristian/Nifty.sid	1	84	auto
MUSICIANS/B/Blues_Muz/Roestoeen_Kristian/Nowhere.sid	1	94	auto
MUSICIANS/B/Blues_Muz/Roestoeen_Kristian/Ode_2_Henning_Rokling.sid	1	94	auto
MUSICIANS/B/Blues_Muz/Roestoeen_Kristian/Ode_to_Fairlight.sid	1	125	auto
MUSICIANS/B/Blues_Muz/Roestoeen_Kristian/Ode_to_Fairlight_2.sid	1	94	auto
MUSICIANS/B/Blues_Muz/Roestoeen_Kristian/Ordinary.sid	1	125	auto
MUSICIANS/B/Blues_Muz/Roestoeen_Kristian/Pain_in_the_Asm_tune_3.sid	1	125	auto
MUSICIANS/B/Blues_Muz/Roestoeen_Kristian/Pickle.sid	1	125	auto
MUSICIANS/B/Blues_Muz/Roestoeen_Kristian/Pippimil.sid	1	125	auto
MUSICIANS/B/Blues_Muz/Roestoeen_Kristian/Plasma.sid	1	125	auto
MUSICIANS/B/Blues_Muz/Roestoeen_Kristian/Polynesia.sid	1	125	auto
MUSICIANS/B/Blues_Muz/Roestoeen_Kristian/Quarter.sid	1	94	auto
MUSICIANS/B/Blues_Muz/Roestoeen_Kristian/Racing.sid	1	125	auto
MUSICIANS/B/Blues_Muz/Roestoeen_Kristian/Rainy.sid	1	94	auto
MUSICIANS/B/Blues_Muz/Roestoeen_Kristian/Rentier.sid	1	125	auto
MUSICIANS/B/Blues_Muz/Roestoeen_Kristian/Rocka.sid	1	125	auto
MUSICIANS/B/Blues_Muz/Roestoeen_Kristian/Shout.sid	1	94	auto
MUSICIANS/B/Blues_Muz/Roestoeen_Kristian/Skrujern.sid	1	94	auto
MUSICIANS/B/Blues_Muz/Roestoeen_Kristian/Slow.sid	1	125	auto
MUSICIANS/B/Blues_Muz/Roestoeen_Kristian/Smokish.sid	1	107	auto
MUSICIANS/B/Blues_Muz/Roestoeen_Kristian/Something.sid	1	125	auto
MUSICIANS/B/Blues_Muz/Roestoeen_Kristian/Spectrum.sid	1	125	auto
MUSICIANS/B/Blues_Muz/Roestoeen_Kristian/Toxic_Waste.sid	1	125	auto
MUSICIANS/B/Blues_Muz/Roestoeen_Kristian/Tribal.sid	1	125	auto
MUSICIANS/B/Blues_Muz/Roestoeen_Kristian/Tropical.sid	1	125	auto
MUSICIANS/B/Blues_Muz/Roestoeen_Kristian/Unreliable.sid	1	100	auto
MUSICIANS/B/Blues_Muz/Roestoeen_Kristian/Upwords.sid	1	125	auto
MUSICIANS/B/Blues_Muz/Roestoeen_Kristian/Vibstyle.sid	1	83	auto
MUSICIANS/B/Blues_Muz/Roestoeen_Kristian/Winegums.sid	1	125	auto
MUSICIANS/B/Blues_Muz/Roestoeen_Kristian/Worktunes/A_new_high.sid	1	124	auto
MUSICIANS/B/Blues_Muz/Roestoeen_Kristian/Worktunes/Aciiid.sid	1	124	auto
MUSICIANS/B/Blues_Muz/Roestoeen_Kristian/Worktunes/Action_3.sid	1	125	auto
MUSICIANS/B/Blues_Muz/Roestoeen_Kristian/Worktunes/Brrrr.sid	1	124	auto
MUSICIANS/B/Blues_Muz/Roestoeen_Kristian/Worktunes/Bullet_me_3.sid	1	125	auto
MUSICIANS/B/Blues_Muz/Roestoeen_Kristian/Worktunes/Drax_4.sid	1	125	auto
MUSICIANS/B/Blues_Muz/Roestoeen_Kristian/Worktunes/Drax_5.sid	1	94	auto
MUSICIANS/B/Blues_Muz/Roestoeen_Kristian/Worktunes/Draxerier.sid	1	125	auto
MUSICIANS/B/Blues_Muz/Roestoeen_Kristian/Worktunes/Drummer.sid	1	83	auto
MUSICIANS/B/Blues_Muz/Roestoeen_Kristian/Worktunes/En_gnist_av_liv.sid	1	125	auto
MUSICIANS/B/Blues_Muz/Roestoeen_Kristian/Worktunes/End.sid	1	83	auto
MUSICIANS/B/Blues_Muz/Roestoeen_Kristian/Worktunes/Faggot.sid	1	125	auto
MUSICIANS/B/Blues_Muz/Roestoeen_Kristian/Worktunes/Fambo.sid	1	125	auto
MUSICIANS/B/Blues_Muz/Roestoeen_Kristian/Worktunes/Forbokstav.sid	1	125	auto
MUSICIANS/B/Blues_Muz/Roestoeen_Kristian/Worktunes/Gagarin.sid	1	125	auto
MUSICIANS/B/Blues_Muz/Roestoeen_Kristian/Worktunes/Gosja_meg.sid	1	94	auto
MUSICIANS/B/Blues_Muz/Roestoeen_Kristian/Worktunes/Holmenkollen.sid	1	125	auto
MUSICIANS/B/Blues_Muz/Roestoeen_Kristian/Worktunes/Hopp_din_faen.sid	1	124	auto
MUSICIANS/B/Blues_Muz/Roestoeen_Kristian/Worktunes/Lassopop.sid	1	125	auto
MUSICIANS/B/Blues_Muz/Roestoeen_Kristian/Worktunes/Lillyhammer.sid	1	125	auto
MUSICIANS/B/Blues_Muz/Roestoeen_Kristian/Worktunes/Luft_ulv.sid	1	125	auto
MUSICIANS/B/Blues_Muz/Roestoeen_Kristian/Worktunes/Lykkeliten.sid	1	125	auto
MUSICIANS/B/Blues_Muz/Roestoeen_Kristian/Worktunes/Lykkeliten_2.sid	1	125	auto
MUSICIANS/B/Blues_Muz/Roestoeen_Kristian/Worktunes/Lys_orgel.sid	1	94	auto
MUSICIANS/B/Blues_Muz/Roestoeen_Kristian/Worktunes/MON_1.sid	1	150	auto
MUSICIANS/B/Blues_Muz/Roestoeen_Kristian/Worktunes/MON_2.sid	1	100	auto
MUSICIANS/B/Blues_Muz/Roestoeen_Kristian/Worktunes/Nei_nei_nei.sid	1	125	auto
MUSICIANS/B/Blues_Muz/Roestoeen_Kristian/Worktunes/Niern.sid	1	125	auto
MUSICIANS/B/Blues_Muz/Roestoeen_Kristian/Worktunes/Noetteliten.sid	1	125	auto
MUSICIANS/B/Blues_Muz/Roestoeen_Kristian/Worktunes/Partner.sid	1	125	auto
MUSICIANS/B/Blues_Muz/Roestoeen_Kristian/Worktunes/Pickle_2.sid	1	125	auto
MUSICIANS/B/Blues_Muz/Roestoeen_Kristian/Worktunes/Radio_Fantomene.sid	1	125	auto
MUSICIANS/B/Blues_Muz/Roestoeen_Kristian/Worktunes/Random_2.sid	1	125	auto
MUSICIANS/B/Blues_Muz/Roestoeen_Kristian/Worktunes/Real_disko.sid	1	125	auto
MUSICIANS/B/Blues_Muz/Roestoeen_Kristian/Worktunes/Repeated.sid	1	125	auto
MUSICIANS/B/Blues_Muz/Roestoeen_Kristian/Worktunes/Rotete.sid	1	124	auto
MUSICIANS/B/Blues_Muz/Roestoeen_Kristian/Worktunes/Sad_end.sid	1	125	auto
MUSICIANS/B/Blues_Muz/Roestoeen_Kristian/Worktunes/Sophisticated.sid	1	94	auto
MUSICIANS/B/Blues_Muz/Roestoeen_Kristian/Worktunes/Spiritual.sid	1	125	auto
MUSICIANS/B/Blues_Muz/Roestoeen_Kristian/Worktunes/Tekkkno_sux.sid	1	124	auto
MUSICIANS/B/Blues_Muz/Roestoeen_Kristian/Worktunes/Ukult.sid	1	125	auto
MUSICIANS/B/Blues_Muz/Roestoeen_Kristian/Worktunes/Vegetables.sid	1	125	auto
MUSICIANS/B/Blues_Muz/Roestoeen_Kristian/Worktunes/Yesterday_mix.sid	1	94	auto
MUSICIANS/B/Blues_Muz/Roestoeen_Kristian/Worktunes/Zaxxy.sid	1	83	auto
MUSICIANS/B/Blues_Muz/Saviour.sid	1	125	auto
MUSICIANS/B/Blues_Muz/Saviour.sid	6	94	auto
MUSICIANS/B/Blues_Muz/Shaped_Up_part_2.sid	1	125	auto
MUSICIANS/B/Blues_Muz/Shaped_Up_part_3.sid	1	94	auto
MUSICIANS/B/Blues_Muz/Shaped_Up_part_5.sid	1	84	auto
MUSICIANS/B/Blues_Muz/Side_2a.sid	1	94	auto
MUSICIANS/B/Blues_Muz/Sinna.sid	1	125	auto
MUSICIANS/B/Blues_Muz/Sit_on_it.sid	1	83	auto
MUSICIANS/B/Blues_Muz/Smeary_Act.sid	1	125	auto
MUSICIANS/B/Blues_Muz/Solid_V1.sid	1	124	auto
MUSICIANS/B/Blues_Muz/Solid_ok.sid	1	125	auto
MUSICIANS/B/Blues_Muz/Solitaire.sid	1	94	auto
MUSICIANS/B/Blues_Muz/Sommersten_Eivind/Mystic.sid	1	125	auto
MUSICIANS/B/Blues_Muz/Sommersten_Eivind/Worktunes/Birthday.sid	1	123	auto
MUSICIANS/B/Blues_Muz/Sommersten_Eivind/Worktunes/Boogie.sid	1	84	auto
MUSICIANS/B/Blues_Muz/Sommersten_Eivind/Worktunes/Danko.sid	1	124	auto
MUSICIANS/B/Blues_Muz/Sommersten_Eivind/Worktunes/Fuck_Allah.sid	1	124	auto
MUSICIANS/B/Blues_Muz/Sommersten_Eivind/Worktunes/Relax.sid	1	84	auto
MUSICIANS/B/Blues_Muz/Sommersten_Eivind/Worktunes/Treastore.sid	1	94	auto
MUSICIANS/B/Blues_Muz/Spage.sid	1	124	auto
MUSICIANS/B/Blues_Muz/Spawn.sid	1	125	auto
MUSICIANS/B/Blues_Muz/Spunk.sid	1	107	auto
MUSICIANS/B/Blues_Muz/Swing_my_Thing.sid	1	84	auto
MUSICIANS/B/Blues_Muz/Team_Patrol.sid	6	125	auto
MUSICIANS/B/Blues_Muz/Team_Patrol.sid	9	125	auto
MUSICIANS/B/Blues_Muz/Team_Patrol.sid	10	125	auto
MUSICIANS/B/Blues_Muz/Tropical_Funk.sid	1	125	auto
MUSICIANS/B/Blues_Muz/Trude_lutt.sid	1	125	auto
MUSICIANS/B/Blues_Muz/Truth_2.sid	1	124	auto
MUSICIANS/B/Blues_Muz/Try_Me.sid	1	124	auto
MUSICIANS/B/Blues_Muz/Warming_Up.sid	1	125	auto
MUSICIANS/B/Blues_Muz/Waterproof.sid	1	125	auto
MUSICIANS/B/Blues_Muz/Worktunes/Arabian.sid	1	125	auto
MUSICIANS/B/Blues_Muz/Worktunes/Bensin.sid	1	125	auto
MUSICIANS/B/Blues_Muz/Worktunes/Bonus_tune.sid	1	124	auto
MUSICIANS/B/Blues_Muz/Worktunes/Explotion.sid	1	94	auto
MUSICIANS/B/Blues_Muz/Worktunes/For_eksempel.sid	1	125	auto
MUSICIANS/B/Blues_Muz/Worktunes/Guttorms_vise.sid	1	125	auto
MUSICIANS/B/Blues_Muz/Worktunes/Kris_og_Oeyvind.sid	1	100	auto
MUSICIANS/B/Blues_Muz/Worktunes/Turn.sid	1	125	auto
MUSICIANS/B/Blues_Muz/Worktunes/Twisted_Brain.sid	1	94	auto
MUSICIANS/B/Blues_Muz/X-mas_Mix.sid	1	125	auto
MUSICIANS/B/Blues_Muz/Zongazei.sid	1	125	auto
MUSICIANS/B/Bluez/Acke.sid	1	125	auto
MUSICIANS/B/Bluez/Amigatune.sid	1	124	auto
MUSICIANS/B/Bluez/Beyond_68000_tune_2.sid	1	125	auto
MUSICIANS/B/Bluez/Bluez_01.sid	1	125	auto
MUSICIANS/B/Bluez/Bluez_02.sid	1	124	auto
MUSICIANS/B/Bluez/Boring.sid	1	94	auto
MUSICIANS/B/Bluez/Brutality_2.sid	1	124	auto
MUSICIANS/B/Bluez/Contact_Demo.sid	1	107	auto
MUSICIANS/B/Bluez/End_Tune.sid	1	125	auto
MUSICIANS/B/Bluez/Fly_Away.sid	1	125	auto
MUSICIANS/B/Bluez/Goodbye.sid	1	83	auto
MUSICIANS/B/Bluez/Introduction.sid	1	124	auto
MUSICIANS/B/Bluez/Lamertune.sid	1	125	auto
MUSICIANS/B/Bluez/Peace.sid	1	125	auto
MUSICIANS/B/Bluez/Redskin.sid	1	125	auto
MUSICIANS/B/Bluez/Short-Pop.sid	1	124	auto
MUSICIANS/B/Bluez/Silence.sid	1	125	auto
MUSICIANS/B/Bluez/Varby_Tune.sid	1	125	auto
MUSICIANS/B/Bluez/Vaxjo_Mix.sid	1	125	auto
MUSICIANS/B/Boased/Bunnybop.sid	1	125	auto
MUSICIANS/B/Boased/Forever_Revisited.sid	1	75	auto
MUSICIANS/B/Bobbi_Towers/Beethoven_Piano_Sonata_No_1.sid	1	120	auto
MUSICIANS/B/Bobbi_Towers/Beggin.sid	1	124	auto
MUSICIANS/B/Bobbi_Towers/Breathe_into_the_Night.sid	1	108	auto
MUSICIANS/B/Bobbi_Towers/Catch_the_Wave.sid	1	75	auto
MUSICIANS/B/Bobbi_Towers/Caterpillar_Drive.sid	1	151	auto
MUSICIANS/B/Bobbi_Towers/Electric_Candy.sid	1	112	auto
MUSICIANS/B/Bobbi_Towers/Falling_Down.sid	1	125	auto
MUSICIANS/B/Bobbi_Towers/Fuzzy_Bunny_and_the_Fluf_Fluf_Gang.sid	1	94	auto
MUSICIANS/B/Bobbi_Towers/Lemonhead_Song.sid	1	115	auto
MUSICIANS/B/Bobbi_Towers/One_Last_Time.sid	1	118	auto
MUSICIANS/B/Bobbi_Towers/Scarlatti_Sonata_k420.sid	1	95	auto
MUSICIANS/B/Bochar_Wolfgang/Cybertron_BBS.sid	1	116	auto
MUSICIANS/B/Bochar_Wolfgang/Skull_Tumbler.sid	1	129	auto
MUSICIANS/B/Bod/Broken_Glasses.sid	1	125	auto
MUSICIANS/B/Bod/Coprolalia.sid	1	125	auto
MUSICIANS/B/Bod/Schmissiger_Schiss.sid	1	136	auto
MUSICIANS/B/Bogas_Ed/4th_and_Inches.sid	4	130	auto
MUSICIANS/B/Bogas_Ed/Aisle_Dance.sid	1	118	auto
MUSICIANS/B/Bogas_Ed/Boogie.sid	1	85	auto
MUSICIANS/B/Bogas_Ed/Calypso.sid	1	120	auto
MUSICIANS/B/Bogas_Ed/Country_Too.sid	1	120	auto
MUSICIANS/B/Bogas_Ed/Ducks_Ahoy.sid	4	75	auto
MUSICIANS/B/Bogas_Ed/Echo_Rock.sid	1	151	auto
MUSICIANS/B/Bogas_Ed/Folk_Song.sid	1	99	auto
MUSICIANS/B/Bogas_Ed/Hardball.sid	1	129	auto
MUSICIANS/B/Bogas_Ed/Hardball.sid	3	148	auto
MUSICIANS/B/Bogas_Ed/Harmony.sid	1	132	auto
MUSICIANS/B/Bogas_Ed/Juke_Box.sid	1	112	auto
MUSICIANS/B/Bogas_Ed/Latin.sid	1	99	auto
MUSICIANS/B/Bogas_Ed/Lead_Vocal.sid	1	151	auto
MUSICIANS/B/Bogas_Ed/Murder_on_the_Mississippi.sid	10	151	auto
MUSICIANS/B/Bogas_Ed/Mystery.sid	1	99	auto
MUSICIANS/B/Bogas_Ed/PSI-5_Trading_Company.sid	2	149	auto
MUSICIANS/B/Bogas_Ed/PSI-5_Trading_Company.sid	10	130	auto
MUSICIANS/B/Bogas_Ed/Rock.sid	1	120	auto
MUSICIANS/B/Bogas_Ed/Seahorses.sid	1	152	auto
MUSICIANS/B/Bogas_Ed/Seventies.sid	1	75	auto
MUSICIANS/B/Bogas_Ed/Steel_Thunder.sid	1	112	auto
MUSICIANS/B/Bogas_Ed/TKO.sid	2	130	auto
MUSICIANS/B/Bogas_Ed/Tango.sid	1	150	auto
MUSICIANS/B/Boles_Howard/Amazon.sid	3	150	auto
MUSICIANS/B/Boles_Howard/Amazon.sid	5	149	auto
MUSICIANS/B/Boles_Howard/Amazon.sid	8	128	auto
MUSICIANS/B/Boles_Howard/Dragonworld.sid	2	112	auto
MUSICIANS/B/Boles_Howard/Dragonworld.sid	3	128	auto
MUSICIANS/B/Boles_Howard/Dragonworld.sid	4	150	auto
MUSICIANS/B/Boles_Howard/Dragonworld.sid	8	112	auto
MUSICIANS/B/Boles_Howard/Dragonworld.sid	10	129	auto
MUSICIANS/B/Boles_Howard/Dragonworld.sid	11	100	auto
MUSICIANS/B/Boles_Howard/Fahrenheit_451.sid	4	112	auto
MUSICIANS/B/Boles_Howard/Fahrenheit_451.sid	5	112	auto
MUSICIANS/B/Boles_Howard/Fahrenheit_451.sid	6	112	auto
MUSICIANS/B/Boles_Howard/Fahrenheit_451.sid	7	112	auto
MUSICIANS/B/Boles_Howard/Fahrenheit_451.sid	9	112	auto
MUSICIANS/B/Boles_Howard/Fahrenheit_451.sid	11	128	auto
MUSICIANS/B/Boles_Howard/Nine_Princes_in_Amber.sid	3	90	auto
MUSICIANS/B/Boles_Howard/Nine_Princes_in_Amber.sid	4	120	auto
MUSICIANS/B/Boles_Howard/Nine_Princes_in_Amber.sid	8	100	auto
MUSICIANS/B/Boles_Howard/Nine_Princes_in_Amber.sid	15	120	auto
MUSICIANS/B/Boles_Howard/Nine_Princes_in_Amber.sid	17	118	auto
MUSICIANS/B/Boles_Howard/Nine_Princes_in_Amber.sid	25	128	auto
MUSICIANS/B/Boles_Howard/Nine_Princes_in_Amber.sid	27	120	auto
MUSICIANS/B/Boles_Howard/Nine_Princes_in_Amber.sid	34	100	auto
MUSICIANS/B/Boles_Howard/Perry_Mason_Mandarin_Murder.sid	2	100	auto
MUSICIANS/B/Boles_Howard/Perry_Mason_Mandarin_Murder.sid	3	99	auto
MUSICIANS/B/Boles_Howard/Perry_Mason_Mandarin_Murder.sid	4	151	auto
MUSICIANS/B/Boles_Howard/Perry_Mason_Mandarin_Murder.sid	5	112	auto
MUSICIANS/B/Boles_Howard/Perry_Mason_Mandarin_Murder.sid	8	89	auto
MUSICIANS/B/Boles_Howard/Perry_Mason_Mandarin_Murder.sid	10	100	auto
MUSICIANS/B/Boles_Howard/Perry_Mason_Mandarin_Murder.sid	11	150	auto
MUSICIANS/B/Boles_Howard/Perry_Mason_Mandarin_Murder.sid	12	90	auto
MUSICIANS/B/Boles_Howard/Perry_Mason_Mandarin_Murder.sid	19	100	auto
MUSICIANS/B/Boles_Howard/Perry_Mason_Mandarin_Murder.sid	23	112	auto
MUSICIANS/B/Boles_Howard/Rendezvous_with_Rama.sid	2	150	auto
MUSICIANS/B/Boles_Howard/Rendezvous_with_Rama.sid	4	90	auto
MUSICIANS/B/Boles_Howard/Rendezvous_with_Rama.sid	6	149	auto
MUSICIANS/B/Boles_Howard/Rendezvous_with_Rama.sid	7	90	auto
MUSICIANS/B/Boles_Howard/Treasure_Island.sid	2	118	auto
MUSICIANS/B/Boles_Howard/Treasure_Island.sid	4	149	auto
MUSICIANS/B/Boles_Howard/Treasure_Island.sid	5	128	auto
MUSICIANS/B/Boles_Howard/Treasure_Island.sid	6	120	auto
MUSICIANS/B/Boles_Howard/Treasure_Island.sid	8	120	auto
MUSICIANS/B/Boles_Howard/Treasure_Island.sid	12	112	auto
MUSICIANS/B/Boles_Howard/Treasure_Island.sid	15	119	auto
MUSICIANS/B/Boles_Howard/Treasure_Island.sid	16	112	auto
MUSICIANS/B/Boles_Howard/Treasure_Island.sid	17	120	auto
MUSICIANS/B/Boles_Howard/Treasure_Island.sid	19	111	auto
MUSICIANS/B/Boles_Howard/Treasure_Island.sid	20	111	auto
MUSICIANS/B/Boles_Howard/Treasure_Island.sid	22	112	auto
MUSICIANS/B/Boles_Howard/Wizard_of_Oz.sid	1	120	auto
MUSICIANS/B/Boles_Howard/Wizard_of_Oz.sid	6	120	auto
MUSICIANS/B/Boles_Howard/Wizard_of_Oz.sid	7	120	auto
MUSICIANS/B/Boles_Howard/Wizard_of_Oz.sid	8	112	auto
MUSICIANS/B/Boles_Howard/Wizard_of_Oz.sid	9	90	auto
MUSICIANS/B/Boles_Howard/Wizard_of_Oz.sid	10	149	auto
MUSICIANS/B/Boles_Howard/Wizard_of_Oz.sid	11	90	auto
MUSICIANS/B/Boles_Howard/Wizard_of_Oz.sid	13	112	auto
MUSICIANS/B/Boles_Howard/Wizard_of_Oz.sid	15	120	auto
MUSICIANS/B/Boles_Howard/Wizard_of_Oz.sid	17	120	auto
MUSICIANS/B/Boles_Howard/Wizard_of_Oz.sid	20	149	auto
MUSICIANS/B/Boles_Howard/Wizard_of_Oz.sid	22	112	auto
MUSICIANS/B/Boles_Howard/Wizard_of_Oz.sid	24	100	auto
MUSICIANS/B/Boles_Howard/Wizard_of_Oz.sid	25	100	auto
MUSICIANS/B/Boles_Howard/Wizard_of_Oz.sid	26	112	auto
MUSICIANS/B/Boles_Howard/Wizard_of_Oz.sid	28	149	auto
MUSICIANS/B/Boles_Howard/Wizard_of_Oz.sid	34	112	auto
MUSICIANS/B/Boles_Howard/Wizard_of_Oz.sid	38	100	auto
MUSICIANS/B/Bolleman/Geisha_End_Screen.sid	1	125	auto
MUSICIANS/B/Bolleman/Honor_of_the_Geisha_tune_5.sid	1	107	auto
MUSICIANS/B/Bond_Alan/Aztec_quick-step.sid	1	75	auto
MUSICIANS/B/Bond_Alan/Double_Lizard.sid	1	117	auto
MUSICIANS/B/Bond_Alan/Soulless.sid	1	151	auto
MUSICIANS/B/Bonifacio_Robert/Delta_Man.sid	1	149	auto
MUSICIANS/B/Boogaloo/Amorada.sid	1	94	auto
MUSICIANS/B/Boogaloo/Bonanza_part_2.sid	1	125	auto
MUSICIANS/B/Boogaloo/Bumblebee.sid	1	94	auto
MUSICIANS/B/Boogaloo/Coconut.sid	1	125	auto
MUSICIANS/B/Boogaloo/Eskilstuna_Results.sid	1	94	auto
MUSICIANS/B/Boogaloo/Fire.sid	1	125	auto
MUSICIANS/B/Boogaloo/Great_Hurry.sid	1	124	auto
MUSICIANS/B/Boogaloo/Jammin_Loose.sid	1	94	auto
MUSICIANS/B/Boogaloo/Lame_Tune.sid	1	126	auto
MUSICIANS/B/Boogaloo/Melody_in_Making.sid	1	107	auto
MUSICIANS/B/Boogaloo/Sad_Sad_Sad.sid	1	125	auto
MUSICIANS/B/Boogaloo/Snake_Fighter.sid	1	125	auto
MUSICIANS/B/Boogaloo/Something_New.sid	1	124	auto
MUSICIANS/B/Boogaloo/Swingy_Dingy.sid	1	125	auto
MUSICIANS/B/Boogaloo/Technotronic.sid	1	124	auto
MUSICIANS/B/Booker/A_Day_After.sid	1	124	auto
MUSICIANS/B/Booker/A_Drugn_Day.sid	1	125	auto
MUSICIANS/B/Booker/A_Few_Patterns.sid	1	125	auto
MUSICIANS/B/Booker/A_Proud_of_Fools.sid	1	125	auto
MUSICIANS/B/Booker/Anti-Brutal_Tekkhno.sid	1	125	auto
MUSICIANS/B/Booker/Are_You_Satisfied.sid	1	125	auto
MUSICIANS/B/Booker/Attah_1.sid	1	125	auto
MUSICIANS/B/Booker/Attah_2.sid	1	125	auto
MUSICIANS/B/Booker/Attah_5.sid	1	124	auto
MUSICIANS/B/Booker/Attah_7.sid	1	125	auto
MUSICIANS/B/Booker/Background_Pleasure.sid	1	125	auto
MUSICIANS/B/Booker/Benefactor_Level_1.sid	1	125	auto
MUSICIANS/B/Booker/Boesendo.sid	1	125	auto
MUSICIANS/B/Booker/Bossa_ntro.sid	1	125	auto
MUSICIANS/B/Booker/Chujnia_jak_chuj.sid	1	79	auto
MUSICIANS/B/Booker/Chujnia_jak_chuj.sid	2	124	auto
MUSICIANS/B/Booker/Chujovy_Crap-Zak.sid	1	125	auto
MUSICIANS/B/Booker/Conquestiva.sid	1	125	auto
MUSICIANS/B/Booker/Crack_the_Eggshell.sid	1	107	auto
MUSICIANS/B/Booker/Crap-Zak.sid	1	125	auto
MUSICIANS/B/Booker/Crazy_World_3_part_1.sid	1	124	auto
MUSICIANS/B/Booker/Crazy_World_3_part_5.sid	1	124	auto
MUSICIANS/B/Booker/Cream.sid	1	150	auto
MUSICIANS/B/Booker/Cyberide_v2.sid	1	150	auto
MUSICIANS/B/Booker/Da_Blue_Mooses_Dream_Tune.sid	1	125	auto
MUSICIANS/B/Booker/Dead_Funk.sid	1	125	auto
MUSICIANS/B/Booker/Digi_Collection.sid	1	125	auto
MUSICIANS/B/Booker/Dope-Part_Deux.sid	1	150	auto
MUSICIANS/B/Booker/Dope.sid	1	150	auto
MUSICIANS/B/Booker/Droop_O_Funk.sid	1	125	auto
MUSICIANS/B/Booker/Drunk_Cat.sid	1	125	auto
MUSICIANS/B/Booker/Elysium.sid	1	125	auto
MUSICIANS/B/Booker/Elysium_2x.sid	1	125	auto
MUSICIANS/B/Booker/Encephalomalacia_hard_version.sid	1	150	auto
MUSICIANS/B/Booker/Forbidden_Frequency.sid	1	125	auto
MUSICIANS/B/Booker/Funky.sid	1	125	auto
MUSICIANS/B/Booker/Groovaslautha.sid	1	125	auto
MUSICIANS/B/Booker/Hajpa_Hajpa.sid	1	94	auto
MUSICIANS/B/Booker/Headache.sid	1	125	auto
MUSICIANS/B/Booker/Hz_Jazz.sid	1	124	auto
MUSICIANS/B/Booker/I_Dont_Believe.sid	1	125	auto
MUSICIANS/B/Booker/Icu_2SID.sid	1	125	auto
MUSICIANS/B/Booker/Infect.sid	1	150	auto
MUSICIANS/B/Booker/Jazzo.sid	1	125	auto
MUSICIANS/B/Booker/Kaine_Kaczor.sid	1	125	auto
MUSICIANS/B/Booker/Klopstajlo.sid	1	124	auto
MUSICIANS/B/Booker/Lemmie_Eat_the_Rastertime.sid	1	150	auto
MUSICIANS/B/Booker/Man_on_the_M00N.sid	1	124	auto
MUSICIANS/B/Booker/Margaryna.sid	1	150	auto
MUSICIANS/B/Booker/My_Glamrous_Life.sid	1	124	auto
MUSICIANS/B/Booker/Obsession.sid	1	125	auto
MUSICIANS/B/Booker/Physloscibe_Trap.sid	1	150	auto
MUSICIANS/B/Booker/Piggy_z_Dance_Tune.sid	1	125	auto
MUSICIANS/B/Booker/Popyjava_Pyjakoof.sid	1	125	auto
MUSICIANS/B/Booker/Reksio.sid	1	125	auto
MUSICIANS/B/Booker/Rozbujnicek.sid	1	125	auto
MUSICIANS/B/Booker/Saturday.sid	1	125	auto
MUSICIANS/B/Booker/Sightseeing_4th_Dimension.sid	1	124	auto
MUSICIANS/B/Booker/Silesian_Dancer.sid	1	151	auto
MUSICIANS/B/Booker/Smells_Like_Sucks.sid	1	125	auto
MUSICIANS/B/Booker/Space_Balls.sid	1	152	auto
MUSICIANS/B/Booker/Status_Okay.sid	1	107	auto
MUSICIANS/B/Booker/Stereo_Pendejo_2SID.sid	1	136	auto
MUSICIANS/B/Booker/Straight_to_Ruurlo.sid	1	125	auto
MUSICIANS/B/Booker/Technological_Death.sid	1	76	auto
MUSICIANS/B/Booker/Under_the_Ground_preview.sid	1	124	auto
MUSICIANS/B/Booker/Under_the_Ground_preview.sid	2	125	auto
MUSICIANS/B/Booker/Usura.sid	1	135	auto
MUSICIANS/B/Booker/Vandalism_News_37_intro.sid	1	124	auto
MUSICIANS/B/Booker/Warm_Ice.sid	1	94	auto
MUSICIANS/B/Booker/Who_by_Fire_Who_by_C2H5OH.sid	1	124	auto
MUSICIANS/B/Booker/X_Jazz.sid	1	107	auto
MUSICIANS/B/Bop/Dodonuts_note.sid	1	124	auto
MUSICIANS/B/Bop/Ewe_Woz_Ere_DX.sid	5	150	auto
MUSICIANS/B/Bop/Ewe_Woz_Ere_DX.sid	6	124	auto
MUSICIANS/B/Bop/Ewe_Woz_Ere_DX_preview.sid	1	94	auto
MUSICIANS/B/Bop/Ewe_Woz_ere_note.sid	1	125	auto
MUSICIANS/B/Bop/Freaky_Fish_DX.sid	1	125	auto
MUSICIANS/B/Bop/Freaky_Fish_DX.sid	5	124	auto
MUSICIANS/B/Bop/Freaky_Fish_DX.sid	7	107	auto
MUSICIANS/B/Bop/Invasion_Arnarchy.sid	1	124	auto
MUSICIANS/B/Bop/Invasion_Arnarchy.sid	2	125	auto
MUSICIANS/B/Boray/Beat_the_System.sid	1	94	auto
MUSICIANS/B/Boray/Computer_Brains.sid	1	151	auto
MUSICIANS/B/Boray/Judas_Kiss.sid	1	151	auto
MUSICIANS/B/Boray/Not_by_Sight.sid	1	136	auto
MUSICIANS/B/Boray/Not_by_Sight_v2.sid	1	151	auto
MUSICIANS/B/Boray/Strabismus_2.sid	1	94	auto
MUSICIANS/B/Bordeaux/2012_High-Score_Power_Ballad.sid	1	150	auto
MUSICIANS/B/Bordeaux/2014_a_Nordlicht_Summer.sid	1	150	auto
MUSICIANS/B/Bordeaux/Baby_I_Love_Your_Cannons.sid	1	94	auto
MUSICIANS/B/Bordeaux/Bounce-N-Shake.sid	1	94	auto
MUSICIANS/B/Bordeaux/Crazy_Mouse.sid	1	94	auto
MUSICIANS/B/Bordeaux/Curlins_Theme.sid	1	125	auto
MUSICIANS/B/Bordeaux/Dr_Schnuggels/Aldi_Aldi_Rokz_Ju.sid	1	94	auto
MUSICIANS/B/Bordeaux/Dr_Schnuggels/Entertainer.sid	1	94	auto
MUSICIANS/B/Bordeaux/Dr_Schnuggels/Europes_No_1.sid	1	125	auto
MUSICIANS/B/Bordeaux/Dr_Schnuggels/Happy_Dworf_2.sid	1	84	auto
MUSICIANS/B/Bordeaux/Dr_Schnuggels/Lang_zal_hij_leven.sid	1	94	auto
MUSICIANS/B/Bordeaux/Dr_Schnuggels/Merry_X-Mas.sid	1	125	auto
MUSICIANS/B/Bordeaux/Glory_Days.sid	1	124	auto
MUSICIANS/B/Bordeaux/Goeteborg_Tower.sid	1	150	auto
MUSICIANS/B/Bordeaux/Hangmani.sid	1	150	auto
MUSICIANS/B/Bordeaux/Intro_A_Team.sid	1	125	auto
MUSICIANS/B/Bordeaux/Knallen_Wars.sid	1	150	auto
MUSICIANS/B/Bordeaux/Knex.sid	1	100	auto
MUSICIANS/B/Bordeaux/Old_Intro_Kicker.sid	1	125	auto
MUSICIANS/B/Bordeaux/Party_Tune.sid	1	125	auto
MUSICIANS/B/Bordeaux/Track_for_DLE.sid	1	83	auto
MUSICIANS/B/Bosch_Roel/Blow_it_Down.sid	1	125	auto
MUSICIANS/B/Bosch_Roel/Cowabunga_1_magazine.sid	1	125	auto
MUSICIANS/B/Bosch_Roel/Head_and_Hat.sid	1	125	auto
MUSICIANS/B/Bosch_Roel/Just_A_Demo.sid	1	125	auto
MUSICIANS/B/Bosch_Roel/Look.sid	1	125	auto
MUSICIANS/B/Bosch_Roel/Music_Mania_part_3-1.sid	1	125	auto
MUSICIANS/B/Bosch_Roel/Music_Mania_part_3-2.sid	1	125	auto
MUSICIANS/B/Bosch_Roel/Music_Mania_part_3-3.sid	1	125	auto
MUSICIANS/B/Bosch_Roel/Music_Mania_part_3-4.sid	1	125	auto
MUSICIANS/B/Bosch_Roel/Music_Mania_part_3-7.sid	1	125	auto
MUSICIANS/B/Bosch_Roel/Music_Mania_part_3-8.sid	1	125	auto
MUSICIANS/B/Bosch_Roel/Music_Mania_part_4.sid	1	125	auto
MUSICIANS/B/Bosch_Roel/Prove_of_Quality.sid	1	125	auto
MUSICIANS/B/Bosch_Roel/Remark_1_tune_1.sid	1	125	auto
MUSICIANS/B/Bosch_Roel/Remark_1_tune_2.sid	1	125	auto
MUSICIANS/B/Bosch_Roel/Smash_Out.sid	1	125	auto
MUSICIANS/B/Bosch_Roel/Smash_Out.sid	3	125	auto
MUSICIANS/B/Bosch_Roel/So_Beautiful.sid	1	125	auto
MUSICIANS/B/Bosch_Roel/Super_Deal.sid	1	125	auto
MUSICIANS/B/Bosch_Roel/Visual_Delight.sid	1	150	auto
MUSICIANS/B/Bouchard_Gary/Night_Shift.sid	1	105	auto
MUSICIANS/B/Bouchard_Gary/We_Are_the_World.sid	1	85	auto
MUSICIANS/B/Bowie/Silent_Love.sid	1	128	auto
MUSICIANS/B/Bowie/Touch_Me.sid	1	126	auto
MUSICIANS/B/Boyd/Best.sid	1	94	auto
MUSICIANS/B/Brandis/Amore.sid	1	125	auto
MUSICIANS/B/Brandis/Axel_F-The_Remix.sid	1	125	auto
MUSICIANS/B/Brandis/Baby_Dont_Forget_My_Number.sid	1	125	auto
MUSICIANS/B/Brandis/Dancin_Song.sid	1	124	auto
MUSICIANS/B/Brandis/Deutschland.sid	1	124	auto
MUSICIANS/B/Brandis/Fade_to_Grey.sid	1	124	auto
MUSICIANS/B/Brandis/Forever_Together.sid	1	125	auto
MUSICIANS/B/Brandis/Girl_You_Know_Its_True.sid	1	125	auto
MUSICIANS/B/Brandis/Love_Spy.sid	1	125	auto
MUSICIANS/B/Brandis/Megablast.sid	1	125	auto
MUSICIANS/B/Brandis/Never_Die.sid	1	94	auto
MUSICIANS/B/Brandis/S_F_D_Mix.sid	1	150	auto
MUSICIANS/B/Brandis/Ski_Dance.sid	1	125	auto
MUSICIANS/B/Brandis/Too_Young.sid	1	125	auto
MUSICIANS/B/Brandis/Wild_Ride.sid	1	125	auto
MUSICIANS/B/Brandon_Walsh/Hammock_Reloaded.sid	1	125	auto
MUSICIANS/B/Brandon_Walsh/Sollentuna_Shufflin.sid	1	125	auto
MUSICIANS/B/Brandon_Walsh/To_Italy_with_Love.sid	1	94	auto
MUSICIANS/B/Brandon_Walsh/Unfinished_Business.sid	1	124	auto
MUSICIANS/B/Brandon_Walsh/We_Are_Sorry.sid	1	123	auto
MUSICIANS/B/Brandt_Georg/B_E_A_M.sid	1	125	auto
MUSICIANS/B/Brandt_Georg/Boersenfieber.sid	1	94	auto
MUSICIANS/B/Brandt_Georg/Dein_ist_mein_ganzes_Herz.sid	1	151	auto
MUSICIANS/B/Brandt_Georg/In_80_Days_Around_the_World.sid	1	125	auto
MUSICIANS/B/Brandt_Georg/In_80_Days_Around_the_World.sid	2	125	auto
MUSICIANS/B/Brandt_Georg/In_80_Days_Around_the_World.sid	3	124	auto
MUSICIANS/B/Brandt_Georg/In_80_Days_Around_the_World.sid	4	125	auto
MUSICIANS/B/Brandt_Georg/In_80_Days_Around_the_World.sid	5	124	auto
MUSICIANS/B/Brandt_Georg/Mental_Warriors.sid	1	112	auto
MUSICIANS/B/Brandt_Georg/Mindbender.sid	1	124	auto
MUSICIANS/B/Brandt_Georg/Mission_Overflow.sid	1	112	auto
MUSICIANS/B/Brandt_Georg/Odissea_Veneziana.sid	1	93	auto
MUSICIANS/B/Brandt_Georg/Paranoia_Complex.sid	1	124	auto
MUSICIANS/B/Brandt_Georg/Progress-Demo.sid	1	112	auto
MUSICIANS/B/Brandt_Georg/RPS-Demo.sid	1	112	auto
MUSICIANS/B/Brandt_Georg/Street_Gang.sid	1	124	auto
MUSICIANS/B/Brandt_Georg/Street_Gang.sid	2	124	auto
MUSICIANS/B/Brandt_Georg/Street_Gang.sid	3	125	auto
MUSICIANS/B/Brandt_Georg/Tom_and_Jerry.sid	1	125	auto
MUSICIANS/B/Brandt_Georg/Tom_and_Jerry_2.sid	1	112	auto
MUSICIANS/B/Brandt_Georg/USS_John_Young.sid	1	94	auto
MUSICIANS/B/Brandt_Georg/Vampires_Empire.sid	1	94	auto
MUSICIANS/B/Brennan_Neil/Bazooka_Bill.sid	1	94	auto
MUSICIANS/B/Brennan_Neil/Bazooka_Bill.sid	2	94	auto
MUSICIANS/B/Brennan_Neil/Bop_n_Rumble.sid	1	94	auto
MUSICIANS/B/Brennan_Neil/Bop_n_Rumble.sid	2	94	auto
MUSICIANS/B/Brennan_Neil/Bop_n_Rumble.sid	3	94	auto
MUSICIANS/B/Brennan_Neil/Bop_n_Rumble.sid	4	94	auto
MUSICIANS/B/Brennan_Neil/Bop_n_Rumble.sid	5	94	auto
MUSICIANS/B/Brennan_Neil/Bop_n_Rumble.sid	6	94	auto
MUSICIANS/B/Brennan_Neil/Bop_n_Rumble.sid	7	94	auto
MUSICIANS/B/Brennan_Neil/Bop_n_Rumble.sid	8	94	auto
MUSICIANS/B/Brennan_Neil/Bop_n_Rumble.sid	9	94	auto
MUSICIANS/B/Brennan_Neil/Bop_n_Rumble.sid	10	94	auto
MUSICIANS/B/Brennan_Neil/Bop_n_Rumble.sid	11	94	auto
MUSICIANS/B/Brennan_Neil/Bop_n_Rumble.sid	12	94	auto
MUSICIANS/B/Brennan_Neil/Bop_n_Rumble.sid	13	94	auto
MUSICIANS/B/Brennan_Neil/Bop_n_Rumble.sid	14	94	auto
MUSICIANS/B/Brennan_Neil/Bop_n_Rumble.sid	15	94	auto
MUSICIANS/B/Brennan_Neil/Bop_n_Rumble.sid	16	94	auto
MUSICIANS/B/Brennan_Neil/Bop_n_Rumble.sid	17	94	auto
MUSICIANS/B/Brennan_Neil/Bop_n_Rumble.sid	18	94	auto
MUSICIANS/B/Brennan_Neil/Bop_n_Rumble.sid	19	94	auto
MUSICIANS/B/Brennan_Neil/Bop_n_Rumble.sid	22	94	auto
MUSICIANS/B/Brennan_Neil/Bop_n_Rumble.sid	23	94	auto
MUSICIANS/B/Brennan_Neil/Castle_of_Terror.sid	1	83	auto
MUSICIANS/B/Brennan_Neil/Castle_of_Terror.sid	8	124	auto
MUSICIANS/B/Brennan_Neil/Doc_the_Destroyer.sid	1	124	auto
MUSICIANS/B/Brennan_Neil/Fist_II-The_Legend_Continues.sid	1	124	auto
MUSICIANS/B/Brennan_Neil/Fist_II-The_Legend_Continues.sid	3	100	auto
MUSICIANS/B/Brennan_Neil/Fist_plus.sid	1	124	auto
MUSICIANS/B/Brennan_Neil/Fist_plus.sid	2	124	auto
MUSICIANS/B/Brennan_Neil/Grand_Larceny.sid	1	84	auto
MUSICIANS/B/Brennan_Neil/Grand_Larceny.sid	2	125	auto
MUSICIANS/B/Brennan_Neil/Hobbit.sid	1	83	auto
MUSICIANS/B/Brennan_Neil/Hobbit.sid	2	83	auto
MUSICIANS/B/Brennan_Neil/Hobbit.sid	3	83	auto
MUSICIANS/B/Brennan_Neil/Hobbit.sid	4	125	auto
MUSICIANS/B/Brennan_Neil/Hobbit.sid	5	100	auto
MUSICIANS/B/Brennan_Neil/Inspector_Gadget_Demo.sid	1	125	auto
MUSICIANS/B/Brennan_Neil/Mugsys_Revenge.sid	1	125	auto
MUSICIANS/B/Brennan_Neil/Mugsys_Revenge.sid	2	94	auto
MUSICIANS/B/Brennan_Neil/Mugsys_Revenge.sid	3	83	auto
MUSICIANS/B/Brennan_Neil/Rock_n_Wrestle.sid	2	124	auto
MUSICIANS/B/Brennan_Neil/Samurai_Warrior.sid	1	125	auto
MUSICIANS/B/Brennan_Neil/Sherlock.sid	1	100	auto
MUSICIANS/B/Brennan_Neil/Sherlock.sid	2	100	auto
MUSICIANS/B/Brennan_Neil/Sherlock.sid	3	80	auto
MUSICIANS/B/Brennan_Neil/Starion.sid	1	124	auto
MUSICIANS/B/Brennan_Neil/Starion.sid	2	124	auto
MUSICIANS/B/Brennan_Neil/Starion.sid	3	125	auto
MUSICIANS/B/Brennan_Neil/Starion.sid	5	125	auto
MUSICIANS/B/Brennan_Neil/Way_of_the_Exploding_Fist.sid	2	126	auto
MUSICIANS/B/Brennan_Neil/Way_of_the_Exploding_Fist.sid	3	124	auto
MUSICIANS/B/Brennan_Neil/Way_of_the_Exploding_Fist.sid	4	125	auto
MUSICIANS/B/Brennan_Neil/Zim_Sala_Bim.sid	1	124	auto
MUSICIANS/B/Brian/A_Music.sid	1	125	auto
MUSICIANS/B/Brian/Acieeed.sid	1	124	auto
MUSICIANS/B/Brian/Action_March.sid	1	125	auto
MUSICIANS/B/Brian/Action_Mary.sid	1	124	auto
MUSICIANS/B/Brian/Amiga-Zak.sid	1	151	auto
MUSICIANS/B/Brian/Atrix_Logo.sid	1	125	auto
MUSICIANS/B/Brian/Bach.sid	1	151	auto
MUSICIANS/B/Brian/Bath_Blues.sid	1	125	auto
MUSICIANS/B/Brian/Boci-Boci.sid	1	94	auto
MUSICIANS/B/Brian/Boogie.sid	1	125	auto
MUSICIANS/B/Brian/Breath_of_Air.sid	1	125	auto
MUSICIANS/B/Brian/Bubbler_Part_1.sid	1	125	auto
MUSICIANS/B/Brian/Bubbler_Part_2.sid	1	125	auto
MUSICIANS/B/Brian/Children_Songs.sid	1	124	auto
MUSICIANS/B/Brian/Clever_Clerk.sid	1	125	auto
MUSICIANS/B/Brian/Clever_Clerk_preview.sid	1	124	auto
MUSICIANS/B/Brian/Clever_Clerk_v1.sid	1	125	auto
MUSICIANS/B/Brian/Contact_Zak.sid	1	124	auto
MUSICIANS/B/Brian/Cowardice.sid	1	150	auto
MUSICIANS/B/Brian/Delta_Zak.sid	1	150	auto
MUSICIANS/B/Brian/Devil.sid	1	125	auto
MUSICIANS/B/Brian/Disco_Zak.sid	1	125	auto
MUSICIANS/B/Brian/Doublefunk.sid	1	100	auto
MUSICIANS/B/Brian/Duster.sid	1	125	auto
MUSICIANS/B/Brian/End_Tune_1.sid	1	125	auto
MUSICIANS/B/Brian/End_Tune_2.sid	1	125	auto
MUSICIANS/B/Brian/Example_from_Brian_to_Arthur.sid	1	94	auto
MUSICIANS/B/Brian/Factory_Noises.sid	1	94	auto
MUSICIANS/B/Brian/Fallacy.sid	1	83	auto
MUSICIANS/B/Brian/Filler.sid	1	125	auto
MUSICIANS/B/Brian/For_Crazy_Fanta.sid	1	125	auto
MUSICIANS/B/Brian/For_Pixel.sid	1	124	auto
MUSICIANS/B/Brian/For_Pixel.sid	2	150	auto
MUSICIANS/B/Brian/Funky_Bass.sid	1	125	auto
MUSICIANS/B/Brian/Funkyman.sid	1	83	auto
MUSICIANS/B/Brian/Funny_Zak.sid	1	125	auto
MUSICIANS/B/Brian/Game-Intro.sid	1	125	auto
MUSICIANS/B/Brian/Game_Title.sid	1	125	auto
MUSICIANS/B/Brian/Going_Around_the_Qumkuat_Tree.sid	1	125	auto
MUSICIANS/B/Brian/Griff_Zak.sid	1	124	auto
MUSICIANS/B/Brian/Halogene.sid	1	125	auto
MUSICIANS/B/Brian/Hoopla.sid	1	125	auto
MUSICIANS/B/Brian/Hoopla_v2.sid	1	125	auto
MUSICIANS/B/Brian/I_O_W_B_W_Y_Dance.sid	1	125	auto
MUSICIANS/B/Brian/Ingame.sid	1	125	auto
MUSICIANS/B/Brian/Ingame.sid	6	125	auto
MUSICIANS/B/Brian/Intro_Tune.sid	1	125	auto
MUSICIANS/B/Brian/Japanese.sid	1	125	auto
MUSICIANS/B/Brian/Jazz_Fan.sid	1	83	auto
MUSICIANS/B/Brian/Just_Puke_It.sid	1	125	auto
MUSICIANS/B/Brian/Justinblue_tune_2.sid	1	125	auto
MUSICIANS/B/Brian/Justinblue_tune_3.sid	1	83	auto
MUSICIANS/B/Brian/Justinblue_tune_4.sid	1	150	auto
MUSICIANS/B/Brian/Justinblue_tune_5.sid	1	124	auto
MUSICIANS/B/Brian/Justincase_part_2.sid	1	93	auto
MUSICIANS/B/Brian/Justincase_part_3.sid	1	94	auto
MUSICIANS/B/Brian/Justincase_part_5.sid	1	150	auto
MUSICIANS/B/Brian/Kidding.sid	1	125	auto
MUSICIANS/B/Brian/Loevaxed.sid	1	125	auto
MUSICIANS/B/Brian/Mad_Eddie.sid	1	125	auto
MUSICIANS/B/Brian/Magic_Flute_v2.sid	1	94	auto
MUSICIANS/B/Brian/Markus_Family.sid	1	125	auto
MUSICIANS/B/Brian/Mixedstyle.sid	1	125	auto
MUSICIANS/B/Brian/Music_Pack_1.sid	1	124	auto
MUSICIANS/B/Brian/Mysterious.sid	1	125	auto
MUSICIANS/B/Brian/Noterzak.sid	1	125	auto
MUSICIANS/B/Brian/On_the_Beach.sid	1	124	auto
MUSICIANS/B/Brian/Onionjam.sid	1	125	auto
MUSICIANS/B/Brian/Petrollamp.sid	1	94	auto
MUSICIANS/B/Brian/Philader.sid	1	125	auto
MUSICIANS/B/Brian/Pianowork.sid	1	83	auto
MUSICIANS/B/Brian/Quo_Vadis.sid	1	125	auto
MUSICIANS/B/Brian/Rick_Astley.sid	1	124	auto
MUSICIANS/B/Brian/Rock_Tune.sid	1	125	auto
MUSICIANS/B/Brian/Rock_Zak_2.sid	1	125	auto
MUSICIANS/B/Brian/Rowdy.sid	2	125	auto
MUSICIANS/B/Brian/Rowdy.sid	3	125	auto
MUSICIANS/B/Brian/Shit_Up.sid	1	125	auto
MUSICIANS/B/Brian/Silly_Winds.sid	1	125	auto
MUSICIANS/B/Brian/Sloom.sid	1	124	auto
MUSICIANS/B/Brian/Slowly.sid	1	125	auto
MUSICIANS/B/Brian/Speak_Up.sid	1	125	auto
MUSICIANS/B/Brian/Splash_17_tune_1.sid	1	124	auto
MUSICIANS/B/Brian/Stupid_Lamer.sid	1	94	auto
MUSICIANS/B/Brian/Superior_Work.sid	1	124	auto
MUSICIANS/B/Brian/Susu_the_Dragon.sid	1	125	auto
MUSICIANS/B/Brian/Telstar.sid	1	125	auto
MUSICIANS/B/Brian/Terrible.sid	1	125	auto
MUSICIANS/B/Brian/Thermo_P1.sid	1	125	auto
MUSICIANS/B/Brian/Thermo_P2.sid	1	125	auto
MUSICIANS/B/Brian/Thermo_P3.sid	1	125	auto
MUSICIANS/B/Brian/Thermo_P4.sid	1	125	auto
MUSICIANS/B/Brian/They_Are_the_Best_1.sid	1	124	auto
MUSICIANS/B/Brian/Time_Waste.sid	1	125	auto
MUSICIANS/B/Brian/Time_Waste.sid	2	94	auto
MUSICIANS/B/Brian/Train.sid	1	125	auto
MUSICIANS/B/Brian/Trashdance.sid	1	125	auto
MUSICIANS/B/Brian/Turmoil.sid	1	94	auto
MUSICIANS/B/Brian/Varjegypic.sid	1	125	auto
MUSICIANS/B/Brian/Wild_Music.sid	1	125	auto
MUSICIANS/B/Briggs_Jason/Bert_the_Bug_Bites_Back.sid	1	152	auto
MUSICIANS/B/Briggs_Jason/Bojo.sid	1	112	auto
MUSICIANS/B/Briggs_Jason/Electro_World.sid	1	129	auto
MUSICIANS/B/Briggs_Jason/Tiger_Tank.sid	1	112	auto
MUSICIANS/B/Brimble_Allister/Captain_Dynamo.sid	1	107	auto
MUSICIANS/B/Brimble_Allister/Dizzy_Down_the_Rapids.sid	1	125	auto
MUSICIANS/B/Brimble_Allister/Dizzy_Prince_of_the_Yolkfolk.sid	1	124	auto
MUSICIANS/B/Brimble_Allister/Mean_Machine.sid	1	124	auto
MUSICIANS/B/Brimble_Allister/Mean_Machine.sid	2	150	auto
MUSICIANS/B/Brimble_Allister/Murray_Mouse.sid	1	125	auto
MUSICIANS/B/Brimble_Allister/Panic_Dizzy.sid	1	150	auto
MUSICIANS/B/Brimble_Allister/Panic_Dizzy.sid	2	150	auto
MUSICIANS/B/Brimble_Allister/Panic_Dizzy.sid	3	125	auto
MUSICIANS/B/Brimble_Allister/Prince_Clumsy.sid	1	107	auto
MUSICIANS/B/Brimble_Allister/Rampart.sid	1	100	auto
MUSICIANS/B/Brimble_Allister/Seymour_Goes_to_Hollywood.sid	1	125	auto
MUSICIANS/B/Brimble_Allister/Slicks.sid	1	124	auto
MUSICIANS/B/Brimble_Allister/Slicks.sid	3	125	auto
MUSICIANS/B/Brimble_Allister/Slightly_Magic.sid	1	150	auto
MUSICIANS/B/Brimble_Allister/Slightly_Magic.sid	2	150	auto
MUSICIANS/B/Brimble_Allister/Spellbound_Dizzy.sid	2	124	auto
MUSICIANS/B/Brimble_Allister/Super_Seymour.sid	1	107	auto
MUSICIANS/B/Brimble_Allister/Terrys_Big_Adventure.sid	1	124	auto
MUSICIANS/B/Brimble_Allister/Wild_West_Seymour.sid	1	107	auto
MUSICIANS/B/Britelite/4K_Introtune.sid	1	125	auto
MUSICIANS/B/Britelite/Aivokasvain.sid	1	94	auto
MUSICIANS/B/Britelite/Beertime_Lite.sid	1	125	auto
MUSICIANS/B/Britelite/Bill_G_Force_64.sid	1	124	auto
MUSICIANS/B/Britelite/Decade_of_Dekadence.sid	1	124	auto
MUSICIANS/B/Britelite/Dopetrack.sid	1	124	auto
MUSICIANS/B/Britelite/Fading_Stars.sid	1	125	auto
MUSICIANS/B/Britelite/Heartache.sid	1	124	auto
MUSICIANS/B/Britelite/Kadonneet_Kolme_Sanaa.sid	1	125	auto
MUSICIANS/B/Britelite/Last_Try.sid	1	125	auto
MUSICIANS/B/Britelite/Light_of_Day_preview.sid	1	150	auto
MUSICIANS/B/Britelite/Moonfire.sid	1	125	auto
MUSICIANS/B/Britelite/Nebula.sid	1	125	auto
MUSICIANS/B/Britelite/Nivussieni.sid	1	94	auto
MUSICIANS/B/Britelite/Other_Side.sid	1	94	auto
MUSICIANS/B/Britelite/Patakolmonen.sid	1	125	auto
MUSICIANS/B/Britelite/Popstar.sid	1	124	auto
MUSICIANS/B/Britelite/Sandstorm.sid	1	125	auto
MUSICIANS/B/Britelite/Shortmenutune5.sid	1	125	auto
MUSICIANS/B/Britelite/Starfall.sid	1	125	auto
MUSICIANS/B/Britelite/Stimulaatio.sid	1	125	auto
MUSICIANS/B/Britelite/Summerhit_of_2006.sid	1	125	auto
MUSICIANS/B/Britelite/Sunchild.sid	1	125	auto
MUSICIANS/B/Britelite/Tamagotchi2.sid	1	125	auto
MUSICIANS/B/Britelite/Testibiisi.sid	1	107	auto
MUSICIANS/B/Britelite/Tivoli.sid	1	125	auto
MUSICIANS/B/Britelite/Vaahtosammutin_pt1.sid	1	125	auto
MUSICIANS/B/Britelite/Would_You.sid	1	125	auto
MUSICIANS/B/Brizz/4_My_Friend_Unlock.sid	1	124	auto
MUSICIANS/B/Brizz/4_Vitality.sid	1	125	auto
MUSICIANS/B/Brizz/Antinazirave.sid	1	124	auto
MUSICIANS/B/Brizz/Braintoolz_1.sid	1	125	auto
MUSICIANS/B/Brizz/Braintoolz_1_note.sid	1	125	auto
MUSICIANS/B/Brizz/Braintoolz_2.sid	1	124	auto
MUSICIANS/B/Brizz/Braintoolz_2_note.sid	1	150	auto
MUSICIANS/B/Brizz/Break.sid	1	125	auto
MUSICIANS/B/Brizz/Brizz_01.sid	1	125	auto
MUSICIANS/B/Brizz/Brizz_02.sid	1	150	auto
MUSICIANS/B/Brizz/Brizz_04.sid	1	125	auto
MUSICIANS/B/Brizz/Castle_of_Dreamin_tune_2.sid	1	151	auto
MUSICIANS/B/Brizz/Da_Tune.sid	1	125	auto
MUSICIANS/B/Brizz/Dizzys_Quest.sid	1	75	auto
MUSICIANS/B/Brizz/Doublespeedmu6.sid	1	125	auto
MUSICIANS/B/Brizz/Experiences_2.sid	1	125	auto
MUSICIANS/B/Brizz/For_Bugjam.sid	1	125	auto
MUSICIANS/B/Brizz/For_High-Tech.sid	1	125	auto
MUSICIANS/B/Brizz/For_Nitro.sid	1	125	auto
MUSICIANS/B/Brizz/Fun-Collection_8_note.sid	1	124	auto
MUSICIANS/B/Brizz/Good_Feelings.sid	1	125	auto
MUSICIANS/B/Brizz/Hardvibes_tune_1.sid	1	124	auto
MUSICIANS/B/Brizz/Hardvibes_tune_2.sid	1	125	auto
MUSICIANS/B/Brizz/Just_Kidding.sid	1	125	auto
MUSICIANS/B/Brizz/Loader_Tune.sid	1	125	auto
MUSICIANS/B/Brizz/Nightsharp.sid	1	124	auto
MUSICIANS/B/Brizz/No_Return_to_Paradise.sid	1	124	auto
MUSICIANS/B/Brizz/Nr_049.sid	1	151	auto
MUSICIANS/B/Brizz/Obsession_end.sid	1	125	auto
MUSICIANS/B/Brizz/Obsession_tune_1.sid	1	125	auto
MUSICIANS/B/Brizz/Obsession_tune_2.sid	1	125	auto
MUSICIANS/B/Brizz/Organic.sid	1	125	auto
MUSICIANS/B/Brizz/Palladium_3_tune_1.sid	1	125	auto
MUSICIANS/B/Brizz/Palladium_3_tune_2.sid	1	125	auto
MUSICIANS/B/Brizz/Palladium_4_tune_1.sid	1	125	auto
MUSICIANS/B/Brizz/Palladium_4_tune_2.sid	1	125	auto
MUSICIANS/B/Brizz/Panic_Noter.sid	1	125	auto
MUSICIANS/B/Brizz/Passport_to_Life.sid	1	97	auto
MUSICIANS/B/Brizz/Running_Tiger.sid	1	125	auto
MUSICIANS/B/Brizz/Short_House.sid	1	125	auto
MUSICIANS/B/Brizz/Snyderdome_note.sid	1	124	auto
MUSICIANS/B/Brizz/Think_Why.sid	1	123	auto
MUSICIANS/B/Brizz/Threestone.sid	1	124	auto
MUSICIANS/B/Brizz/Tune_for_Da_Capo.sid	1	125	auto
MUSICIANS/B/Brizz/Vary_Speed.sid	1	125	auto
MUSICIANS/B/Brizz/Vitality_Tune.sid	1	124	auto
MUSICIANS/B/Brizz/Xclusiv_for_Digital_Talk.sid	1	125	auto
MUSICIANS/B/Brodersen_Frank/Original_Tetris-Game.sid	1	119	auto
MUSICIANS/B/Brodersen_Frank/Original_Tetris-Game.sid	2	131	auto
MUSICIANS/B/Brodersen_Frank/Original_Tetris-Game.sid	3	130	auto
MUSICIANS/B/Brodersen_Frank/Original_Tetris-Game.sid	7	131	auto
MUSICIANS/B/Brodersen_Frank/Original_Tetris-Game.sid	8	120	auto
MUSICIANS/B/Brodersen_Frank/Original_Tetris-Game.sid	9	120	auto
MUSICIANS/B/Brodersen_Frank/Pacman.sid	1	131	auto
MUSICIANS/B/Brodersen_Frank/Pacman.sid	7	130	auto
MUSICIANS/B/Brodersen_Frank/Pacman.sid	8	144	auto
MUSICIANS/B/Brodersen_Frank/Pacman.sid	14	124	auto
MUSICIANS/B/Brodersen_Frank/Pacman.sid	16	72	auto
MUSICIANS/B/Brodersen_Frank/Pacman.sid	18	144	auto
MUSICIANS/B/Brodersen_Frank/Pacman.sid	19	94	auto
MUSICIANS/B/Brodersen_Frank/Pacman.sid	20	131	auto
MUSICIANS/B/Brodersen_Frank/Pacman.sid	21	135	auto
MUSICIANS/B/Brodersen_Frank/Pacman.sid	23	140	auto
MUSICIANS/B/Brodersen_Frank/Pacman.sid	24	118	auto
MUSICIANS/B/Brodersen_Frank/Pacman.sid	25	130	auto
MUSICIANS/B/Brodersen_Frank/Pacman.sid	26	144	auto
MUSICIANS/B/Brodersen_Frank/Pacman.sid	27	130	auto
MUSICIANS/B/Brodersen_Frank/Pacman.sid	28	128	auto
MUSICIANS/B/Brodersen_Frank/Pacman.sid	29	130	auto
MUSICIANS/B/Brodersen_Frank/Pacman.sid	33	120	auto
MUSICIANS/B/Brodersen_Frank/Pacman_II.sid	1	131	auto
MUSICIANS/B/Brodersen_Frank/Pacman_II.sid	2	128	auto
MUSICIANS/B/Brodersen_Frank/Pacman_II.sid	4	133	auto
MUSICIANS/B/Brodersen_Frank/Pacman_II.sid	6	126	auto
MUSICIANS/B/Brodersen_Frank/Pacman_II.sid	7	120	auto
MUSICIANS/B/Brodersen_Frank/Pacman_II.sid	9	120	auto
MUSICIANS/B/Brodersen_Frank/Pacman_II.sid	14	111	auto
MUSICIANS/B/Brodersen_Frank/Pacman_II.sid	18	138	auto
MUSICIANS/B/Brodersen_Frank/Pacman_II.sid	20	131	auto
MUSICIANS/B/Brodersen_Frank/Pacman_II.sid	21	85	auto
MUSICIANS/B/Brodersen_Frank/Pacman_II.sid	24	109	auto
MUSICIANS/B/Brodersen_Frank/Pacman_II.sid	25	141	auto
MUSICIANS/B/Brodersen_Frank/Pacman_II.sid	28	130	auto
MUSICIANS/B/Brodersen_Frank/Pacman_II.sid	30	131	auto
MUSICIANS/B/Brodersen_Frank/Pacman_II.sid	33	139	auto
MUSICIANS/B/Brooke_Jason/Ballistix.sid	1	129	auto
MUSICIANS/B/Brooke_Jason/Bismarck.sid	1	108	auto
MUSICIANS/B/Brooke_Jason/Dreadnought.sid	1	149	auto
MUSICIANS/B/Brooke_Jason/Dreadnought.sid	4	144	auto
MUSICIANS/B/Brooke_Jason/Gryzor.sid	1	150	auto
MUSICIANS/B/Brooke_Jason/Gryzor.sid	2	151	auto
MUSICIANS/B/Brooke_Jason/Ikari_Warriors.sid	1	124	auto
MUSICIANS/B/Brooke_Jason/Ikari_Warriors.sid	2	124	auto
MUSICIANS/B/Brooke_Jason/Inspector_Gadget.sid	1	100	auto
MUSICIANS/B/Brooke_Jason/Lawn_Tennis.sid	1	150	auto
MUSICIANS/B/Brooke_Jason/Lazer_Tag.sid	1	151	auto
MUSICIANS/B/Brooke_Jason/Ninja_Scooter_Simulator.sid	1	150	auto
MUSICIANS/B/Brooke_Jason/Out_Run.sid	1	125	auto
MUSICIANS/B/Brooke_Jason/Out_of_This_World.sid	1	150	auto
MUSICIANS/B/Brooke_Jason/Pac-Land.sid	4	94	auto
MUSICIANS/B/Brooke_Jason/Pi_r_Squared.sid	4	94	auto
MUSICIANS/B/Brooke_Jason/Rockford.sid	1	150	auto
MUSICIANS/B/Brooke_Jason/Supertrux.sid	1	103	auto
MUSICIANS/B/Brooke_Jason/Vixen.sid	1	103	auto
MUSICIANS/B/Brown_Andy/Power_Pyramids.sid	2	150	auto
MUSICIANS/B/Brown_Andy/Power_Pyramids.sid	3	150	auto
MUSICIANS/B/Brown_Andy/Rik_the_Roadie.sid	1	150	auto
MUSICIANS/B/Brown_Andy/Starburst.sid	1	94	auto
MUSICIANS/B/Brown_Andy/Starburst.sid	3	94	auto
MUSICIANS/B/Browning_Ken/Good_Night.sid	1	120	auto
MUSICIANS/B/Browning_Ken/Hooked_on_Tchaikovsky_part_1.sid	1	150	auto
MUSICIANS/B/Browning_Ken/Hooked_on_Tchaikovsky_part_2.sid	1	150	auto
MUSICIANS/B/Browning_Ken/Hungarian_Dance_No_5.sid	1	140	auto
MUSICIANS/B/Bruce/Antenna.sid	1	94	auto
MUSICIANS/B/Bruce/Experiment.sid	1	94	auto
MUSICIANS/B/Bruce/Fixion_II.sid	1	125	auto
MUSICIANS/B/Bruce/History.sid	1	94	auto
MUSICIANS/B/Bruce/Last_Days.sid	1	100	auto
MUSICIANS/B/Bruce/Memories.sid	1	94	auto
MUSICIANS/B/Bruce/Ninja_Mix.sid	1	94	auto
MUSICIANS/B/Bruce/Shorty.sid	1	125	auto
MUSICIANS/B/Brush/Lame_Shit.sid	1	125	auto
MUSICIANS/B/Buckley_Kevin/Down_Under.sid	1	100	auto
MUSICIANS/B/Buckley_Kevin/Hot_for_Teacher.sid	1	102	auto
MUSICIANS/B/Buckley_Kevin/Magic.sid	1	145	auto
MUSICIANS/B/Buckley_Kevin/Paint_it_Black.sid	1	95	auto
MUSICIANS/B/Buckley_Kevin/Satisfaction.sid	1	85	auto
MUSICIANS/B/Buddha/After_Earth.sid	1	125	auto
MUSICIANS/B/Buddha/Amiga_on_Air.sid	1	124	auto
MUSICIANS/B/Buddha/Amiga_on_Air_3.sid	1	124	auto
MUSICIANS/B/Buddha/Buddha_Like_Amiga_Style.sid	1	125	auto
MUSICIANS/B/Buddha/Eve.sid	1	94	auto
MUSICIANS/B/Buddha/Help_C64_Scene_Drama.sid	1	75	auto
MUSICIANS/B/Buddha/I_Will_Allude_Next_Day_About.sid	1	125	auto
MUSICIANS/B/Buddha/Intro_Collection.sid	1	151	auto
MUSICIANS/B/Buddha/Last_Party_2SID.sid	1	94	auto
MUSICIANS/B/Buddha/Loop_for_Intro.sid	1	124	auto
MUSICIANS/B/Buddha/Love_Story.sid	1	150	auto
MUSICIANS/B/Buddha/Love_with_Sylwia.sid	1	94	auto
MUSICIANS/B/Buddha/Miss_C64.sid	1	125	auto
MUSICIANS/B/Buddha/Oldschool_HF_Intro.sid	1	93	auto
MUSICIANS/B/Buddha/Poland.sid	1	125	auto
MUSICIANS/B/Buddha/Poland_Is_a_CoMeDy.sid	1	125	auto
MUSICIANS/B/Buddha/Poland_Is_a_Russia.sid	1	125	auto
MUSICIANS/B/Buddha/Poland_Is_a_Ukraine.sid	1	125	auto
MUSICIANS/B/Buddha/Polish_Yabol.sid	1	150	auto
MUSICIANS/B/Buddha/Rail_Slave.sid	1	125	auto
MUSICIANS/B/Buddha/Rail_Slave_remake.sid	1	125	auto
MUSICIANS/B/Buddha/Rescue_C64_Scene_Drama.sid	1	107	auto
MUSICIANS/B/Buddha/Russia_Is_a_Poland.sid	1	125	auto
MUSICIANS/B/Buddha/Sorry_Brothers.sid	1	94	auto
MUSICIANS/B/Buddha/Ukraine_Is_a_Poland.sid	1	150	auto
MUSICIANS/B/Buddha/Wacek_GMC_vs_Jammer_GT.sid	1	124	auto
MUSICIANS/B/Bulldog/Cassandra.sid	1	125	auto
MUSICIANS/B/Bulldog/E_X_I_S.sid	1	125	auto
MUSICIANS/B/Bulldog/E_X_I_S.sid	5	125	auto
MUSICIANS/B/Bulldog/E_X_I_S.sid	7	125	auto
MUSICIANS/B/Burgstaller_Bernhard/Cydonia_1.sid	1	125	auto
MUSICIANS/B/Burgstaller_Bernhard/Cydonia_3.sid	1	125	auto
MUSICIANS/B/Burgstaller_Bernhard/Cydonia_4.sid	1	125	auto
MUSICIANS/B/Burgstaller_Bernhard/Cydonia_ingame.sid	1	125	auto
MUSICIANS/B/Burgstaller_Bernhard/Gaehn2-Trance.sid	1	125	auto
MUSICIANS/B/Burgstaller_Bernhard/Grus4.sid	1	125	auto
MUSICIANS/B/Burgstaller_Bernhard/Hinu.sid	1	125	auto
MUSICIANS/B/Burgstaller_Bernhard/Hubbard.sid	1	125	auto
MUSICIANS/B/Burgstaller_Bernhard/Iso.sid	1	125	auto
MUSICIANS/B/Burgstaller_Bernhard/Krkl2-Trance.sid	1	125	auto
MUSICIANS/B/Burgstaller_Bernhard/Land5.sid	1	125	auto
MUSICIANS/B/Burgstaller_Bernhard/Ntgi5-Trance.sid	1	125	auto
MUSICIANS/B/Burgstaller_Bernhard/Oed1-Trance.sid	1	125	auto
MUSICIANS/B/Burp_Level_11/Express_tune_4.sid	1	125	auto
MUSICIANS/B/Burp_Level_11/Express_tune_6.sid	1	125	auto
MUSICIANS/B/Burp_Level_11/First_Time_2_part_3.sid	1	124	auto
MUSICIANS/B/Burp_Level_11/First_Time_tune_3.sid	1	107	auto
MUSICIANS/B/Burp_Level_11/Jasons_Temptation_note.sid	1	124	auto
MUSICIANS/B/Burp_Level_11/Jasons_Temptation_tune_4.sid	1	125	auto
MUSICIANS/B/Burp_Level_11/Jasons_Temptation_tune_7.sid	1	124	auto
MUSICIANS/B/Burp_Level_11/Remote_tune_2.sid	1	125	auto
MUSICIANS/B/Burp_Level_11/Second_to_None_part_1.sid	1	125	auto
MUSICIANS/B/Burp_Level_11/Second_to_None_part_4.sid	1	125	auto
MUSICIANS/B/Burp_Level_11/Second_to_None_part_7.sid	1	125	auto
MUSICIANS/B/Burp_Level_11/Sista_Minuten.sid	1	125	auto
MUSICIANS/B/Burp_Level_11/Studio_3_Logo.sid	1	124	auto
MUSICIANS/B/Burp_Level_11/Thunder_Kill.sid	1	125	auto
MUSICIANS/B/Burp_Offence/Carpe_Noctam.sid	1	94	auto
MUSICIANS/B/Burp_Offence/Nu_Membs_tune_2.sid	1	125	auto
MUSICIANS/B/Burp_Offence/Nu_Membs_tune_3.sid	1	125	auto
MUSICIANS/B/Burp_Offence/Nu_Membs_tune_4.sid	1	125	auto
MUSICIANS/B/Burp_Offence/Nu_Membs_tune_5.sid	1	94	auto
MUSICIANS/B/Burp_Offence/Wild_Boys_Crew_Intro.sid	1	125	auto
MUSICIANS/B/Butka/Piska_Niska.sid	1	125	auto
MUSICIANS/B/Butka/Ranked_1.sid	1	150	auto
MUSICIANS/B/Butka/Wild_West_Rumble.sid	1	150	auto
MUSICIANS/B/Butler_Paul/Ace_of_Aces.sid	1	94	auto
MUSICIANS/B/Butler_Paul/Deceptor.sid	11	69	auto
MUSICIANS/B/Butler_Paul/Infiltrator_Part_II-The_Next_Day.sid	1	115	auto
MUSICIANS/B/Butler_Paul/Killed_until_Dead.sid	15	98	auto
MUSICIANS/B/Butler_Paul/Rack_em.sid	1	118	auto
MUSICIANS/B/Butler_Paul/Serve_and_Volley.sid	1	100	auto
MUSICIANS/B/Butler_Paul/Train-Escape_to_Normandy.sid	1	122	auto
MUSICIANS/B/Byte_Blaster/Mega_Five.sid	1	125	auto
MUSICIANS/B/Byte_Blaster/Mega_Mix.sid	1	125	auto
MUSICIANS/B/Bzyk/2_Unlimited.sid	1	150	auto
MUSICIANS/B/Bzyk/Absolute.sid	1	124	auto
MUSICIANS/B/Bzyk/Absurd.sid	1	125	auto
MUSICIANS/B/Bzyk/Acceleration.sid	1	124	auto
MUSICIANS/B/Bzyk/Achtung.sid	1	150	auto
MUSICIANS/B/Bzyk/Agitate.sid	1	75	auto
MUSICIANS/B/Bzyk/Anno_Domini_1997.sid	1	151	auto
MUSICIANS/B/Bzyk/Anty_Brutal.sid	1	151	auto
MUSICIANS/B/Bzyk/Anything.sid	1	124	auto
MUSICIANS/B/Bzyk/Apokalipse.sid	1	125	auto
MUSICIANS/B/Bzyk/Archiwum_X.sid	1	150	auto
MUSICIANS/B/Bzyk/Back_for_Good.sid	1	150	auto
MUSICIANS/B/Bzyk/Banality.sid	1	94	auto
MUSICIANS/B/Bzyk/Bombastick.sid	1	75	auto
MUSICIANS/B/Bzyk/Break_and_Enter.sid	1	125	auto
MUSICIANS/B/Bzyk/Buda_Suxx.sid	1	125	auto
MUSICIANS/B/Bzyk/Byl_Sobie_Wilk.sid	1	125	auto
MUSICIANS/B/Bzyk/BzykoDrax.sid	1	125	auto
MUSICIANS/B/Bzyk/Bzykojazz.sid	1	125	auto
MUSICIANS/B/Bzyk/Centraxs_Zax.sid	1	125	auto
MUSICIANS/B/Bzyk/Chaos.sid	1	150	auto
MUSICIANS/B/Bzyk/Check_Dysan.sid	1	94	auto
MUSICIANS/B/Bzyk/Children_Mix.sid	1	150	auto
MUSICIANS/B/Bzyk/Chine.sid	1	151	auto
MUSICIANS/B/Bzyk/Chubby.sid	1	125	auto
MUSICIANS/B/Bzyk/Chubby_2.sid	1	123	auto
MUSICIANS/B/Bzyk/Cloux.sid	1	125	auto
MUSICIANS/B/Bzyk/Contemplation.sid	1	124	auto
MUSICIANS/B/Bzyk/Conversion.sid	1	150	auto
MUSICIANS/B/Bzyk/Cool_World.sid	1	125	auto
MUSICIANS/B/Bzyk/Cool_World_2.sid	1	150	auto
MUSICIANS/B/Bzyk/Corruption.sid	1	151	auto
MUSICIANS/B/Bzyk/Cursed.sid	1	94	auto
MUSICIANS/B/Bzyk/Dafomania_w_stylu_Dafa_SMR.sid	1	83	auto
MUSICIANS/B/Bzyk/Death.sid	1	150	auto
MUSICIANS/B/Bzyk/Delirium.sid	1	125	auto
MUSICIANS/B/Bzyk/Demoralize.sid	1	75	auto
MUSICIANS/B/Bzyk/Devilish.sid	1	125	auto
MUSICIANS/B/Bzyk/Double_Zak.sid	1	124	auto
MUSICIANS/B/Bzyk/Draxmania_w_stylu_Drax_a.sid	1	107	auto
MUSICIANS/B/Bzyk/Dreams.sid	1	75	auto
MUSICIANS/B/Bzyk/Egypt.sid	1	94	auto
MUSICIANS/B/Bzyk/Egzorcizm.sid	1	150	auto
MUSICIANS/B/Bzyk/Eko-Apel.sid	1	125	auto
MUSICIANS/B/Bzyk/Emigrate.sid	1	94	auto
MUSICIANS/B/Bzyk/Entrance_1.sid	1	124	auto
MUSICIANS/B/Bzyk/Epidemic_2.sid	1	125	auto
MUSICIANS/B/Bzyk/Euforia_1.sid	1	125	auto
MUSICIANS/B/Bzyk/Exclusive.sid	1	124	auto
MUSICIANS/B/Bzyk/Experience.sid	1	150	auto
MUSICIANS/B/Bzyk/Expresive.sid	1	100	auto
MUSICIANS/B/Bzyk/Fable.sid	1	150	auto
MUSICIANS/B/Bzyk/Fallout.sid	1	150	auto
MUSICIANS/B/Bzyk/Fast_Death.sid	1	107	auto
MUSICIANS/B/Bzyk/For_Friends.sid	1	94	auto
MUSICIANS/B/Bzyk/For_Kheela.sid	1	150	auto
MUSICIANS/B/Bzyk/For_Ramos.sid	1	150	auto
MUSICIANS/B/Bzyk/For_Wisnia.sid	1	150	auto
MUSICIANS/B/Bzyk/Foresee.sid	1	125	auto
MUSICIANS/B/Bzyk/Friendship.sid	1	93	auto
MUSICIANS/B/Bzyk/Fucker.sid	1	151	auto
MUSICIANS/B/Bzyk/Good_World.sid	1	107	auto
MUSICIANS/B/Bzyk/Happy.sid	1	94	auto
MUSICIANS/B/Bzyk/Harbinger.sid	1	124	auto
MUSICIANS/B/Bzyk/Hard_Motive.sid	1	125	auto
MUSICIANS/B/Bzyk/Heaviness.sid	1	125	auto
MUSICIANS/B/Bzyk/Help.sid	1	83	auto
MUSICIANS/B/Bzyk/Humiliate.sid	1	125	auto
MUSICIANS/B/Bzyk/I_Dreamt.sid	1	125	auto
MUSICIANS/B/Bzyk/I_Love_Affair.sid	1	125	auto
MUSICIANS/B/Bzyk/Idiotism.sid	1	125	auto
MUSICIANS/B/Bzyk/Implication.sid	1	124	auto
MUSICIANS/B/Bzyk/Improvisation.sid	1	151	auto
MUSICIANS/B/Bzyk/Impunity.sid	1	125	auto
MUSICIANS/B/Bzyk/In_the_House.sid	1	125	auto
MUSICIANS/B/Bzyk/Incident.sid	1	107	auto
MUSICIANS/B/Bzyk/Industrial.sid	1	150	auto
MUSICIANS/B/Bzyk/Infection_1.sid	1	150	auto
MUSICIANS/B/Bzyk/Infection_2.sid	1	124	auto
MUSICIANS/B/Bzyk/Innocent.sid	1	125	auto
MUSICIANS/B/Bzyk/Intro_Zak_1.sid	1	125	auto
MUSICIANS/B/Bzyk/Intro_Zak_3.sid	1	94	auto
MUSICIANS/B/Bzyk/Introduction.sid	1	151	auto
MUSICIANS/B/Bzyk/Intrologue.sid	1	125	auto
MUSICIANS/B/Bzyk/Introway.sid	1	150	auto
MUSICIANS/B/Bzyk/Inverse_05.sid	1	150	auto
MUSICIANS/B/Bzyk/Inverse_07.sid	1	83	auto
MUSICIANS/B/Bzyk/Inverse_Zak.sid	1	150	auto
MUSICIANS/B/Bzyk/Isolation.sid	1	150	auto
MUSICIANS/B/Bzyk/Janson.sid	1	125	auto
MUSICIANS/B/Bzyk/Jazz_and_Blues.sid	1	83	auto
MUSICIANS/B/Bzyk/Jazzers.sid	1	124	auto
MUSICIANS/B/Bzyk/Jazzgo.sid	1	125	auto
MUSICIANS/B/Bzyk/Jazzik.sid	1	125	auto
MUSICIANS/B/Bzyk/Jingle_Bells.sid	1	107	auto
MUSICIANS/B/Bzyk/Kankan_Mix.sid	1	125	auto
MUSICIANS/B/Bzyk/Kaszana.sid	1	75	auto
MUSICIANS/B/Bzyk/Kingpin.sid	1	124	auto
MUSICIANS/B/Bzyk/Lazy_Jones.sid	1	125	auto
MUSICIANS/B/Bzyk/Life_Is_Brutal_01.sid	1	150	auto
MUSICIANS/B/Bzyk/Life_Is_Brutal_02.sid	1	150	auto
MUSICIANS/B/Bzyk/Little.sid	1	125	auto
MUSICIANS/B/Bzyk/Loader_Zak.sid	1	94	auto
MUSICIANS/B/Bzyk/Lovely_Time.sid	1	125	auto
MUSICIANS/B/Bzyk/MLS.sid	1	125	auto
MUSICIANS/B/Bzyk/Master.sid	1	150	auto
MUSICIANS/B/Bzyk/Medytacja_1.sid	1	91	auto
MUSICIANS/B/Bzyk/Medytacja_2.sid	1	151	auto
MUSICIANS/B/Bzyk/Mekka_2K_plus_1.sid	1	84	auto
MUSICIANS/B/Bzyk/Melancholy.sid	1	150	auto
MUSICIANS/B/Bzyk/Mellow.sid	1	151	auto
MUSICIANS/B/Bzyk/Millenium.sid	1	125	auto
MUSICIANS/B/Bzyk/Moozica.sid	1	150	auto
MUSICIANS/B/Bzyk/Morning.sid	1	94	auto
MUSICIANS/B/Bzyk/Musique_2.sid	1	125	auto
MUSICIANS/B/Bzyk/Musique_3.sid	1	124	auto
MUSICIANS/B/Bzyk/Muzak_Jazz.sid	1	151	auto
MUSICIANS/B/Bzyk/My_Dream.sid	1	125	auto
MUSICIANS/B/Bzyk/My_Music.sid	1	125	auto
MUSICIANS/B/Bzyk/Negative.sid	1	100	auto
MUSICIANS/B/Bzyk/New_Year_1999.sid	1	83	auto
MUSICIANS/B/Bzyk/Newspress.sid	1	94	auto
MUSICIANS/B/Bzyk/Nightmare_Part_02.sid	1	150	auto
MUSICIANS/B/Bzyk/No_Bonus.sid	1	150	auto
MUSICIANS/B/Bzyk/No_Correct.sid	1	125	auto
MUSICIANS/B/Bzyk/No_Special.sid	1	125	auto
MUSICIANS/B/Bzyk/Nonsense.sid	1	151	auto
MUSICIANS/B/Bzyk/Note_Music_1.sid	1	125	auto
MUSICIANS/B/Bzyk/Note_Music_2.sid	1	107	auto
MUSICIANS/B/Bzyk/Nudy_1.sid	1	100	auto
MUSICIANS/B/Bzyk/Number.sid	1	124	auto
MUSICIANS/B/Bzyk/Old_Skool.sid	1	125	auto
MUSICIANS/B/Bzyk/Old_Style.sid	1	150	auto
MUSICIANS/B/Bzyk/Oszustwo.sid	1	77	auto
MUSICIANS/B/Bzyk/Other_Motive.sid	1	94	auto
MUSICIANS/B/Bzyk/Overdrive.sid	1	125	auto
MUSICIANS/B/Bzyk/Overhours.sid	1	94	auto
MUSICIANS/B/Bzyk/Oxygene.sid	1	125	auto
MUSICIANS/B/Bzyk/Pain.sid	1	150	auto
MUSICIANS/B/Bzyk/People.sid	1	100	auto
MUSICIANS/B/Bzyk/Perfect.sid	1	151	auto
MUSICIANS/B/Bzyk/Pessimism.sid	1	150	auto
MUSICIANS/B/Bzyk/Phobia.sid	1	107	auto
MUSICIANS/B/Bzyk/Pigsty.sid	1	83	auto
MUSICIANS/B/Bzyk/Plan.sid	1	107	auto
MUSICIANS/B/Bzyk/Pleasure.sid	1	94	auto
MUSICIANS/B/Bzyk/Power_2.sid	1	75	auto
MUSICIANS/B/Bzyk/Premium.sid	1	150	auto
MUSICIANS/B/Bzyk/Prevail.sid	1	125	auto
MUSICIANS/B/Bzyk/Prodigy_4ever.sid	1	150	auto
MUSICIANS/B/Bzyk/Prodigy_Cover.sid	1	75	auto
MUSICIANS/B/Bzyk/Prodigy_Kixx.sid	1	151	auto
MUSICIANS/B/Bzyk/Progressive_1.sid	1	151	auto
MUSICIANS/B/Bzyk/Progressive_2.sid	1	75	auto
MUSICIANS/B/Bzyk/Psychodrom.sid	1	124	auto
MUSICIANS/B/Bzyk/Psychomania.sid	1	125	auto
MUSICIANS/B/Bzyk/Psychoza.sid	1	150	auto
MUSICIANS/B/Bzyk/Psychoza_2.sid	1	150	auto
MUSICIANS/B/Bzyk/Quake.sid	1	151	auto
MUSICIANS/B/Bzyk/Quantum_Mutatus.sid	1	151	auto
MUSICIANS/B/Bzyk/Quatro_Shit.sid	1	125	auto
MUSICIANS/B/Bzyk/Real_Jazz.sid	1	83	auto
MUSICIANS/B/Bzyk/Really.sid	1	124	auto
MUSICIANS/B/Bzyk/Red_Panther.sid	1	125	auto
MUSICIANS/B/Bzyk/Remorse.sid	1	107	auto
MUSICIANS/B/Bzyk/Remove.sid	1	124	auto
MUSICIANS/B/Bzyk/Request.sid	1	150	auto
MUSICIANS/B/Bzyk/Resident_Evil.sid	1	75	auto
MUSICIANS/B/Bzyk/Rival.sid	1	125	auto
MUSICIANS/B/Bzyk/Robert_Miles.sid	1	151	auto
MUSICIANS/B/Bzyk/Rock_and_Roll.sid	1	150	auto
MUSICIANS/B/Bzyk/Roolz_1.sid	1	100	auto
MUSICIANS/B/Bzyk/Scream.sid	1	75	auto
MUSICIANS/B/Bzyk/Shit.sid	1	125	auto
MUSICIANS/B/Bzyk/Short_Zax.sid	1	150	auto
MUSICIANS/B/Bzyk/Silence.sid	1	94	auto
MUSICIANS/B/Bzyk/Sinister.sid	1	94	auto
MUSICIANS/B/Bzyk/Sinister_no_6.sid	1	125	auto
MUSICIANS/B/Bzyk/Skyhigh.sid	1	124	auto
MUSICIANS/B/Bzyk/Slow_Zak.sid	1	125	auto
MUSICIANS/B/Bzyk/Small_Defeat.sid	1	83	auto
MUSICIANS/B/Bzyk/Snickers.sid	1	150	auto
MUSICIANS/B/Bzyk/Sommer.sid	1	151	auto
MUSICIANS/B/Bzyk/Space_Rave_1.sid	1	150	auto
MUSICIANS/B/Bzyk/Space_Rave_2.sid	1	94	auto
MUSICIANS/B/Bzyk/Speculate.sid	1	125	auto
MUSICIANS/B/Bzyk/Sting_Cover.sid	1	125	auto
MUSICIANS/B/Bzyk/Sting_Remix.sid	1	125	auto
MUSICIANS/B/Bzyk/Sto_Lat.sid	1	124	auto
MUSICIANS/B/Bzyk/Suffering.sid	1	125	auto
MUSICIANS/B/Bzyk/Suggestion.sid	1	125	auto
MUSICIANS/B/Bzyk/Sultriness.sid	1	75	auto
MUSICIANS/B/Bzyk/Support.sid	1	125	auto
MUSICIANS/B/Bzyk/Survival.sid	1	75	auto
MUSICIANS/B/Bzyk/Suspect.sid	1	150	auto
MUSICIANS/B/Bzyk/Suxx_1.sid	1	124	auto
MUSICIANS/B/Bzyk/Sweet_Zak.sid	1	83	auto
MUSICIANS/B/Bzyk/Swindler.sid	1	125	auto
MUSICIANS/B/Bzyk/Symphony_2.sid	1	125	auto
MUSICIANS/B/Bzyk/Takizak_1.sid	1	94	auto
MUSICIANS/B/Bzyk/Takizak_2.sid	1	94	auto
MUSICIANS/B/Bzyk/Tractor.sid	1	124	auto
MUSICIANS/B/Bzyk/Trance.sid	1	150	auto
MUSICIANS/B/Bzyk/Transpose.sid	1	124	auto
MUSICIANS/B/Bzyk/Trifle.sid	1	124	auto
MUSICIANS/B/Bzyk/Tunnel_B1.sid	1	94	auto
MUSICIANS/B/Bzyk/Unjust_4_Adwarp.sid	1	94	auto
MUSICIANS/B/Bzyk/Unreal.sid	1	94	auto
MUSICIANS/B/Bzyk/Utopia.sid	1	125	auto
MUSICIANS/B/Bzyk/Vegetative.sid	1	150	auto
MUSICIANS/B/Bzyk/Very_Lame.sid	1	94	auto
MUSICIANS/B/Bzyk/Very_Nice.sid	1	150	auto
MUSICIANS/B/Bzyk/Very_Slow.sid	1	125	auto
MUSICIANS/B/Bzyk/Viadro_Rave.sid	1	125	auto
MUSICIANS/B/Bzyk/Vibrations.sid	1	125	auto
MUSICIANS/B/Bzyk/Violence_Suxx.sid	1	150	auto
MUSICIANS/B/Bzyk/Virtual.sid	1	150	auto
MUSICIANS/B/Bzyk/Vision.sid	1	124	auto
MUSICIANS/B/Bzyk/Wakacje.sid	1	100	auto
MUSICIANS/B/Bzyk/Wonderful.sid	1	124	auto
MUSICIANS/B/Bzyk/Woow_2.sid	1	94	auto
MUSICIANS/B/Bzyk/Youthful.sid	1	151	auto
MUSICIANS/B/Bzyk/Zappologia_for_Sapper.sid	1	94	auto
